run,split,seed_index,transformer_draw_peak_kw,transformer_export_peak_kw,reverse_flow_share,losses_share,voltage_p99_pu,over_voltage_share,coincidence_factor,peak_to_average,max_ramp_kw,flex_synchrony,community_settlement_chf,curtailed_share,self_consumption_share,cost_per_kwh_spread_chf,tenant_cost_per_kwh_chf,pv_only_cost_per_kwh_chf,pv_battery_cost_per_kwh_chf,large_flex_cost_per_kwh_chf,owner_cost_per_kwh_chf,tenant_import_share,valid_share,projection_mae_kw
fair_leg,validation,0,9.313583374023438,54.869651794433594,0.4538690447807312,0.06210913509130478,1.0709128379821777,0.04432957246899605,0.7206472158432007,3.4720160961151123,9.06515121459961,0.7289032340049744,217.5500030517578,2.9625357456097845e-06,0.31834262872643504,236.48269679460822,0.22367967611165446,0.07873132873205436,-236.25901711849656,-0.39118941325476975,-1.0816300972531405,0.5744374990463257,1.0,1.4243322077334142e-08
fair_leg,validation,1,11.265754699707031,55.3288459777832,0.4538690447807312,0.05558989942073822,1.0742322206497192,0.03688909858465195,0.7226750254631042,3.404343605041504,12.54415512084961,0.6868581771850586,207.42254638671875,0.004495234694331884,0.3123367121697419,2.0388451741690448,0.22282654046133832,-0.5438445372186861,-1.8160186337077067,-0.8170186709157615,-0.956061518462611,0.5551574230194092,1.0,1.1517956366446924e-08
fair_leg,validation,2,8.357048034667969,63.91143798828125,0.4583333432674408,0.07267779856920242,1.0860764980316162,0.06508458405733109,0.7175585031509399,3.4761831760406494,13.731956481933594,0.7810922861099243,313.8447265625,0.005979200359433889,0.3063645665152852,7.005576810716677,0.2234496116943148,-0.6170595528584818,-6.782127199022362,-2.4001559680607842,-2.2855667211418815,0.6870425343513489,1.0,1.3657087905016851e-08
fair_leg,validation,3,10.8795166015625,65.89698791503906,0.4613095223903656,0.06990781426429749,1.0802587270736694,0.06688596308231354,0.7821764349937439,3.3975706100463867,7.249355316162109,0.7046463489532471,315.7178955078125,0.00040239832014776766,0.2770586491071071,9.700101014073825,0.2240567850015396,-0.5090934648043264,-9.476044229072285,-0.6905521966664736,-1.620538973046413,0.6057490110397339,1.0,1.3813694188513637e-08
fair_leg,validation,4,8.304595947265625,65.35292053222656,0.4613095223903656,0.07082883268594742,1.0731757879257202,0.06649436056613922,0.735454261302948,3.5014700889587402,8.854389190673828,0.6798648834228516,314.7493896484375,0.0014927437296137214,0.28289329941077357,16.418160997608528,0.22395144623820026,-0.465620786887417,-16.194209551370328,-1.5246875343250839,-2.060781893301337,0.6634195446968079,1.0,1.3429511724893928e-08
fair_leg,validation,5,7.798671722412109,64.9862289428711,0.4613095223903656,0.068800188601017,1.0711778402328491,0.06359649449586868,0.7886191606521606,3.658446788787842,7.977485656738281,0.7714499831199646,307.93035888671875,0.004457427188754082,0.2998382391310559,31.904330060138705,0.22242546683370676,-0.6843121650140901,-31.681904593305,-3.2110003699852507,-2.7710168103356034,0.7261978983879089,1.0,1.3738856274869704e-08
fair_leg,validation,6,6.5174102783203125,74.84149932861328,0.46875,0.09761827439069748,1.1064611673355103,0.11763784289360046,0.8064528107643127,3.3988900184631348,12.939453125,0.729735255241394,444.4566955566406,0.0014676327118650079,0.25153547734935644,193909651.8247596,0.2227699240338291,-0.1929455494980417,-193909651.6019897,-6.71232475185165,-4.250899753042713,0.7505674958229065,1.0,1.5564673105927795e-08
fair_leg,validation,7,12.586116790771484,66.27559661865234,0.4583333432674408,0.06901330500841141,1.0778279304504395,0.06069862097501755,0.8366031646728516,3.8467018604278564,9.138107299804688,0.6557057499885559,261.5604248046875,0.00012226327089592814,0.29460342372191706,7.266917920761432,0.2223273162370774,-0.0724935644532132,-7.0445906045243545,-0.48700561629455463,-1.1434206027463174,0.5521478056907654,1.0,1.2857829467805004e-08
export_30kw_0.05,validation,0,8.34798812866211,51.40256881713867,0.4538690447807312,0.05672469735145569,1.0645365715026855,0.03446115180850029,0.6820122599601746,3.3465375900268555,10.967254638671875,0.6961769461631775,218.7686767578125,0.00042298968764953315,0.335306414259098,223.10431262087948,0.18788797605436708,0.05042273580711245,-222.91642464482513,-0.557170234872031,-1.2926955236804394,0.6270813941955566,1.0,1.3178953928161263e-08
export_30kw_0.05,validation,1,9.319305419921875,51.61142349243164,0.455357164144516,0.050920695066452026,1.0678529739379883,0.03125,0.6729258298873901,3.24536395072937,11.618614196777344,0.655188798904419,206.8340606689453,0.0048973714001476765,0.3307360127591955,2.57265629648649,0.18941989179020613,-0.514035662812949,-2.3832364046962837,-0.9734019572996822,-1.084401879116851,0.5972897410392761,1.0,1.2384603564896679e-08
export_30kw_0.05,validation,2,7.328510284423828,60.465335845947266,0.4598214328289032,0.06792754679918289,1.0756895542144775,0.05435463786125183,0.697734534740448,3.346302032470703,17.951011657714844,0.7593096494674683,314.1133728027344,0.006263153627514839,0.31853576562316765,12.40189906214687,0.14368580481499368,-0.5728499771903313,-12.258213257331876,-3.5810590343623567,-2.703094567670972,0.7375150322914124,1.0,1.541994798515134e-08
export_30kw_0.05,validation,3,8.216381072998047,61.40756607055664,0.4613095223903656,0.06417723000049591,1.0691187381744385,0.05560776963829994,0.7404592037200928,3.280303478240967,8.271217346191406,0.6708626747131348,314.28125,0.001362438895739615,0.2941046047140231,11.249638479253631,0.13686759520472574,-0.4871986645313594,-11.112770884048906,-0.9266802770023206,-1.8402657178553867,0.6562948822975159,1.0,1.3665864884160328e-08
export_30kw_0.05,validation,4,6.881237030029297,60.69135665893555,0.4627976417541504,0.06549602746963501,1.0673635005950928,0.05733082816004753,0.6717008352279663,3.298369884490967,9.791374206542969,0.7009299993515015,314.6212463378906,0.0032602851279079914,0.29565093219187866,26.993251564628558,0.1414409863504479,-0.44000643476688595,-26.85181057827811,-2.270518676643866,-2.420899786828649,0.715485692024231,1.0,1.4043002316554976e-08
export_30kw_0.05,validation,5,5.804538726806641,61.45668029785156,0.4627976417541504,0.06234798952937126,1.0647075176239014,0.05083020031452179,0.7409569621086121,3.514744520187378,15.694141387939453,0.7056365609169006,306.84490966796875,0.005408786237239838,0.3119107177431739,124218922.98034762,0.14894477701418765,-0.6146565381579826,-124218922.83140284,-9.617287322125174,-3.4335785625939277,0.7800096273422241,1.0,1.228828416799388e-08
export_30kw_0.05,validation,6,6.5174102783203125,71.5537109375,0.46875,0.09570841491222382,1.097967267036438,0.11583646386861801,0.7562903761863708,3.2514805793762207,19.99807357788086,0.7664890289306641,442.6480407714844,0.004645674955099821,0.2552262567818454,172018146.2041667,0.07801537183585608,-0.26816187604210034,-172018146.12615135,-11.498466667236285,-4.348876363246626,0.7749298810958862,1.0,1.4958574823253912e-08
export_30kw_0.05,validation,7,9.091377258300781,64.4521713256836,0.4583333432674408,0.0634511187672615,1.0698628425598145,0.0491071417927742,0.8059223890304565,3.8020195960998535,11.523723602294922,0.6189201474189758,260.2347412109375,0.004093623720109463,0.3158283595468687,7.420892794848749,0.16315858146608866,-0.10817816851987487,-7.25773421338266,-0.6715600092278405,-1.3371871189880864,0.6072923541069031,1.0,1.3486102901083541e-08
export_30kw_0.15,validation,0,8.198261260986328,48.96688461303711,0.4538690447807312,0.05594230815768242,1.0633023977279663,0.03305137902498245,0.6324785947799683,3.1786954402923584,13.190746307373047,0.6950238347053528,218.91571044921875,0.001069545280188322,0.33783343863185866,196.48715584686497,0.12203753618949073,-5.9641408057452825e-05,-196.36511831067548,-0.5741923579309678,-1.2281814639736062,0.6358779668807983,1.0,1.3508796747885299e-08
export_30kw_0.15,validation,1,8.758068084716797,49.04747009277344,0.455357164144516,0.05035980045795441,1.0667208433151245,0.03101503662765026,0.6413035988807678,3.172130584716797,11.107444763183594,0.6626518368721008,206.24302673339844,0.0056144362315535545,0.3340282468828173,2.6255852566532645,0.12738262525604951,-0.45625522729888024,-2.498202631397215,-0.8621904291098086,-1.0160421721524695,0.6034964919090271,1.0,1.2542596294906616e-08
export_30kw_0.15,validation,2,7.289886474609375,57.56425857543945,0.4598214328289032,0.06725450605154037,1.0745532512664795,0.0550595223903656,0.6512377858161926,3.175994634628296,13.48114013671875,0.7553243637084961,313.8766174316406,0.00710724713280797,0.3197440642485173,11.090939028755152,-0.017138443749621347,-0.4785794797235187,-11.108077472504773,-3.120937555558794,-2.3227763007638402,0.7436741590499878,1.0,1.418003314768157e-08
export_30kw_0.15,validation,3,8.21542739868164,58.55369567871094,0.4613095223903656,0.06357424706220627,1.068324327468872,0.05302318185567856,0.6968914866447449,3.1348884105682373,13.56363296508789,0.6873883008956909,313.7900390625,0.002578704385086894,0.29752762000670574,9.597593442162944,-0.035063049281194636,-0.44193495367505975,-9.63265649144414,-0.9285643732600853,-1.6041801036276353,0.6698837876319885,1.0,1.4654471414132786e-08
export_30kw_0.15,validation,4,6.882667541503906,61.57207489013672,0.4627976417541504,0.06496100127696991,1.0666005611419678,0.057644110172986984,0.6693904995918274,3.348660945892334,11.687755584716797,0.7089309096336365,313.220947265625,0.004410340916365385,0.2993320843694601,24.070207495898277,-0.01990077584470902,-0.38802930932529983,-24.090108271742984,-2.032369197598181,-2.1033902045028454,0.7250396609306335,1.0,1.3470165427520442e-08
export_30kw_0.15,validation,5,5.806922912597656,62.03889846801758,0.4627976417541504,0.06161429360508919,1.0640751123428345,0.04816729202866554,0.7516860961914062,3.6079370975494385,19.103050231933594,0.7465609312057495,305.1360168457031,0.006696859374642372,0.31439595210816185,108456239.11628798,0.0017448625834222487,-0.47581693471037506,-108456239.11454311,-9.291809275407804,-2.9462420888576624,0.7829774022102356,1.0,1.2698509799236035e-08
export_30kw_0.15,validation,6,6.516933441162109,74.62454223632812,0.46875,0.09527315199375153,1.0975322723388672,0.11481829732656479,0.8011539578437805,3.4553325176239014,14.06717300415039,0.7761934995651245,440.6399841308594,0.007515124045312405,0.25610998667457596,128512693.36743025,-0.20940480379674803,-0.4151444434973145,-128512693.57683505,-8.3795812038796,-3.3652013602631663,0.77619868516922,1.0,1.4892052035975212e-08
export_30kw_0.15,validation,7,9.084224700927734,62.01744079589844,0.4583333432674408,0.06261046975851059,1.068520188331604,0.046992480754852295,0.7859697341918945,3.715343475341797,12.887001037597656,0.6574021577835083,259.5828552246094,0.005183225031942129,0.3234357624508206,6.4222000534177575,0.05233864302629957,-0.17403901931380136,-6.369861410391458,-0.7218748917618079,-1.284875392511218,0.6307700872421265,1.0,1.3131313814085388e-08
export_30kw_0.3,validation,0,8.198261260986328,35.8729362487793,0.4538690447807312,0.03528329357504845,1.048816204071045,0.006970551330596209,0.859924852848053,2.764045000076294,8.666038513183594,0.5324836373329163,150.0592498779297,0.1335023045539856,0.3894666634379994,185.77036114816977,0.21047840217675787,0.07354127032868696,-185.559882745993,-0.42285119453339737,-1.0633560721884183,0.6358779668807983,1.0,6.900841675872016e-09
export_30kw_0.3,validation,1,8.75711441040039,34.53826904296875,0.455357164144516,0.028300926089286804,1.047550916671753,0.005639097653329372,0.7997596859931946,2.6492037773132324,5.370140075683594,0.5089800357818604,125.4678726196289,0.16375398635864258,0.3971951514891503,2.2764492960752314,0.21898581772631548,-0.4036764238671081,-2.057463478348916,-0.6774228591251512,-0.8334670414183223,0.6034964919090271,1.0,6.407693486920607e-09
export_30kw_0.3,validation,2,7.291316986083984,39.32809829711914,0.4598214328289032,0.04071676731109619,1.0522233247756958,0.014567669481039047,0.8879890441894531,2.71602201461792,6.604671478271484,0.5856767296791077,211.87657165527344,0.17029263079166412,0.38263107869221025,9.99278476302613,0.1518836431388145,-0.37039175380968276,-9.840901119887315,-2.8405317322685475,-2.04216961615156,0.7436741590499878,1.0,6.707277844242299e-09
export_30kw_0.3,validation,3,8.216381072998047,38.16032409667969,0.4613095223903656,0.03749782592058182,1.0497404336929321,0.009711779654026031,0.8544246554374695,2.580315351486206,6.4487457275390625,0.5217354893684387,202.6754150390625,0.1826261579990387,0.36308469542404953,9.02670834495485,0.1602672199943072,-0.37651024092700963,-8.866441124960543,-0.7347338231303372,-1.4078449372432404,0.6699680685997009,1.0,6.316917211535156e-09
export_30kw_0.3,validation,4,6.882190704345703,40.11678695678711,0.4627976417541504,0.039073675870895386,1.049072504043579,0.008771929889917374,0.8672583699226379,2.7070209980010986,13.441085815429688,0.571890652179718,204.50343322753906,0.17967860400676727,0.3677419051950451,20.922314424509228,0.15486148196320568,-0.32153538152540856,-20.767452942546022,-1.783307638144917,-1.8159277993702516,0.7250396609306335,1.0,6.3891567592122556e-09
export_30kw_0.3,validation,5,5.806446075439453,38.475990295410156,0.4627976417541504,0.03784133121371269,1.0473805665969849,0.006109022535383701,0.8674343824386597,2.8030481338500977,7.448673248291016,0.5645961761474609,208.9523468017578,0.16818402707576752,0.3754321281841576,92561112.95016025,0.15736745145193506,-0.4484587040050274,-92561112.7927928,-8.194707265402421,-2.5809827965686933,0.7829774022102356,1.0,7.243619926100564e-09
export_30kw_0.3,validation,6,6.516933441162109,40.78960418701172,0.46875,0.052640218287706375,1.0579215288162231,0.030075188726186752,0.8836764693260193,2.430241107940674,7.731914520263672,0.5671888589859009,270.71636962890625,0.23875826597213745,0.3339088688323488,106476335.3933043,0.035749400283197216,-0.18869170054715287,-106476335.3575549,-6.821564810214843,-2.637666572306273,0.77619868516922,1.0,6.465799895494229e-09
export_30kw_0.3,validation,7,9.083747863769531,34.74903106689453,0.4583333432674408,0.03214529529213905,1.0467514991760254,0.004151002503931522,0.8232759237289429,2.742220163345337,6.084918975830078,0.5034195184707642,148.50482177734375,0.20093271136283875,0.4028287219599903,5.827488578757056,0.21416549584237402,-0.0675429666650581,-5.6133230829146825,-0.5326732081325848,-1.0497803834514425,0.6307700872421265,1.0,6.479009329041219e-09
export_45kw_0.05,validation,0,8.198261260986328,48.96688461303711,0.4538690447807312,0.05594230815768242,1.0633023977279663,0.03305137902498245,0.6324785947799683,3.1786954402923584,13.190746307373047,0.6950238347053528,218.91575622558594,0.001069545280188322,0.33783343863185866,235.82316734406322,0.2232311411529913,0.07842519555237154,-235.59993620291024,-0.6285887473126451,-1.4048991375875843,0.6358779668807983,1.0,1.3508796747885299e-08
export_45kw_0.05,validation,1,8.758068084716797,49.04747009277344,0.455357164144516,0.05035980045795441,1.0667208433151245,0.03101503662765026,0.6413035988807678,3.172130584716797,11.107444763183594,0.6626518368721008,206.24298095703125,0.0056144362315535545,0.3340282468828173,2.8633780273553042,0.2220138719929868,-0.5432450355720746,-2.6413641553623175,-1.0575036902184785,-1.1600750679301752,0.6034964919090271,1.0,1.2542596294906616e-08
export_45kw_0.05,validation,2,7.289886474609375,57.56425857543945,0.4598214328289032,0.06725450605154037,1.0745532512664795,0.0550595223903656,0.6512377858161926,3.175994634628296,13.48114013671875,0.7553243637084961,313.8766784667969,0.00710724713280797,0.3197440642485173,13.71684331412715,0.2058666525885747,-0.6078838820435879,-13.510976661538574,-4.313683566255228,-2.9697775305985243,0.7436741590499878,1.0,1.418003314768157e-08
export_45kw_0.05,validation,3,8.21542739868164,58.55369567871094,0.4613095223903656,0.06357424706220627,1.068324327468872,0.05302318185567856,0.6968914866447449,3.1348884105682373,13.56363296508789,0.6873883008956909,313.7899475097656,0.002578704385086894,0.29752762000670574,13.676467952636202,0.20357822912405268,-0.5046631231724411,-13.472889723512148,-1.0707752371109076,-2.0884395821688644,0.6698837876319885,1.0,1.4654471414132786e-08
export_45kw_0.05,validation,4,6.882667541503906,61.57207489013672,0.4627976417541504,0.06496100127696991,1.0666005611419678,0.057644110172986984,0.6693904995918274,3.348660945892334,11.687755584716797,0.7089309096336365,313.22100830078125,0.004410340916365385,0.2993320843694601,30.378441291703844,0.20517184135446584,-0.46048395245305973,-30.173269450349377,-2.775656098831279,-2.6968821032729973,0.7250396609306335,1.0,1.3470165427520442e-08
export_45kw_0.05,validation,5,5.806922912597656,62.03889846801758,0.4627976417541504,0.06161429360508919,1.0640751123428345,0.04816729202866554,0.7516860961914062,3.6079370975494385,19.103050231933594,0.7465609312057495,305.1360168457031,0.006696859374642372,0.31439595210816185,129229053.24303482,0.20828579911440062,-0.6727345488973248,-129229053.03474903,-11.868133473664845,-3.6914038121675863,0.7829774022102356,1.0,1.2698509799236035e-08
export_45kw_0.05,validation,6,6.516933441162109,74.62454223632812,0.46875,0.09527315199375153,1.0975322723388672,0.11481829732656479,0.8011539578437805,3.4553325176239014,14.06717300415039,0.7761934995651245,440.6401062011719,0.007515124045312405,0.25610998667457596,180608802.4245505,0.13983050570499989,-0.24223133114175693,-180608802.28472,-12.781440893388497,-4.576436594490883,0.77619868516922,1.0,1.4892052035975212e-08
export_45kw_0.05,validation,7,9.084224700927734,62.01744079589844,0.4583333432674408,0.06261046975851059,1.068520188331604,0.046992480754852295,0.7859697341918945,3.715343475341797,12.887001037597656,0.6574021577835083,259.5829162597656,0.005183225031942129,0.3234357624508206,8.403842301147789,0.21169438335060706,-0.07614301026047693,-8.19214791779718,-0.8478943346687031,-1.5571091217200257,0.6307700872421265,1.0,1.3131313814085388e-08
export_45kw_0.15,validation,0,8.19540023803711,48.892974853515625,0.4538690447807312,0.05677766352891922,1.0639280080795288,0.04119674116373062,0.6517682671546936,3.202721118927002,11.198043823242188,0.6788991689682007,219.31039428710938,0.0008051244658418,0.3385951326886234,124.24803486567977,0.22219206825218432,0.07762806501577711,-124.02584279742759,-0.6561475069469894,-1.4265835981161938,0.6394144892692566,1.0,1.2895768897180915e-08
export_45kw_0.15,validation,1,8.756637573242188,46.9818115234375,0.455357164144516,0.04957500845193863,1.0659010410308838,0.030075188726186752,0.6212576627731323,3.036386251449585,8.160591125488281,0.635753333568573,206.6546173095703,0.00508529506623745,0.33678359140656666,3.228547713549331,0.22197216953187418,-0.5428493573280319,-3.0065755440174566,-1.1016056046642289,-1.208315005985387,0.6128811836242676,1.0,1.2026118767494154e-08
export_45kw_0.15,validation,2,9.236812591552734,60.011863708496094,0.4583333432674408,0.06833192706108093,1.0748391151428223,0.06022869795560837,0.6811382174491882,3.2797017097473145,12.973785400390625,0.7250812649726868,314.0325622558594,0.0065261670388281345,0.3160920851878535,9.250434293399854,0.17196003056896533,-0.590341230483511,-9.07847426283089,-3.2108022149786337,-2.5637147778625735,0.7213964462280273,1.0,1.2780854596883273e-08
export_45kw_0.15,validation,3,8.216381072998047,59.746742248535156,0.4613095223903656,0.06464224308729172,1.0691838264465332,0.05983709171414375,0.6953235268592834,3.1370534896850586,12.639522552490234,0.6380137205123901,314.6961975097656,0.0023617392871528864,0.30007355239885747,17.058555500641354,0.16599356489642772,-0.48876046845447285,-16.892561935744926,-1.1379613378157643,-2.134719208309249,0.6823035478591919,1.0,1.3922718089531827e-08
export_45kw_0.15,validation,4,6.771564483642578,63.30728530883789,0.4627976417541504,0.06633251905441284,1.0700551271438599,0.06500626355409622,0.6879794597625732,3.4387965202331543,14.774799346923828,0.6848120093345642,312.6683654785156,0.004325555171817541,0.303365726780205,83.30393555463668,0.17260172959752335,-0.446177489432212,-83.13133382503916,-2.8893069949452763,-2.7667455150698377,0.736721396446228,1.0,1.2457536335830355e-08
export_45kw_0.15,validation,5,5.80596923828125,60.088157653808594,0.4657738208770752,0.06246776506304741,1.0665634870529175,0.05427631363272667,0.7219720482826233,3.4867911338806152,12.392044067382812,0.6492347717285156,305.7641296386719,0.005868570879101753,0.31562830290385013,124.59179786056248,0.18302921620575793,-0.6470820196428851,-124.40876864435673,-34.70540736835177,-3.828895630914524,0.7929807901382446,1.0,1.0928257410114384e-08
export_45kw_0.15,validation,6,6.206512451171875,72.61323547363281,0.46875,0.09612433612346649,1.0960018634796143,0.1175595223903656,0.7729660868644714,3.358720541000366,17.661094665527344,0.7170061469078064,441.0151062011719,0.007408959325402975,0.25650815811337324,2118.2285054944687,-0.03745411281007836,-0.3388986072659693,-2118.2659596072785,-12.470108009587149,-4.051536439009585,0.7799245715141296,1.0,1.3912685226102894e-08
export_45kw_0.15,validation,7,8.121490478515625,60.81342697143555,0.4598214328289032,0.06287344545125961,1.067138671875,0.04965538904070854,0.784899890422821,3.6875877380371094,11.380672454833984,0.5830652117729187,259.6994323730469,0.00671602925285697,0.32376901457503215,9.33839995675899,0.19045562519713696,-0.0784536974507125,-9.147944331561852,-0.8236332559515154,-1.5372564067261492,0.6331871747970581,1.0,1.2029987672690368e-08
export_45kw_0.3,validation,0,8.198261260986328,46.75102233886719,0.4538690447807312,0.05423342064023018,1.0617601871490479,0.030623434111475945,0.6886753439903259,3.057745933532715,13.809680938720703,0.6883399486541748,214.68153381347656,0.009213211014866829,0.34061028141951477,233.98270762691212,0.2228924609988097,0.0781585907368809,-233.7598151659133,-0.6062012562920402,-1.3846746526821894,0.6358779668807983,1.0,1.3449665381415343e-08
export_45kw_0.3,validation,1,8.75711441040039,49.04651641845703,0.455357164144516,0.04793894663453102,1.063813328742981,0.028352130204439163,0.7253488302230835,3.146348237991333,15.919685363769531,0.6413397192955017,199.92416381835938,0.017985258251428604,0.3382360536256729,2.832607425894585,0.22008101187634938,-0.5419476992170971,-2.6125264140182356,-1.0057417905011723,-1.1319438763025134,0.6034964919090271,1.0,1.2424332673788285e-08
export_45kw_0.3,validation,2,7.289886474609375,55.2525520324707,0.4598214328289032,0.0654236376285553,1.0714937448501587,0.05263157933950424,0.7085932493209839,3.079913854598999,17.609119415283203,0.7513719797134399,308.32574462890625,0.015987951308488846,0.32262981324828677,12.854479069913072,0.1413935796426974,-0.5695337538089627,-12.713085490270375,-3.8484442954780604,-2.740765081045333,0.7436741590499878,1.0,1.4120901781211614e-08
export_45kw_0.3,validation,3,8.215904235839844,56.36405944824219,0.4613095223903656,0.06175341084599495,1.066360354423523,0.04691416025161743,0.7538182139396667,3.049856662750244,11.609554290771484,0.6761285662651062,307.5895690917969,0.012625375762581825,0.3005549540965632,12.260457443939512,0.12922038453246637,-0.48302970735402123,-12.131237059407045,-0.9890516053193401,-1.9044467206320275,0.6698837876319885,1.0,1.4654471414132786e-08
export_45kw_0.3,validation,4,6.881237030029297,56.12039566040039,0.4627976417541504,0.06182654947042465,1.0641746520996094,0.05302318185567856,0.7183409333229065,3.132230758666992,11.492252349853516,0.6916524171829224,302.6590576171875,0.021352488547563553,0.30496386446080026,28.20808301282961,0.1512912317607151,-0.4409394416557405,-28.056791781068895,-2.482373818626237,-2.4821080621186886,0.7250396609306335,1.0,1.3470165427520442e-08
export_45kw_0.3,validation,5,5.80596923828125,57.40165710449219,0.4627976417541504,0.05922982841730118,1.0614498853683472,0.04511278122663498,0.7872129082679749,3.3310036659240723,12.898445129394531,0.7366250157356262,298.2586975097656,0.018243495374917984,0.3180936126464212,122670519.01858863,0.16144578760023953,-0.627966328838952,-122670518.85714285,-10.912118744267467,-3.456152104460525,0.7829774022102356,1.0,1.2550680494882727e-08
export_45kw_0.3,validation,6,6.518363952636719,66.68234252929688,0.46875,0.0909496396780014,1.0875413417816162,0.10784774273633957,0.8533779978752136,3.1405529975891113,10.630130767822266,0.7545111179351807,422.8712463378906,0.03169593587517738,0.2625057009481987,128491949.16280018,-0.16846530303009258,-0.413663996995539,-128491949.33126548,-8.226352473543317,-3.342201793527557,0.77619868516922,1.0,1.4892052035975212e-08
export_45kw_0.3,validation,7,9.084224700927734,57.27815628051758,0.4583333432674408,0.059000082314014435,1.064978837966919,0.040256891399621964,0.8361884951591492,3.4981167316436768,11.028289794921875,0.6439710855484009,249.11875915527344,0.023636000230908394,0.3295484891001986,7.887899757615062,0.1830928419924421,-0.08000066661126397,-7.70480691562262,-0.7814388974768579,-1.460057053571962,0.6307700872421265,1.0,1.3013050192967057e-08
fair_leg/default_base,test,0,8.78000259399414,54.09431457519531,0.4300595223903656,0.048713333904743195,1.0629675388336182,0.02749060094356537,0.7035273313522339,3.7174506187438965,9.868621826171875,0.5501906871795654,183.4376220703125,0.009115585125982761,0.3380349958965433,1.618459972882912,0.22223410237856422,-0.7897835284903302,-1.396225870504348,-1.079052128615246,-1.0797666674089572,0.613189160823822,1.0,8.602087930853486e-09
fair_leg/default_base,test,1,7.7362060546875,73.61650085449219,0.4360119104385376,0.08711039274930954,1.07951021194458,0.11356516182422638,0.8141586184501648,3.4682059288024902,14.829158782958984,0.5715749859809875,381.32305908203125,0.02130908891558647,0.25188892252179373,24.65491200213656,0.22299423616282127,-0.8123872177740122,-24.431917765973736,-0.7100511794090607,-1.9945069088247502,0.6068854331970215,1.0,1.0244548320770264e-08
fair_leg/default_base,test,2,11.174678802490234,61.36465072631836,0.4166666865348816,0.059311240911483765,1.0649579763412476,0.058114033192396164,0.7590539455413818,3.3743021488189697,14.58597183227539,0.5020971298217773,246.087890625,0.019077513366937637,0.281809828010697,7.171306872094609,0.22388377626620448,-0.640446444782306,-6.9474230958284044,-0.13979708823514284,-0.9315569222623923,0.5195087194442749,1.0,8.692343733684993e-09
fair_leg/default_base,test,3,6.728172302246094,59.73243713378906,0.4107142984867096,0.0836060419678688,1.091302752494812,0.07009711861610413,0.73277348279953,3.6596083641052246,17.357349395751953,0.6670850515365601,275.3130798339844,0.011499178595840931,0.3264223558246032,8.311761780239346,0.22383883147243713,-0.3120135020734586,-8.08792294876691,-3.322292810623153,-2.352879981140947,0.7118140459060669,1.0,1.0032275454818773e-08
fair_leg/default_base,test,4,6.351470947265625,77.2957763671875,0.4285714328289032,0.09743838757276535,1.11684250831604,0.11215538531541824,0.827631950378418,3.6797051429748535,14.976978302001953,0.6581121683120728,398.74749755859375,0.01947089098393917,0.26821759252698796,17.573906180462057,0.22286477361364737,-0.5698116161600725,-17.35104140684841,-5.033441764445913,-3.4352992542691005,0.7332164645195007,1.0,1.0905159442131662e-08
fair_leg/default_base,test,5,7.942676544189453,59.57603454589844,0.4255952537059784,0.06804697960615158,1.0659148693084717,0.06625939905643463,0.7282696962356567,3.463500499725342,12.654304504394531,0.5621538758277893,270.46728515625,0.01382894441485405,0.3088409480010912,10.106790805314448,0.22280176264102816,-0.4704884927701707,-9.88398904267342,-0.923326835787449,-1.8009948592465592,0.6613025665283203,1.0,9.466598172025442e-09
fair_leg/default_base,test,6,7.48443603515625,70.67536926269531,0.4077380895614624,0.08920017629861832,1.0808714628219604,0.09876252710819244,0.8257333636283875,3.8233916759490967,15.559196472167969,0.6028907895088196,332.32354736328125,0.0156586654484272,0.28369327622891616,12.718969375019816,0.2226564549734382,-0.20152029328864354,-12.496312920046378,-2.6686531320697595,-2.4003854171822674,0.6900737285614014,1.0,1.0150538187758684e-08
fair_leg/default_base,test,7,6.50787353515625,77.86703491210938,0.4464285671710968,0.08586978167295456,1.0824590921401978,0.09978070110082626,0.8505027890205383,3.9759037494659424,15.739917755126953,0.6505783796310425,374.2892150878906,0.013622685335576534,0.26963450367193,19.530118622530576,0.22382493598084752,-0.7751854659217505,-19.30629368654973,-4.784288197412611,-3.2965305512215335,0.7269835472106934,1.0,1.1890763040867114e-08
fair_leg/default_base,test,8,7.054805755615234,62.000274658203125,0.3988095223903656,0.07167869061231613,1.089156985282898,0.052474938333034515,0.7581693530082703,4.199542045593262,19.60134506225586,0.6863427758216858,218.05136108398438,0.008693297393620014,0.3509941254272534,5.530088279684374,0.2236426184221192,-0.2292748807281051,-5.306445661262256,-3.198460821288763,-1.8164511786943758,0.6991581916809082,1.0,9.140451062705779e-09
fair_leg/default_base,test,9,11.518478393554688,51.19132995605469,0.4211309552192688,0.041744764894247055,1.0531963109970093,0.018248746171593666,0.7051453590393066,3.428558588027954,9.027957916259766,0.5004199743270874,168.13168334960938,0.014655792154371738,0.3357708078477274,7.2205571848643695,0.22408349282897486,-0.6705856552787729,-6.996473692035394,-0.015772450411891268,-0.8403646068995507,0.5578209757804871,1.0,8.58424442640171e-09
fair_leg/default_base,test,10,8.037090301513672,63.986778259277344,0.4211309552192688,0.06992393732070923,1.0851101875305176,0.052944861352443695,0.6867949366569519,3.8257315158843994,20.250320434570312,0.573524534702301,249.12843322753906,0.01567707769572735,0.3151170014296921,2.5897106309993907,0.22257492646109578,-0.4293018257225046,-2.367135704538295,-2.026194441541666,-1.4908233277795677,0.628925085067749,1.0,8.501090498214126e-09
fair_leg/default_base,test,11,8.65316390991211,73.23599243164062,0.4211309552192688,0.09265678375959396,1.1018027067184448,0.10737781971693039,0.8291860818862915,3.663348436355591,13.249397277832031,0.6327640414237976,350.4326171875,0.02368232235312462,0.26752279353438857,13.60902354943442,0.2236801430087122,-0.41058060156655773,-13.385343406425708,-1.2966157718361007,-1.9375868104788108,0.6369702816009521,1.0,1.0192115595941686e-08
fair_leg/default_base,test,12,9.810447692871094,55.982112884521484,0.424107164144516,0.05697237327694893,1.0675712823867798,0.042528193444013596,0.6465749740600586,3.383720874786377,15.820980072021484,0.5095371603965759,221.19778442382812,0.011352903209626675,0.31974035101083476,2.1857721267774632,0.22375987411018872,-0.5741636956399548,-1.9620122526672745,-0.7276474113217856,-1.0216488447173078,0.5616796016693115,1.0,9.690189983757591e-09
fair_leg/default_base,test,13,7.192134857177734,62.93773651123047,0.4077380895614624,0.08399384468793869,1.102487564086914,0.07299498468637466,0.7577626705169678,3.6119484901428223,13.637542724609375,0.6260875463485718,292.89129638671875,0.01306888647377491,0.3011342936227902,6.011323797043986,0.22270617874281848,-0.20476048959971616,-4.561700216423469,-5.788617618301168,-2.2069818282713007,0.6936872005462646,1.0,1.0395379668182159e-08
fair_leg/default_base,test,14,7.324695587158203,69.32640075683594,0.418154776096344,0.07769341766834259,1.0860861539840698,0.08654448390007019,0.7935548424720764,3.624255418777466,16.826629638671875,0.5531728267669678,333.61572265625,0.01618712954223156,0.28792922462029225,19.32048303102862,0.2225620198370211,-0.39444365513129614,-19.0979210111916,-0.9506864501173942,-2.100588716849511,0.6596716046333313,1.0,9.716059956588197e-09
fair_leg/default_base,test,15,6.046772003173828,66.39527893066406,0.4107142984867096,0.07512594759464264,1.0849250555038452,0.0669642835855484,0.8183109164237976,3.9271860122680664,17.177581787109375,0.6124904751777649,274.4659729003906,0.010023744776844978,0.31772681003551206,5.902109999879122,0.22260908278295805,-0.3588134103481096,-5.679500917096164,-2.984773450499662,-2.1860328567910012,0.7009443640708923,1.0,1.147383876798358e-08
fair_leg/default_base,test,16,10.12420654296875,67.03472137451172,0.4375,0.07831417769193649,1.0737073421478271,0.08576127886772156,0.8139178156852722,3.6552865505218506,16.124725341796875,0.5702672600746155,315.39697265625,0.01657184772193432,0.2983581029392811,17.654501286991124,0.22290708906598986,-0.6175910713904709,-17.431594197925133,-0.8340702619508132,-1.815474233001761,0.6268326640129089,1.0,7.838401039350629e-09
fair_leg/default_base,test,17,5.584716796875,70.6634521484375,0.4255952537059784,0.08958373963832855,1.084914207458496,0.10087719559669495,0.7808170318603516,3.711125373840332,17.08364486694336,0.6521603465080261,369.1701354980469,0.013942643068730831,0.29470575407877775,21.650675713749834,0.2230527722863139,-0.5555460616970834,-21.42762294146352,-3.654737830550871,-3.445136740385363,0.735385537147522,1.0,9.856496951954341e-09
fair_leg/default_base,test,18,7.4062347412109375,69.427490234375,0.40625,0.09150993824005127,1.118939995765686,0.09531641751527786,0.8234707713127136,3.4664101600646973,17.391681671142578,0.6050832867622375,362.2930908203125,0.020141152665019035,0.2679888025571757,13.909847363078741,0.22307169964304005,-0.22093403296620878,-13.686775663435702,-1.8095824199088966,-2.08770051602861,0.6404632925987244,1.0,9.445578541544819e-09
fair_leg/default_base,test,19,6.443977355957031,59.69429016113281,0.4404762089252472,0.06903987377882004,1.0756479501724243,0.057174183428287506,0.7104480266571045,3.735691547393799,13.834953308105469,0.6317263841629028,268.8270263671875,0.011928155086934566,0.3329692306222767,9.729905569667405,0.22278980599091205,-0.765716137166505,-9.507115763676493,-2.862590640387515,-2.3075778865748267,0.7048697471618652,1.0,8.540357754327488e-09
tariff/fixed_base,test,0,8.78000259399414,54.09431457519531,0.4300595223903656,0.048713333904743195,1.0629675388336182,0.02749060094356537,0.7035273313522339,3.7174506187438965,9.868621826171875,0.5501906871795654,183.43765258789062,0.009115585125982761,0.3380349958965433,1.5068591697131684,0.18110959455677278,-0.7420466545890079,-1.3257495751563955,-1.0022226376580623,-1.0145741495044243,0.613189160823822,1.0,8.602087930853486e-09
tariff/fixed_base,test,1,7.7362060546875,73.61650085449219,0.4360119104385376,0.08711039274930954,1.07951021194458,0.11356516182422638,0.8141586184501648,3.4682059288024902,14.829158782958984,0.5715749859809875,381.3230285644531,0.02130908891558647,0.25188892252179373,9.937750259061396,-0.4099391671959352,-0.552330245870555,-10.34768942625733,-0.4677193262238594,-1.0173921473044403,0.6068854331970215,1.0,1.0244548320770264e-08
tariff/fixed_base,test,2,11.174678802490234,61.36465072631836,0.4166666865348816,0.059311240911483765,1.0649579763412476,0.058114033192396164,0.7590539455413818,3.3743021488189697,14.58597183227539,0.5020971298217773,246.08792114257812,0.019077513366937637,0.281809828010697,5.436201653603361,0.04495752100679512,-0.5610417467297601,-5.391244132596566,-0.10860372053127298,-0.7381013822173861,0.5195087194442749,1.0,8.692343733684993e-09
tariff/fixed_base,test,3,6.728172302246094,59.73243713378906,0.4107142984867096,0.0836060419678688,1.091302752494812,0.07009711861610413,0.73277348279953,3.6596083641052246,17.357349395751953,0.6670850515365601,275.3131103515625,0.011499178595840931,0.3264223558246032,6.9968445192379445,0.02699423495113633,-0.3556382140273745,-6.969850284286808,-2.1883167430638255,-1.8666773478768053,0.7118140459060669,1.0,1.0032275454818773e-08
tariff/fixed_base,test,4,6.351470947265625,77.2957763671875,0.4285714328289032,0.09743838757276535,1.11684250831604,0.11215538531541824,0.827631950378418,3.6797051429748535,14.976978302001953,0.6581121683120728,398.74749755859375,0.01947089098393917,0.26821759252698796,9.627346331427512,-0.4274274607898339,-0.4978376392060091,-10.054773792217347,-1.209211834379772,-1.648064207368863,0.7332164645195007,1.0,1.0905159442131662e-08
tariff/fixed_base,test,5,7.942676544189453,59.57603454589844,0.4255952537059784,0.06804697960615158,1.0659148693084717,0.06625939905643463,0.7282696962356567,3.463500499725342,12.654304504394531,0.5621538758277893,270.46728515625,0.01382894441485405,0.3088409480010912,8.069099328694325,0.07408449601027342,-0.42000474152902784,-7.995014832684051,-0.8322307810160906,-1.5106261349530237,0.6613025665283203,1.0,9.466598172025442e-09
tariff/fixed_base,test,6,7.48443603515625,70.67536926269531,0.4077380895614624,0.08920017629861832,1.0808714628219604,0.09876252710819244,0.8257333636283875,3.8233916759490967,15.559196472167969,0.6028907895088196,332.323486328125,0.0156586654484272,0.28369327622891616,7.639321948001794,-0.19553297532157116,-0.3996690900194681,-7.834854923323365,-1.1283720446922645,-1.4692560885193218,0.6900737285614014,1.0,1.0150538187758684e-08
tariff/fixed_base,test,7,6.50787353515625,77.86703491210938,0.4464285671710968,0.08586978167295456,1.0824590921401978,0.09978070110082626,0.8505027890205383,3.9759037494659424,15.739917755126953,0.6505783796310425,374.2892761230469,0.013622685335576534,0.26963450367193,11.720997904998686,-0.3059055394180029,-0.4848044275618956,-12.02690344441669,-2.2241665359005025,-1.885975075667399,0.7269835472106934,1.0,1.1890763040867114e-08
tariff/fixed_base,test,8,7.054805755615234,62.000274658203125,0.3988095223903656,0.07167869061231613,1.089156985282898,0.052474938333034515,0.7581693530082703,4.199542045593262,19.60134506225586,0.6863427758216858,218.05136108398438,0.008693297393620014,0.3509941254272534,5.044279049401056,0.10995753824178155,-0.24143514872015792,-4.934321511159275,-2.4580214023836056,-1.5522462223288527,0.6991581916809082,1.0,9.140451062705779e-09
tariff/fixed_base,test,9,11.518478393554688,51.19132995605469,0.4211309552192688,0.041744764894247055,1.0531963109970093,0.018248746171593666,0.7051453590393066,3.428558588027954,9.027957916259766,0.5004199743270874,168.13168334960938,0.014655792154371738,0.3357708078477274,7.071191246109917,0.2107585356747478,-0.6518543019086976,-6.86043271043517,-0.01755529376735921,-0.8235547386102225,0.5578209757804871,1.0,8.58424442640171e-09
tariff/fixed_base,test,10,8.037090301513672,63.986778259277344,0.4211309552192688,0.06992393732070923,1.0851101875305176,0.052944861352443695,0.6867949366569519,3.8257315158843994,20.250320434570312,0.573524534702301,249.12843322753906,0.01567707769572735,0.3151170014296921,2.123252039851118,0.06720336706287693,-0.4212907493395893,-2.0560486727882408,-1.46738731443343,-1.2274879473648168,0.628925085067749,1.0,8.501090498214126e-09
tariff/fixed_base,test,11,8.65316390991211,73.23599243164062,0.4211309552192688,0.09265678375959396,1.1018027067184448,0.10737781971693039,0.8291860818862915,3.663348436355591,13.249397277832031,0.6327640414237976,350.4325866699219,0.02368232235312462,0.26752279353438857,7.792173409346103,-0.27353435817286587,-0.4534911559507074,-8.065707767518969,-0.40814533143541937,-1.065175919868979,0.6369702816009521,1.0,1.0192115595941686e-08
tariff/fixed_base,test,12,9.810447692871094,55.982112884521484,0.424107164144516,0.05697237327694893,1.0675712823867798,0.042528193444013596,0.6465749740600586,3.383720874786377,15.820980072021484,0.5095371603965759,221.19778442382812,0.011352903209626675,0.31974035101083476,1.8976487547271301,0.12273459423592661,-0.5089109864452895,-1.7749141604912035,-0.5878312023699435,-0.8921914604906936,0.5616796016693115,1.0,9.690189983757591e-09
tariff/fixed_base,test,13,7.192134857177734,62.93773651123047,0.4077380895614624,0.08399384468793869,1.102487564086914,0.07299498468637466,0.7577626705169678,3.6119484901428223,13.637542724609375,0.6260875463485718,292.89129638671875,0.01306888647377491,0.3011342936227902,4.024468060350157,-0.03927449427670778,-0.27244688666257816,-4.063742554626864,-3.0032677127411143,-1.613690701853328,0.6936872005462646,1.0,1.0395379668182159e-08
tariff/fixed_base,test,14,7.324695587158203,69.32640075683594,0.418154776096344,0.07769341766834259,1.0860861539840698,0.08654448390007019,0.7935548424720764,3.624255418777466,16.826629638671875,0.5531728267669678,333.61566162109375,0.01618712954223156,0.28792922462029225,10.671643036851949,-0.1705420859247141,-0.4396627853921458,-10.842185122776662,-0.6445736358019873,-1.3386199490063242,0.6596716046333313,1.0,9.716059956588197e-09
tariff/fixed_base,test,15,6.046772003173828,66.39527893066406,0.4107142984867096,0.07512594759464264,1.0849250555038452,0.0669642835855484,0.8183109164237976,3.9271860122680664,17.177581787109375,0.6124904751777649,274.4659729003906,0.010023744776844978,0.31772681003551206,4.697662308964611,0.017841751261190603,-0.32251759876284447,-4.67982055770342,-2.0399635543835215,-1.706086994496851,0.7009443640708923,1.0,1.147383876798358e-08
tariff/fixed_base,test,16,10.12420654296875,67.03472137451172,0.4375,0.07831417769193649,1.0737073421478271,0.08576127886772156,0.8139178156852722,3.6552865505218506,16.124725341796875,0.5702672600746155,315.3969421386719,0.01657184772193432,0.2983581029392811,11.02477870728496,-0.14322880804489818,-0.4455243390449792,-11.168007515329858,-0.565033527425648,-1.2004524362895233,0.6268326640129089,1.0,7.838401039350629e-09
tariff/fixed_base,test,17,5.584716796875,70.6634521484375,0.4255952537059784,0.08958373963832855,1.084914207458496,0.10087719559669495,0.7808170318603516,3.711125373840332,17.08364486694336,0.6521603465080261,369.1700744628906,0.013942643068730831,0.29470575407877775,11.212948109904644,-0.31542305599096954,-0.5752158465969985,-11.528371165895614,-1.7099863805470352,-1.9486672083484071,0.735385537147522,1.0,9.856496951954341e-09
tariff/fixed_base,test,18,7.4062347412109375,69.427490234375,0.40625,0.09150993824005127,1.118939995765686,0.09531641751527786,0.8234707713127136,3.4664101600646973,17.391681671142578,0.6050832867622375,362.2931213378906,0.020141152665019035,0.2679888025571757,7.041882943214783,-0.3215761909569131,-0.3995397481090873,-7.363459134171696,-0.6276584919447916,-1.1174874922649813,0.6404632925987244,1.0,9.445578541544819e-09
tariff/fixed_base,test,19,6.443977355957031,59.69429016113281,0.4404762089252472,0.06903987377882004,1.0756479501724243,0.057174183428287506,0.7104480266571045,3.735691547393799,13.834953308105469,0.6317263841629028,268.82696533203125,0.011928155086934566,0.3329692306222767,8.84205754544292,0.06423097319830258,-0.6347101998192759,-8.777826572244617,-2.157821466221098,-1.9288860196441369,0.7048697471618652,1.0,8.540357754327488e-09
tariff/tuned_base,test,0,9.79757308959961,54.82292175292969,0.4523809552192688,0.04272552207112312,1.0601823329925537,0.021224936470389366,0.789930522441864,3.6613941192626953,40.15398025512695,0.6626186966896057,180.2575225830078,0.01398961991071701,0.3295713568469507,1.3354668929570903,0.20230459721587496,-0.7644986397194651,-1.1331622957412153,-0.8776068918125631,-0.9275725616978912,0.5867654085159302,1.0,9.44101685718124e-09
tariff/tuned_base,test,1,7.7362060546875,69.87333679199219,0.4642857313156128,0.0756300613284111,1.0705078840255737,0.09703947603702545,0.8764294385910034,3.2609622478485107,45.406341552734375,0.6928244829177856,376.6457824707031,0.02773943915963173,0.2509787233122691,17.113261192452896,-0.1975802346598811,-0.59178690407882,-17.310841427112777,-0.5036105507532428,-1.2554286668548318,0.5939486622810364,1.0,1.1161088053768253e-08
tariff/tuned_base,test,2,12.01772689819336,57.26432800292969,0.4538690447807312,0.05023201182484627,1.0591835975646973,0.04221491143107414,0.8011087775230408,3.11171817779541,37.273406982421875,0.628329873085022,243.17190551757812,0.02848939411342144,0.2748623593315642,6.104137339501043,0.1439976046575409,-0.5911763939214622,-5.960139734843502,-0.11566927502632149,-0.7963719846535829,0.5070745348930359,1.0,9.95397186898117e-09
tariff/tuned_base,test,3,6.728172302246094,58.800697326660156,0.4568452537059784,0.0706053078174591,1.078394889831543,0.0565476194024086,0.8166427612304688,3.591533899307251,47.03092575073242,0.7617051005363464,271.4620361328125,0.019369276240468025,0.327077843022606,7.199807744849638,0.15874383246602808,-0.3199319199787208,-7.04106391238361,-2.7617263268963157,-2.10287980065607,0.7056214809417725,1.0,1.0935648830923128e-08
tariff/tuned_base,test,4,6.350517272949219,68.25018310546875,0.4642857313156128,0.0844823494553566,1.0980693101882935,0.09508145600557327,0.8525770902633667,3.2470273971557617,46.08392333984375,0.7580306529998779,391.5800476074219,0.030949585139751434,0.2712314545207576,13.616261911262031,-0.180015983792023,-0.47152027005227093,-13.796277895054054,-2.8376281329828794,-2.301126845945766,0.7352475523948669,1.0,1.3032972034920931e-08
tariff/tuned_base,test,5,8.057117462158203,55.5572509765625,0.4583333432674408,0.05665499344468117,1.0591264963150024,0.048480577766895294,0.7591291069984436,3.234988212585449,42.50764846801758,0.6763160824775696,264.92230224609375,0.02323233149945736,0.3069864021596769,8.902601397541593,0.1685350436326515,-0.4511556934018399,-8.734066353908942,-0.6853154416444192,-1.5286096822377548,0.6416230797767639,1.0,1.1212827999429464e-08
tariff/tuned_base,test,6,7.6751708984375,64.66388702392578,0.4642857313156128,0.0754169449210167,1.0721110105514526,0.08027882128953934,0.8701066374778748,3.477278232574463,46.89979553222656,0.7320330142974854,325.8844299316406,0.02632589265704155,0.28514603051974896,9.865696480414421,0.006371171582219378,-0.2977342527889276,-9.8593253088322,-1.6533217209424336,-1.8143281758950789,0.6821984648704529,1.0,1.1887529183240986e-08
tariff/tuned_base,test,7,6.50787353515625,70.57427978515625,0.4657738208770752,0.07474131137132645,1.0760523080825806,0.08364661782979965,0.861164927482605,3.563626766204834,48.44951248168945,0.7451245784759521,369.8816223144531,0.021372167393565178,0.26984948116104945,16.458835186311788,-0.12527437813273778,-0.5602642189208241,-16.584109564444525,-2.5764731988519634,-2.2699209049802422,0.7213240265846252,1.0,1.3241550078646469e-08
tariff/tuned_base,test,8,7.054805755615234,55.70840835571289,0.4508928656578064,0.059668172150850296,1.076257348060608,0.040021929889917374,0.7783491611480713,3.7342324256896973,45.24707794189453,0.7451034188270569,214.12857055664062,0.01655721291899681,0.35198004682234174,4.542321056732628,0.18514544394794905,-0.22647377947237457,-4.357175612784679,-2.74920994545331,-1.6362204743623396,0.6905957460403442,1.0,9.974760573072672e-09
tariff/tuned_base,test,9,11.51895523071289,51.29384994506836,0.449404776096344,0.03663865476846695,1.0499485731124878,0.009790100157260895,0.7367931008338928,3.3379578590393066,35.364627838134766,0.6196844577789307,165.0996551513672,0.018314179033041,0.3272348363218468,6.064232628097556,0.21653255472339392,-0.6569241761277973,-5.8477000733741615,-0.006362835436173383,-0.7496825767675133,0.5353696942329407,1.0,8.486307656596637e-09
tariff/tuned_base,test,10,8.663177490234375,57.55805969238281,0.4568452537059784,0.05943002551794052,1.0738636255264282,0.04190162941813469,0.7345150709152222,3.4332640171051025,40.12584686279297,0.6392360925674438,247.02020263671875,0.02750258706510067,0.30677240986048315,2.1883947679256215,0.16933306564109796,-0.4206541667895728,-2.0190617022845236,-1.6502631455202634,-1.3060427898775813,0.6140743494033813,1.0,9.509099285764933e-09
tariff/tuned_base,test,11,8.686065673828125,66.42961120605469,0.4642857313156128,0.07872068881988525,1.0836838483810425,0.08576127886772156,0.8437256217002869,3.2924888134002686,46.08106231689453,0.7007424235343933,344.7785339355469,0.034032583236694336,0.26911862563448874,9.686093752378472,-0.02677461259846324,-0.4052443613652665,-9.712868364976936,-0.8845773809580192,-1.4730393165925746,0.6369435787200928,1.0,1.2122669090786076e-08
tariff/tuned_base,test,12,9.80997085571289,54.26216125488281,0.4538690447807312,0.04762877896428108,1.0616477727890015,0.029370300471782684,0.6989960074424744,3.1974377632141113,38.82169723510742,0.616202712059021,215.92845153808594,0.020930428057909012,0.3176160371841059,1.887209090729934,0.1898805216248888,-0.5480389130012193,-1.697328569105045,-0.6261423263679233,-0.9142969322245577,0.5494493842124939,1.0,1.0211286927130914e-08
tariff/tuned_base,test,13,7.192134857177734,57.84463882446289,0.4598214328289032,0.07167525589466095,1.0905390977859497,0.06022869795560837,0.7968834042549133,3.309542417526245,46.89502716064453,0.71916663646698,285.6604919433594,0.024869881570339203,0.30130996546076516,4.275487749539816,0.12542185387352356,-0.22129679854978362,-3.3173970316418715,-4.150065895666293,-1.7892114836129975,0.6757078170776367,1.0,1.1694427648478722e-08
tariff/tuned_base,test,14,8.624076843261719,63.60435485839844,0.4627976417541504,0.06668288260698318,1.0744519233703613,0.0663377195596695,0.825363278388977,3.2696287631988525,41.28456115722656,0.6945701837539673,328.10028076171875,0.02563510648906231,0.2829726860930627,16.518342768021927,0.011137486344639095,-0.4022192671864115,-16.507205281677287,-0.5728106641341473,-1.4615099596999073,0.6300822496414185,1.0,1.1864661253468967e-08
tariff/tuned_base,test,15,8.313655853271484,59.41581726074219,0.4598214328289032,0.06367674469947815,1.0739952325820923,0.051221802830696106,0.817205548286438,3.5149598121643066,43.81847381591797,0.7314722537994385,270.9632873535156,0.016548480838537216,0.31848309320304036,5.00094017031757,0.13982850310503397,-0.3291298212639013,-4.861111667212536,-2.4511505796696547,-1.9114724613526715,0.694501519203186,1.0,1.2957672268498754e-08
tariff/tuned_base,test,16,10.12420654296875,61.72752380371094,0.4598214328289032,0.06661130487918854,1.066794991493225,0.06798245757818222,0.8279252052307129,3.2542340755462646,39.78776931762695,0.680943489074707,309.11260986328125,0.025527162477374077,0.2925587814347448,16.12668437974939,0.03165427373595178,-0.5129264214719045,-16.095030106013436,-0.486832729453491,-1.2604961372027585,0.5909661054611206,1.0,9.002554257619977e-09
tariff/tuned_base,test,17,5.589485168457031,64.77975463867188,0.4627976417541504,0.07782741636037827,1.0760926008224487,0.08638784289360046,0.8119861483573914,3.3528993129730225,49.19910430908203,0.7654871940612793,365.0218505859375,0.021272260695695877,0.2937367854241597,17.412978018440082,-0.09486875504022262,-0.5544801660775402,-17.507846773480306,-1.8750367944262736,-2.32497065659996,0.7186277508735657,1.0,1.172745811572895e-08
tariff/tuned_base,test,18,7.697105407714844,63.00830841064453,0.4627976417541504,0.07883959263563156,1.098159670829773,0.07597117871046066,0.8472667932510376,3.1153147220611572,45.71723937988281,0.7195796966552734,354.29168701171875,0.03437940031290054,0.2704959896410444,11.189475503390055,-0.04800017516687612,-0.2928598214955374,-11.237475678556931,-1.2009039221002438,-1.571522684570963,0.6410543322563171,1.0,1.1633447982717371e-08
tariff/tuned_base,test,19,6.445407867431641,59.96990203857422,0.4568452537059784,0.05771281197667122,1.0676246881484985,0.041510023176670074,0.8017827868461609,3.7441043853759766,46.98991775512695,0.7045630216598511,264.3514099121094,0.02350877970457077,0.33367708004281016,7.597905797872406,0.16402668903488976,-0.7088534108807297,-7.433879108837517,-2.7551030037346154,-2.136906453519514,0.7047951817512512,1.0,9.75994662866242e-09
fair_leg/tuned_family,test,0,9.549617767333984,56.55527114868164,0.4523809552192688,0.04835979640483856,1.0666546821594238,0.026472430676221848,0.7462784051895142,3.6834933757781982,6.793498992919922,0.6630567312240601,187.78939819335938,0.0056081730872392654,0.3127106951155222,1.2908629438645318,0.2226610245552016,-0.7828730527136407,-1.0682019193093302,-0.9177759145068447,-0.9314447468135455,0.5735870003700256,1.0,1.1139202449328423e-08
fair_leg/tuned_family,test,1,7.625102996826172,73.59266662597656,0.4657738208770752,0.08223482966423035,1.077189326286316,0.10588972270488739,0.8051668405532837,3.3405234813690186,9.77468490600586,0.6946339011192322,394.498046875,0.0030657800380140543,0.24211228620587388,250491595.00339368,0.22342401733993275,-0.8051874427280981,-250491594.77996966,-0.5959974632667085,-1.8867393129787908,0.5866618752479553,1.0,1.390239123821857e-08
fair_leg/tuned_family,test,2,11.90948486328125,67.01231384277344,0.455357164144516,0.055891457945108414,1.0626212358474731,0.051456768065690994,0.7890245914459229,3.3443024158477783,10.113243103027344,0.6052806973457336,261.17816162109375,0.008375706151127815,0.25556761986080323,8.128487451115351,0.22401026939121021,-0.6338962805892305,-7.904477181724141,-0.15099668407189112,-0.914998363734246,0.5039029121398926,1.0,1.1618679351954597e-08
fair_leg/tuned_family,test,3,6.8607330322265625,62.02554702758789,0.4568452537059784,0.07668300718069077,1.087030291557312,0.06242167949676514,0.7780793905258179,3.689249038696289,9.464263916015625,0.7743805050849915,286.1798400878906,8.21528345351652e-10,0.31594902316363094,12.523210083844559,0.2242208591088055,-0.30586269500752883,-12.298989224735752,-2.774311912557219,-2.3442212446205817,0.7048259973526001,1.0,1.3906318763190484e-08
fair_leg/tuned_family,test,4,6.931781768798828,75.98924255371094,0.4657738208770752,0.09136761724948883,1.112013578414917,0.10557644069194794,0.8211060762405396,3.5457684993743896,10.712623596191406,0.7609464526176453,416.85333251953125,0.0017232656246051192,0.26320984313839024,206.4907392314738,0.22328231028758327,-0.563678417859667,-206.26745692118624,-7.090535112107474,-4.228824184616993,0.7652838826179504,1.0,1.5220841476093483e-08
fair_leg/tuned_family,test,5,9.77468490600586,59.5850944519043,0.4598214328289032,0.06517724692821503,1.0645720958709717,0.06414473801851273,0.7562175989151001,3.3081483840942383,10.375022888183594,0.6980605125427246,278.4519348144531,0.0020144113805145025,0.2860566004774937,15.74536774094735,0.22319158234157213,-0.46535918753114863,-15.522176158605777,-0.5166354165656301,-1.4049622518876994,0.5982595086097717,1.0,1.4291374306196758e-08
fair_leg/tuned_family,test,6,7.335186004638672,71.00486755371094,0.4642857313156128,0.08140845596790314,1.0796273946762085,0.08873746544122696,0.8385879397392273,3.7082111835479736,15.560150146484375,0.7373955845832825,343.38336181640625,0.0007094093016348779,0.27356116449557044,12.282904521526989,0.22279892992376932,-0.19653508761444385,-12.06010559160322,-2.1065308616357696,-2.2237303898441607,0.6677060127258301,1.0,1.280464623221178e-08
fair_leg/tuned_family,test,7,7.925987243652344,76.6153335571289,0.4627976417541504,0.07985670864582062,1.0795660018920898,0.08803258091211319,0.8394679427146912,3.8191423416137695,9.073257446289062,0.759244978427887,380.9504699707031,0.004409116692841053,0.26279372836973314,145187935.728611,0.22452534701985966,-0.7697550512205728,-145187935.50408566,-2.5100595252384195,-2.98486076699647,0.7037088871002197,1.0,1.4596032826830196e-08
fair_leg/tuned_family,test,8,6.8817138671875,63.2781982421875,0.4508928656578064,0.06550861150026321,1.0816270112991333,0.04605263099074364,0.7904099225997925,4.188859939575195,13.1988525390625,0.7638247609138489,225.51846313476562,0.0008918811799958348,0.3432059996727286,4.178606993875238,0.22392112594974856,-0.22280104499540274,-3.9546858679254897,-3.6917899781616716,-1.8229353468449532,0.6947362422943115,1.0,1.210950362207086e-08
fair_leg/tuned_family,test,9,13.344764709472656,52.16693878173828,0.449404776096344,0.041704438626766205,1.0529147386550903,0.017935464158654213,0.7247216701507568,3.253105640411377,5.006313323974609,0.6097540259361267,171.71287536621094,0.0064612263813614845,0.3074937608292724,8.166180342625113,0.22443205228905433,-0.6650494492685474,-7.941748290336058,-0.001697137600280848,-0.7045451009839366,0.5103703141212463,1.0,1.0627979385446906e-08
fair_leg/tuned_family,test,10,8.441925048828125,63.532352447509766,0.4568452537059784,0.06607107073068619,1.0807441473007202,0.05341478809714317,0.701072096824646,3.7129948139190674,11.012554168701172,0.6456750631332397,261.4999694824219,0.0032776000443845987,0.30002234254138405,2.4121566088310855,0.22280734626046986,-0.4231072304422011,-2.1893492625706155,-2.0570857813869288,-1.4760124099555654,0.6179714798927307,1.0,1.2175680019765878e-08
fair_leg/tuned_family,test,11,10.879993438720703,72.67093658447266,0.4613095223903656,0.08585052937269211,1.0975011587142944,0.09625626355409622,0.818145215511322,3.4939348697662354,9.020328521728516,0.7089993357658386,366.888427734375,0.0011246780632063746,0.2594023516895868,19.340878035100104,0.22391943029648156,-0.40514798695356297,-19.11695860480362,-1.2846044467585276,-1.9780489241699857,0.6331919431686401,1.0,1.375092484323659e-08
fair_leg/tuned_family,test,12,10.27059555053711,56.58769607543945,0.4508928656578064,0.05436715856194496,1.0688772201538086,0.03759398311376572,0.6655317544937134,3.3109052181243896,9.729862213134766,0.6373342275619507,228.38491821289062,0.0051966384053230286,0.30218910330063964,1.9680618065541937,0.22404341578025114,-0.5685438691682075,-1.7440183907739426,-0.6917977903115401,-0.966448722258512,0.5421459078788757,1.0,1.1051140447193575e-08
fair_leg/tuned_family,test,13,8.037090301513672,62.71505355834961,0.4583333432674408,0.07678835839033127,1.0973390340805054,0.0663377195596695,0.764857828617096,3.510730743408203,11.816978454589844,0.7251048684120178,301.2084045410156,0.002046736888587475,0.29105066286955794,6.891257964543903,0.22295078564053714,-0.19998925444612237,-3.044589038896148,-6.668307178903365,-2.0653570471735723,0.6746242046356201,1.0,1.3763339801187158e-08
fair_leg/tuned_family,test,14,11.22903823852539,67.93498992919922,0.4613095223903656,0.07291014492511749,1.0808448791503906,0.0788690447807312,0.7832832932472229,3.3443398475646973,10.114192962646484,0.6804414987564087,342.5738525390625,0.0024588063824921846,0.2681361209193329,87.68143115236988,0.22283097176069788,-0.3885608350828185,-87.45860018060918,-0.5353596901472674,-1.6357618399108644,0.5963708758354187,1.0,1.3614586791277361e-08
fair_leg/tuned_family,test,15,8.455753326416016,65.16456604003906,0.4598214328289032,0.06975382566452026,1.082306981086731,0.05819235369563103,0.8236244916915894,3.793466806411743,9.281158447265625,0.75617516040802,282.0885925292969,6.197174661792815e-05,0.3081735248208225,4.937445072727384,0.22284467029827243,-0.3531976516054258,-4.714600402429112,-2.6751597956171467,-2.050046238742102,0.6827420592308044,1.0,1.5054533619718313e-08
fair_leg/tuned_family,test,16,10.144233703613281,67.4448013305664,0.4583333432674408,0.07384540140628815,1.0757105350494385,0.07777255773544312,0.8230106830596924,3.4432644844055176,9.262561798095703,0.6843740344047546,323.46441650390625,0.0024717790074646473,0.27632269623333805,202.3111307094663,0.223345518120752,-0.6119875760648303,-202.08778519134555,-0.49168808296559097,-1.4248252033147901,0.5636178255081177,1.0,1.3426798339821744e-08
fair_leg/tuned_family,test,17,7.0209503173828125,70.58096313476562,0.4642857313156128,0.08294444531202316,1.0865885019302368,0.09022556245326996,0.7831680178642273,3.587674617767334,7.086753845214844,0.755235493183136,385.2036437988281,0.0013891722774133086,0.28249562760870506,193630197.5290709,0.22358786786691895,-0.548715190902633,-193630197.30548304,-3.0170073846652166,-3.625178081684877,0.7383957505226135,1.0,1.3616896943347001e-08
fair_leg/tuned_family,test,18,7.950782775878906,68.88771057128906,0.4613095223903656,0.08543092757463455,1.112051010131836,0.09030388295650482,0.8148217797279358,3.3141753673553467,11.658191680908203,0.7211018204689026,379.4069519042969,0.0011720680631697178,0.2604497152333044,36.49196810526379,0.22322616461593933,-0.21660269271154856,-36.26874194064785,-1.86820359215716,-2.2664920780489126,0.6506472826004028,1.0,1.2963049300651619e-08
fair_leg/tuned_family,test,19,6.246089935302734,61.81669235229492,0.4568452537059784,0.06686282902956009,1.0761690139770508,0.05239661782979965,0.7507596611976624,3.6785101890563965,7.086753845214844,0.7318578958511353,286.65570068359375,0.0050216917879879475,0.3059656230800829,5.899298563870275,0.22350019173727134,-0.758860998263704,-5.675798372133004,-3.164333661283938,-2.2740972857312154,0.6911525726318359,1.0,1.1331091620547795e-08
tariff/tuned_family,test,0,9.549140930175781,49.436092376708984,0.4538690447807312,0.039908453822135925,1.0562536716461182,0.01785714365541935,0.7151774168014526,3.3109447956085205,11.736392974853516,0.6433029770851135,183.17459106445312,0.01233831699937582,0.33694826194257144,1.5238553664904784,0.21962422374142318,-0.7793314009563559,-1.3042311427490552,-1.1332294222515054,-1.0713679640056721,0.6124776005744934,1.0,1.1774867303415704e-08
tariff/tuned_family,test,1,7.185459136962891,63.99679183959961,0.4657738208770752,0.07454004883766174,1.0680863857269287,0.09429824352264404,0.8279551863670349,3.038454055786133,16.849994659423828,0.6831785440444946,381.5603942871094,0.02344905212521553,0.2556015589209327,157401149.9992404,-0.15553957246279607,-0.5829039796530802,-157401150.15477997,-0.6342316798432989,-1.5092928002083799,0.622804582118988,1.0,1.3894999817409825e-08
tariff/tuned_family,test,2,11.907577514648438,56.22386932373047,0.4568452537059784,0.04933469742536545,1.0574309825897217,0.03469611331820488,0.8026736378669739,3.094331979751587,12.850761413574219,0.6227070689201355,247.5160675048828,0.025109337642788887,0.27899153254666254,8.995515356372243,0.17158474098288679,-0.6028882630868877,-8.823930615389356,-0.13736047835501597,-0.8960928486478966,0.5243105292320251,1.0,1.1652864451150435e-08
tariff/tuned_family,test,3,6.160736083984375,53.13873291015625,0.4568452537059784,0.06833057850599289,1.075177788734436,0.05177005007863045,0.7732659578323364,3.3074584007263184,14.339447021484375,0.7498284578323364,276.46380615234375,0.014905760996043682,0.33262299928322925,14.130417786632922,0.1966667245588214,-0.3087748917634677,-13.9337510620741,-4.911898777154972,-2.7599766595548747,0.7482773661613464,1.0,1.44403502488899e-08
tariff/tuned_family,test,4,5.659580230712891,66.80441284179688,0.4657738208770752,0.08426695317029953,1.094061017036438,0.08850250393152237,0.8643726110458374,3.264589786529541,14.39666748046875,0.7548792362213135,397.4105529785156,0.02598388120532036,0.2759212947922698,164.91072225576227,-0.11326663384594295,-0.4597565111104998,-165.0239888896082,-7.161565876705364,-3.260560269529379,0.7817342877388,1.0,1.369820257224319e-08
tariff/tuned_family,test,5,8.026123046875,50.16469955444336,0.4598214328289032,0.05524435266852379,1.0565530061721802,0.039082080125808716,0.6885035634040833,2.8921942710876465,10.162830352783203,0.6718485355377197,269.20648193359375,0.020057452842593193,0.3133599677949219,16.876701104077938,0.20229629517945796,-0.4577195283665566,-16.67440480889848,-0.9240689955193733,-1.8792689242110416,0.6765039563179016,1.0,1.3365594853098628e-08
tariff/tuned_family,test,6,7.0743560791015625,63.395023345947266,0.4642857313156128,0.07353615015745163,1.069669485092163,0.0765194222331047,0.8740265369415283,3.4363596439361572,12.575626373291016,0.7167591452598572,331.0163879394531,0.021970154717564583,0.29007822555125184,25.770296804019857,0.06282721616004891,-0.26972607985031155,-25.70746958785981,-2.606830558286869,-2.3482559900251267,0.7196342349052429,1.0,1.4798489544887161e-08
tariff/tuned_family,test,7,5.982875823974609,67.29936218261719,0.4642857313156128,0.0729326456785202,1.0711907148361206,0.0765194222331047,0.8444153070449829,3.4870989322662354,10.553359985351562,0.7399637699127197,374.02886962890625,0.01853913441300392,0.27558530470128695,114476812.98936382,-0.06670831660224509,-0.5806427769970958,-114476813.05607213,-6.504807505019572,-3.1312475903454238,0.7678369879722595,1.0,1.5276047093948364e-08
tariff/tuned_family,test,8,6.880283355712891,54.228782653808594,0.4508928656578064,0.05708479881286621,1.0716617107391357,0.0357142873108387,0.7965894937515259,3.7336127758026123,11.522293090820312,0.73444664478302,218.29824829101562,0.013226304203271866,0.35917598947975937,8.358092149618862,0.20543077184497785,-0.22224539388659204,-8.152661377773885,-4.656059304156184,-2.0870192539463743,0.7320197820663452,1.0,1.149231732000544e-08
tariff/tuned_family,test,9,11.860370635986328,46.63991928100586,0.4523809552192688,0.035321637988090515,1.04746675491333,0.004934210330247879,0.7045795321464539,3.0885009765625,6.988048553466797,0.607010006904602,168.30035400390625,0.016360346227884293,0.3350197592236416,9.660693711322494,0.2238182217481685,-0.6639216021290699,-9.436875489574327,-0.01677637797161646,-0.8433108237174856,0.558617889881134,1.0,9.473065887277698e-09
tariff/tuned_family,test,10,8.376598358154297,53.412437438964844,0.4568452537059784,0.05828261002898216,1.0708222389221191,0.0357142873108387,0.6829381585121155,3.1611979007720947,11.500358581542969,0.6391629576683044,251.18252563476562,0.02405114844441414,0.31285326083831566,2.5980396472750362,0.1977884846623456,-0.42125494316964057,-2.400251162612691,-2.3873848333618235,-1.553454174645678,0.6436006426811218,1.0,1.0904350311591315e-08
tariff/tuned_family,test,11,8.81338119506836,62.673091888427734,0.4642857313156128,0.07828669995069504,1.081890344619751,0.08129699528217316,0.8167093396186829,3.1260733604431152,12.478351593017578,0.7009276747703552,350.72943115234375,0.02812504768371582,0.27331144310322686,21.400565704528194,0.02780462061624577,-0.39687816006249255,-21.37276108391195,-1.1817922541379493,-1.8182867955266713,0.6666618585586548,1.0,1.3747229132832217e-08
tariff/tuned_family,test,12,9.719371795654297,49.22628402709961,0.4538690447807312,0.04590361565351486,1.0584253072738647,0.025140976533293724,0.6560868620872498,2.9665071964263916,14.639854431152344,0.6082602739334106,219.91102600097656,0.017970532178878784,0.32373310913713516,2.1826874869867297,0.21397610400848086,-0.5598496199066761,-1.9687113829782488,-0.7968246377266228,-1.0537755191228475,0.5733508467674255,1.0,1.1280275380443072e-08
tariff/tuned_family,test,13,7.031440734863281,55.10425567626953,0.4598214328289032,0.06988348066806793,1.0861327648162842,0.055921051651239395,0.7819033265113831,3.2061991691589355,15.79141616821289,0.7007603645324707,289.65960693359375,0.021613415330648422,0.30754071409898454,10.428893278686685,0.16596965777752012,-0.20773070491207066,-4.409183386166355,-10.262923620909165,-2.2686629197027663,0.7138262391090393,1.0,1.4618899868423796e-08
tariff/tuned_family,test,14,8.891105651855469,57.964324951171875,0.4627976417541504,0.06556114554405212,1.0718612670898438,0.05780075117945671,0.7523432970046997,2.9591763019561768,9.820938110351562,0.6861891150474548,332.77227783203125,0.02183806709945202,0.28757605282541,70.61585175199676,0.06860154767583945,-0.3891997065758179,-70.54725020432092,-0.7435567867444579,-1.7973378990457367,0.6595962047576904,1.0,1.3769807516439414e-08
tariff/tuned_family,test,15,8.455753326416016,57.04021453857422,0.4598214328289032,0.061787962913513184,1.0708829164505005,0.04440789297223091,0.7976917028427124,3.364149332046509,10.07843017578125,0.7191946506500244,275.0189514160156,0.013633017428219318,0.3249622834403789,7.26891808775996,0.17742976863000648,-0.32975827922659084,-7.091488319129954,-4.946133916793091,-2.48342212137337,0.7364097237586975,1.0,1.396660476160605e-08
tariff/tuned_family,test,16,10.144710540771484,58.13169479370117,0.4613095223903656,0.06558763235807419,1.0647584199905396,0.06359649449586868,0.795235276222229,3.0670008659362793,11.87276840209961,0.6742364764213562,313.9678955078125,0.02134525775909424,0.2972423968882162,172.61904374944012,0.08516769210962175,-0.5308249062515171,-172.5338760573305,-0.6179142323077955,-1.5271999278656854,0.6192108988761902,1.0,1.2499171475610638e-08
tariff/tuned_family,test,17,5.124092102050781,64.49222564697266,0.4642857313156128,0.07564608752727509,1.072809100151062,0.07706766575574875,0.8112728595733643,3.3243119716644287,17.55523681640625,0.7595805525779724,369.85772705078125,0.018066667020320892,0.2991397027562349,146131794.19845417,-0.01564506293282045,-0.5380298928160813,-146131794.21409923,-3.8028012334173797,-3.3162943882947773,0.7678106427192688,1.0,1.4370824530374193e-08
tariff/tuned_family,test,18,7.381916046142578,59.78870391845703,0.4627976417541504,0.07848485559225082,1.0953285694122314,0.07025375962257385,0.8413231372833252,3.0271096229553223,13.690948486328125,0.7055114507675171,359.55853271484375,0.02969428151845932,0.27509837300588946,31.740682795757124,0.012174684877467513,-0.2706056473527223,-31.728508110879655,-1.708099421815265,-1.9746442027103708,0.6742722392082214,1.0,1.3947960120219705e-08
tariff/tuned_family,test,19,6.2465667724609375,53.20024490356445,0.4598214328289032,0.05534733459353447,1.0631312131881714,0.037045739591121674,0.7229052186012268,3.3244564533233643,8.90350341796875,0.700154721736908,269.5284423828125,0.019896991550922394,0.33994066472280204,28.230696040722187,0.20306783009782314,-0.7368788006231161,-28.027628210624364,-5.473078759944107,-2.922756261818332,0.7550076246261597,1.0,1.1242393682664442e-08
tariff/voltage_family,test,0,9.18722152709961,48.32935333251953,0.4538690447807312,0.0399697981774807,1.0555578470230103,0.017935464158654213,0.6508597135543823,3.254307746887207,8.724212646484375,0.5921740531921387,186.69192504882812,0.006456407718360424,0.3394082364023786,1.7175441158801463,0.22040891845923846,-0.7792482111466353,-1.497135197420908,-1.2098335659730757,-1.1468200527424897,0.6252180337905884,1.0,1.0652290605150938e-08
tariff/voltage_family,test,1,7.147312164306641,68.6941146850586,0.4657738208770752,0.07979706674814224,1.0763851404190063,0.10236528515815735,0.7615371346473694,3.2332923412323,12.09402084350586,0.5905091762542725,392.3779296875,0.00805637426674366,0.25079776957744937,5347.105505101941,-0.25504962405963577,-0.5412977015261604,-5347.360554726,-0.6394106354399375,-1.3764522936876247,0.6196452379226685,1.0,1.2817696237732434e-08
tariff/voltage_family,test,2,11.90805435180664,56.14662170410156,0.4568452537059784,0.051980677992105484,1.061133861541748,0.04307644069194794,0.7033218741416931,3.0061891078948975,12.601852416992188,0.5629708766937256,256.5631408691406,0.011296938173472881,0.2763351337063513,9.328308565023844,0.16214308100399874,-0.5965857325711961,-9.166165484019846,-0.15517956081492126,-0.9322508346245658,0.529914140701294,1.0,1.0761270985426563e-08
tariff/voltage_family,test,3,11.74306869506836,54.61597442626953,0.455357164144516,0.07158953696489334,1.0778534412384033,0.058897241950035095,0.6769607663154602,3.22887921333313,10.39886474609375,0.6486800909042358,283.1626892089844,0.0019834593404084444,0.3204691761915751,6.353941207899497,0.1782561711690607,-0.31113649883198186,-6.175685036730436,-3.2356047016702663,-2.208448346990439,0.7041721940040588,1.0,1.1937651755999923e-08
tariff/voltage_family,test,4,5.659580230712891,67.01469421386719,0.4657738208770752,0.08855675905942917,1.1016228199005127,0.09931077808141708,0.7159095406532288,3.129277467727661,8.285045623779297,0.6659806370735168,412.3133850097656,0.004321957007050514,0.2696911125429977,67.99758724441156,-0.2200086356810841,-0.4171599647746095,-68.21759588009265,-5.629722047157944,-2.915875672199834,0.7759340405464172,1.0,1.2489700829121375e-08
tariff/voltage_family,test,5,8.025646209716797,56.654930114746094,0.4598214328289032,0.0603196956217289,1.0651586055755615,0.05631265789270401,0.6898306012153625,3.1226308345794678,13.041496276855469,0.6099750995635986,278.23236083984375,0.00569470738992095,0.3082220902019406,17.987305940467976,0.18359471823414458,-0.4457287477835691,-17.803711222233833,-1.0001820941227704,-1.9020702289243954,0.678013026714325,1.0,1.1875293637331197e-08
tariff/voltage_family,test,6,6.692409515380859,68.88580322265625,0.4642857313156128,0.07787351310253143,1.0733888149261475,0.08623120188713074,0.793870747089386,3.636765718460083,16.772747039794922,0.6736285090446472,342.8116149902344,0.0043899682350456715,0.2856929308919687,21.598673281704873,0.010359566221807046,-0.29034458068665114,-21.588313715483064,-2.9205846919735947,-2.3636216165797226,0.7258425354957581,1.0,1.3295253786793637e-08
tariff/voltage_family,test,7,6.290435791015625,73.81057739257812,0.4627976417541504,0.07773568481206894,1.079145908355713,0.08959899842739105,0.8221157193183899,3.7664313316345215,18.299102783203125,0.6824370622634888,379.82366943359375,0.008823053911328316,0.27040307112415607,28.82110579793612,-0.10749048891382106,-0.5622833647284178,-28.928596286849942,-4.363541977171316,-2.725437039724927,0.7472847104072571,1.0,1.3340410554008031e-08
tariff/voltage_family,test,8,6.616115570068359,52.8264045715332,0.4508928656578064,0.05864458158612251,1.0739665031433105,0.039552003145217896,0.6617921590805054,3.5481932163238525,9.452342987060547,0.6117153167724609,224.42898559570312,0.0018135419813916087,0.35466951305210825,11.214880103125724,0.20682487128055987,-0.2217331034161271,-11.008055231845164,-4.331754700835802,-2.1341943533857752,0.7320671677589417,1.0,1.164014662435875e-08
tariff/voltage_family,test,9,11.860847473144531,45.78685760498047,0.4508928656578064,0.03659261018037796,1.049584150314331,0.009241854771971703,0.6413276195526123,2.94998836517334,7.480144500732422,0.5996377468109131,171.7462158203125,0.008884040638804436,0.3313023127186798,9.135260009160046,0.22417259855651128,-0.6640020914777429,-8.911087410603534,-0.016917440516611624,-0.8406225189069645,0.5543671250343323,1.0,8.305216958603978e-09
tariff/voltage_family,test,10,7.621288299560547,56.47420883178711,0.4568452537059784,0.061984654515981674,1.077397346496582,0.04730576276779175,0.6223959922790527,3.337386131286621,13.091564178466797,0.5732789039611816,261.4077453613281,0.005158508196473122,0.3100234309899691,2.837025938479716,0.18113858699064028,-0.41542416415185157,-2.6558873514890755,-2.5286597824125545,-1.6317579343279556,0.6520997881889343,1.0,1.0812881257038498e-08
tariff/voltage_family,test,11,9.419918060302734,67.81482696533203,0.4627976417541504,0.08384072780609131,1.0882519483566284,0.09328007698059082,0.7542901039123535,3.262356996536255,9.343624114990234,0.6174946427345276,365.259033203125,0.006179514341056347,0.26396525054550746,12.235761973199356,-0.0736847107674103,-0.39053886994234527,-12.309446683966765,-0.938361277963666,-1.5543833169429382,0.6480463743209839,1.0,1.3295426981585479e-08
tariff/voltage_family,test,12,9.71841812133789,50.7817268371582,0.4583333432674408,0.04728621616959572,1.059719204902649,0.028822055086493492,0.6163011789321899,3.0318169593811035,11.621475219726562,0.580696165561676,227.91195678710938,0.005956757813692093,0.3233168226484341,2.4200469090630565,0.21047863511340165,-0.5548522635930008,-2.209568273949655,-0.8780877657212774,-1.131906767722949,0.5854783058166504,1.0,1.1369896135704494e-08
tariff/voltage_family,test,13,6.813526153564453,59.27228927612305,0.4598214328289032,0.0724804699420929,1.0909907817840576,0.05795739218592644,0.7121855616569519,3.3624343872070312,12.883186340332031,0.6621412634849548,300.7197570800781,0.004251641221344471,0.3040122100073307,10.90962184163459,0.13135652836029948,-0.21176535028151783,-5.4605416768882,-10.77826531327429,-2.3758536147647873,0.724535346031189,1.0,1.402296501140654e-08
tariff/voltage_family,test,14,10.302543640136719,60.727596282958984,0.4642857313156128,0.07037866860628128,1.0771147012710571,0.07620614022016525,0.7043799161911011,3.0608246326446533,12.783050537109375,0.6122902631759644,343.05560302734375,0.006600333843380213,0.2835316575100719,56.031705647992275,0.012274413546165281,-0.3819141936007259,-56.01943123444611,-0.770687425918084,-1.7524122622910288,0.6612383127212524,1.0,1.2301738294695497e-08
tariff/voltage_family,test,15,8.455753326416016,56.66637420654297,0.4598214328289032,0.06466247886419296,1.0741738080978394,0.051691729575395584,0.7292649149894714,3.3518853187561035,9.778976440429688,0.6837567687034607,283.2160339355469,0.0006252277526073158,0.3210804686358443,8.285405403785328,0.1587004723434942,-0.31923504173495226,-8.126704931441834,-5.221010098258099,-2.572613158644261,0.7426701188087463,1.0,1.3345722749136257e-08
tariff/voltage_family,test,16,10.146141052246094,63.50564956665039,0.4613095223903656,0.07086017727851868,1.071485161781311,0.07644110172986984,0.785473644733429,3.324535608291626,14.051437377929688,0.6609335541725159,325.00244140625,0.004805521108210087,0.2928119709802637,95.28154150023856,0.02091672943131267,-0.4926167368446767,-95.26062477080725,-0.6304044318006569,-1.4954614186635002,0.6230077147483826,1.0,1.1991470927341652e-08
tariff/voltage_family,test,17,5.0945281982421875,65.02342224121094,0.4642857313156128,0.07811423391103745,1.0742913484573364,0.08623120188713074,0.7085155844688416,3.2813942432403564,10.056495666503906,0.6714838147163391,378.8908386230469,0.005284463055431843,0.296271180471647,140788546.12053454,-0.05178923280710524,-0.517643931807786,-140788546.17232376,-5.039658645609574,-3.4764490800076606,0.7780698537826538,1.0,1.3642766916177607e-08
tariff/voltage_family,test,18,7.241725921630859,64.25714111328125,0.4627976417541504,0.0831737294793129,1.1012107133865356,0.08082706481218338,0.7551928758621216,3.112274169921875,10.510921478271484,0.6487724781036377,377.2332763671875,0.004045107867568731,0.2682910274561755,28.918402435247103,-0.0861571948265704,-0.29809282491677674,-29.004559630073672,-1.5932559579726329,-1.88187362246519,0.6760218143463135,1.0,1.2134283799980494e-08
tariff/voltage_family,test,19,6.246089935302734,53.89118194580078,0.4583333432674408,0.058040596544742584,1.064283847808838,0.04409461095929146,0.6370133757591248,3.2381887435913086,13.60464096069336,0.6805033087730408,278.23870849609375,0.005345984362065792,0.33365024401273724,40.25300809576352,0.19065301056209064,-0.7220020287007285,-40.06235508520143,-5.083130943301616,-2.92987787407848,0.7531907558441162,1.0,1.1441039227122474e-08
tariff/voltage_off_matched,test,0,9.549617767333984,53.12538146972656,0.4538690447807312,0.04217913746833801,1.0590654611587524,0.019501879811286926,0.722481369972229,3.513502359390259,8.861064910888672,0.5794301629066467,185.90057373046875,0.0059153251349925995,0.3275310377608073,1.3848339755271897,0.20481749840400426,-0.7618696237677283,-1.1800164771231854,-1.0046421552638163,-0.988156365792905,0.5959795713424683,1.0,1.1530949528548717e-08
tariff/voltage_off_matched,test,1,7.591724395751953,69.91529846191406,0.4657738208770752,0.07903102040290833,1.0730372667312622,0.10260024666786194,0.7565984725952148,3.176842212677002,7.75146484375,0.5842413306236267,393.35504150390625,0.00427475618198514,0.24549957737330552,146425871.2881513,-0.2505436908337075,-0.5660358167551768,-146425871.53869498,-0.49129232274085405,-1.2635245759713707,0.5972212553024292,1.0,1.3662169173755956e-08
tariff/voltage_off_matched,test,2,11.90805435180664,58.85648727416992,0.455357164144516,0.0531599260866642,1.060055136680603,0.04307644069194794,0.7477473020553589,3.1505286693573,8.15439224243164,0.5305221080780029,259.4722900390625,0.008971937000751495,0.26326304198496486,7.515963702298976,0.13524405502083203,-0.5846621166995427,-7.380719647278143,-0.13552551721119735,-0.8509076405378696,0.513044536113739,1.0,1.1521666287706012e-08
tariff/voltage_off_matched,test,3,6.161689758300781,55.73558807373047,0.4568452537059784,0.07154779136180878,1.0790104866027832,0.054432958364486694,0.7044702768325806,3.3241944313049316,14.02139663696289,0.6625023484230042,285.6271057128906,0.0006520090391859412,0.32193328860194936,12.741456066543883,0.16347033646381795,-0.31845705304889094,-12.577985730080064,-3.2945930002782022,-2.437083601534347,0.7260558605194092,1.0,1.3568159928922796e-08
tariff/voltage_off_matched,test,4,6.548881530761719,73.00901794433594,0.4657738208770752,0.08877743780612946,1.1047239303588867,0.09805764257907867,0.7904095649719238,3.3852458000183105,8.38613510131836,0.6711883544921875,414.48199462890625,0.0025812231469899416,0.26710493102193555,166.0838645707975,-0.21174491930558936,-0.46673294351745154,-166.2956094901031,-4.171104781706241,-2.891323787914255,0.7715981602668762,1.0,1.4577785201197457e-08
tariff/voltage_off_matched,test,5,8.026123046875,56.09130859375,0.4598214328289032,0.05994419381022453,1.0596919059753418,0.0520833320915699,0.6967663764953613,3.10310435295105,6.206512451171875,0.5694180130958557,279.7484436035156,0.0030003725551068783,0.2969431550805256,14.755923679311294,0.1574794032792455,-0.4439660451053403,-14.59844427603205,-0.6797656204138425,-1.5646097587044931,0.6397377252578735,1.0,1.3346192595520279e-08
tariff/voltage_off_matched,test,6,7.075309753417969,67.25406646728516,0.4642857313156128,0.07788386940956116,1.0739012956619263,0.08607456088066101,0.7913875579833984,3.528563976287842,13.127326965332031,0.7104275226593018,344.02947998046875,0.0014875363558530807,0.27890477532903735,9.928155801300221,-0.022427371258417313,-0.3132147635657154,-9.950583172558638,-2.0617311631197803,-1.980244689031148,0.6964467167854309,1.0,1.4033473938468433e-08
tariff/voltage_off_matched,test,7,7.503986358642578,72.1426010131836,0.4642857313156128,0.07586897164583206,1.0758957862854004,0.08341165632009506,0.8031054139137268,3.5995445251464844,7.766246795654297,0.6249386668205261,381.1773986816406,0.005533852614462376,0.26686639472438045,112604189.60577567,-0.11301836329273109,-0.5633902631929272,-112604189.71879403,-2.4106828482670224,-2.4817021823431187,0.7295851111412048,1.0,1.4126675829118085e-08
tariff/voltage_off_matched,test,8,6.8798065185546875,58.11023712158203,0.4508928656578064,0.06035567820072174,1.0741989612579346,0.04190162941813469,0.7210226655006409,3.8663523197174072,5.646228790283203,0.5969914197921753,225.44561767578125,0.0011904475977644324,0.3476478641336894,5.830793183170109,0.17650481916025587,-0.22585565930674417,-5.654288364009854,-3.42623362067129,-1.8345037209932473,0.7088801264762878,1.0,1.2091025070049e-08
tariff/voltage_off_matched,test,9,11.861801147460938,50.740718841552734,0.449404776096344,0.03750557079911232,1.0493276119232178,0.008850250393152237,0.7379188537597656,3.270437717437744,7.811546325683594,0.6207276582717896,171.11627197265625,0.0071385023184120655,0.322427380855155,8.781002670418406,0.21627588930605293,-0.6537472752342203,-8.564726781112354,-0.00563218856093551,-0.7708054871712459,0.5364012718200684,1.0,9.160777025840616e-09
tariff/voltage_off_matched,test,10,8.3770751953125,61.13481521606445,0.4568452537059784,0.06270938366651535,1.0759551525115967,0.04793233051896095,0.6801542043685913,3.585416555404663,7.473945617675781,0.5456057786941528,261.57232666015625,0.003956750966608524,0.3029309680822282,2.33000706674058,0.13663020547109486,-0.4160974480260655,-2.193376861269485,-1.8757091916307287,-1.3940280946592345,0.6277965903282166,1.0,1.0948699724622202e-08
tariff/voltage_off_matched,test,11,10.157585144042969,69.5199966430664,0.4613095223903656,0.08316777646541595,1.0899330377578735,0.09147869795560837,0.7770753502845764,3.339627504348755,10.06937026977539,0.6099495887756348,366.652587890625,0.0026978051755577326,0.26131755525207234,20.293374363244272,-0.06890445303270419,-0.4019464948451681,-20.362278816276977,-0.8101379398175375,-1.5211349421875737,0.640855073928833,1.0,1.410204752971822e-08
tariff/voltage_off_matched,test,12,9.71841812133789,54.058074951171875,0.4508928656578064,0.04891094192862511,1.0627292394638062,0.02874373458325863,0.6373021006584167,3.1754508018493652,10.425567626953125,0.5579773187637329,227.4013671875,0.005481385625898838,0.3140907021488195,1.9021676604753386,0.17780934922379923,-0.5363779451978239,-1.7243583112515393,-0.7690835636973821,-0.9920128221978675,0.5638309121131897,1.0,1.084972289788766e-08
tariff/voltage_off_matched,test,13,7.031440734863281,60.0128173828125,0.4598214328289032,0.07367153465747833,1.0922170877456665,0.06171679124236107,0.721655547618866,3.3746988773345947,15.753746032714844,0.6490463614463806,301.0898132324219,0.0028194161131978035,0.2986528826152779,7.899628425973985,0.10614882792364974,-0.22753239564053326,-3.917869754686417,-7.793479598050335,-2.088006276034621,0.7037347555160522,1.0,1.4323242147895598e-08
tariff/voltage_off_matched,test,14,11.22903823852539,66.11204528808594,0.4613095223903656,0.07042475789785385,1.0760270357131958,0.0714285746216774,0.7543737888336182,3.2489640712738037,9.625434875488281,0.5816950798034668,342.7720031738281,0.003716865088790655,0.27302967150847646,65.61887414327926,-0.03189895704473255,-0.4073585256336241,-65.65077310032399,-0.4457374895404514,-1.3687500039506229,0.6161017417907715,1.0,1.4782435719951081e-08
tariff/voltage_off_matched,test,15,8.457183837890625,61.370849609375,0.4598214328289032,0.06670643389225006,1.079824686050415,0.05137844756245613,0.7830943465232849,3.583822727203369,6.038665771484375,0.6739214658737183,282.2255554199219,0.00026109503232873976,0.31338935993279815,5.55811868586928,0.1071030859595999,-0.32645248761689377,-5.45101559990968,-2.6844468078123898,-2.0026809286936422,0.705190896987915,1.0,1.4659090830093646e-08
tariff/voltage_off_matched,test,16,10.144710540771484,66.77580261230469,0.4583333432674408,0.07151113450527191,1.0721908807754517,0.07182017713785172,0.8217175006866455,3.461902379989624,7.519245147705078,0.669182538986206,324.7557373046875,0.00247263815253973,0.28356901049932404,157.89255827695982,-0.043980543603053014,-0.4910865887488215,-157.93653882056287,-0.40662149850571805,-1.2088154003218163,0.5901912450790405,1.0,1.2304683494335222e-08
tariff/voltage_off_matched,test,17,7.019996643066406,67.15727233886719,0.4642857313156128,0.0791005864739418,1.0808682441711426,0.08341165632009506,0.7468430995941162,3.417008876800537,7.189273834228516,0.6457880735397339,381.255615234375,0.002701527439057827,0.28899837915506477,140993592.04787827,-0.09833582522163534,-0.5489712873386797,-140993592.1462141,-2.338519173216204,-2.806280218140649,0.7467803359031677,1.0,1.4232234946121025e-08
tariff/voltage_off_matched,test,18,7.931232452392578,66.57028198242188,0.4627976417541504,0.08344881236553192,1.1053370237350464,0.08223684132099152,0.7893170118331909,3.2084145545959473,13.566970825195312,0.6403176188468933,379.1418151855469,0.0018632655264809728,0.2633778876680407,27.949624213650672,-0.11068561306448355,-0.3221676695763548,-28.060309826715155,-1.22993826434807,-1.735176412410596,0.6629084944725037,1.0,1.3251316488549492e-08
tariff/voltage_off_matched,test,19,6.246089935302734,58.22324752807617,0.4583333432674408,0.06055843085050583,1.0679408311843872,0.04385964944958687,0.7110934257507324,3.536123037338257,11.183738708496094,0.6773073673248291,281.0882263183594,0.005045996978878975,0.3231636482852188,8.959947508606648,0.13174385428034893,-0.6791962056747639,-8.828203654326298,-3.6488674904676497,-2.3721750631703244,0.7229545712471008,1.0,1.1209132289025092e-08
