tariff,tariff_parameters,controller_policy_id,controller_name,controller_parameters,split,validation_seed_count,train_mean_settlement_chf_per_agent,train_settlement_gap_chf_per_agent,credible_response_tolerance_chf_per_agent,fair_leg_reference_controller_policy_id,fair_leg_reference_controller_name,tariff_passes_acceptance_screens,tariff_is_finalist,pareto_objectives,controller_active,controller_charge_start_h,controller_spread_h,controller_charge_fraction,controller_reserve_fraction,controller_release_h,controller_export_cap_kw,controller_voltage_gain_kw_per_pu,controller_voltage_level_gain_kw_per_pu,controller_voltage_reference_pu,controller_voltage_deadband_pu,controller_voltage_max_kw,controller_exchange_mix,controller_grid_charge_fraction,controller_grid_charge_start_h,controller_grid_charge_end_h,controller_grid_charge_target_soc,controller_battery_export_fraction,controller_battery_export_start_h,controller_battery_export_end_h,transformer_draw_peak_kw,transformer_export_peak_kw,reverse_flow_share,losses_share,voltage_p99_pu,over_voltage_share,coincidence_factor,peak_to_average,max_ramp_kw,flex_synchrony,community_settlement_chf,curtailed_share,self_consumption_share,cost_per_kwh_spread_chf,tenant_cost_per_kwh_chf,pv_only_cost_per_kwh_chf,pv_battery_cost_per_kwh_chf,large_flex_cost_per_kwh_chf,owner_cost_per_kwh_chf,tenant_import_share,valid_share,projection_mae_kw,tenant_cost_per_load_kwh_chf,pv_only_cost_per_load_kwh_chf,pv_battery_cost_per_load_kwh_chf,large_flex_cost_per_load_kwh_chf,fair_leg_reference_tenant_cost_per_load_kwh_chf,tenant_cost_delta_vs_fair_leg_chf_per_load_kwh,fair_leg_reference_pv_only_cost_per_load_kwh_chf,pv_only_cost_delta_vs_fair_leg_chf_per_load_kwh,fair_leg_reference_pv_battery_cost_per_load_kwh_chf,pv_battery_cost_delta_vs_fair_leg_chf_per_load_kwh,fair_leg_reference_large_flex_cost_per_load_kwh_chf,large_flex_cost_delta_vs_fair_leg_chf_per_load_kwh,worst_group_cost_increase_vs_fair_leg_chf_per_load_kwh,tariff_scenario_id,is_pareto,is_cross_tariff_pareto
joint_system_cost,"{""scenario_id"": 26.0}",23,instant_10,"{""policy_id"": 23.0}",validation,8,23.394296646118164,0.0,0.1,4,delay_13,False,False,transformer_export_peak_kw;transformer_draw_peak_kw;max_ramp_kw;curtailed_share;tenant_cost_delta_vs_fair_leg_chf_per_load_kwh;pv_only_cost_delta_vs_fair_leg_chf_per_load_kwh;pv_battery_cost_delta_vs_fair_leg_chf_per_load_kwh;large_flex_cost_delta_vs_fair_leg_chf_per_load_kwh,1.0,11.0,0.0,1.0,0.0,17.0,1000.0,0.0,10.0,1.0,0.005,1.0,1.0,0.0,0.0,0.0,0.0,0.0,0.0,0.0,7.385849952697754,59.95202016830444,0.4611235223710537,0.06443556491285563,1.0701498240232468,0.05358121846802533,0.7133114188909531,3.437301367521286,14.12057876586914,0.7012583687901497,295.42131423950195,0.006580701476195827,0.31465322227074777,284.9606854203651,-0.0599750556478905,-0.34498286963672203,-285.02066047601295,-4.752864677962048,-1.9280490862426938,0.7100849598646164,1.0,1.2527815007601362e-08,-0.05997505439881934,-0.18408859975170344,-0.32106019742786884,-0.09827347379177809,0.2231858465820551,-0.28316090098087443,-0.1964150513522327,0.012326451600529253,-0.4546947292983532,0.13363453187048435,-0.14683324098587036,0.048559767194092274,0.13363453187048435,26.0,True,True
joint_system_cost,"{""scenario_id"": 26.0}",29,instant_stagger_1h_10_ref101,"{""policy_id"": 29.0}",validation,8,23.361328125,0.03296852111816406,0.1,4,delay_13,False,False,transformer_export_peak_kw;transformer_draw_peak_kw;max_ramp_kw;curtailed_share;tenant_cost_delta_vs_fair_leg_chf_per_load_kwh;pv_only_cost_delta_vs_fair_leg_chf_per_load_kwh;pv_battery_cost_delta_vs_fair_leg_chf_per_load_kwh;large_flex_cost_delta_vs_fair_leg_chf_per_load_kwh,1.0,11.0,1.0,1.0,0.0,17.0,1000.0,0.0,10.0,1.01,0.005,1.0,1.0,0.0,0.0,0.0,0.0,0.0,0.0,0.0,7.484078407287598,58.74466896057129,0.4607514999806881,0.06477066595107317,1.0704415291547775,0.05454064719378948,0.7024675831198692,3.326879620552063,12.720763683319092,0.69414222240448,296.7852668762207,0.004817308399651665,0.3116124824558113,5629.809197438888,-0.06294860291227138,-0.3446076447299268,-5629.872146041801,-4.241748557796196,-1.8792148666821293,0.7024975493550301,1.0,1.2822837680559473e-08,-0.06294860295020044,-0.1839700541459024,-0.3228896278887987,-0.0975545784458518,0.2231858465820551,-0.28613444953225553,-0.1964150513522327,0.0124449972063303,-0.4546947292983532,0.13180510140955448,-0.14683324098587036,0.04927866254001856,0.13180510140955448,26.0,True,True
joint_system_cost,"{""scenario_id"": 26.0}",22,instant_5,"{""policy_id"": 22.0}",validation,8,23.360034942626953,0.03426170349121094,0.1,4,delay_13,False,False,transformer_export_peak_kw;transformer_draw_peak_kw;max_ramp_kw;curtailed_share;tenant_cost_delta_vs_fair_leg_chf_per_load_kwh;pv_only_cost_delta_vs_fair_leg_chf_per_load_kwh;pv_battery_cost_delta_vs_fair_leg_chf_per_load_kwh;large_flex_cost_delta_vs_fair_leg_chf_per_load_kwh,1.0,11.0,0.0,1.0,0.0,17.0,1000.0,0.0,5.0,1.0,0.005,1.0,1.0,0.0,0.0,0.0,0.0,0.0,0.0,0.0,7.405757904052734,59.58932590484619,0.4601934626698494,0.0647135772742331,1.0705191045999527,0.05434484640136361,0.7058500424027443,3.3980832695961,13.838231086730957,0.7053150981664658,295.9701957702637,0.005831282411236316,0.3128325372191501,449.9310915926477,-0.06235841054864402,-0.34831150187622884,-449.99345000319636,-3.6195674005812966,-1.8812320931039845,0.7045670226216316,1.0,1.2607684340970593e-08,-0.06235841172747314,-0.185896719340235,-0.3219611570239067,-0.09701284114271402,0.2231858465820551,-0.28554425830952823,-0.1964150513522327,0.0105183320119977,-0.4546947292983532,0.1327335722744465,-0.14683324098587036,0.04982039984315634,0.1327335722744465,26.0,True,True
joint_system_cost,"{""scenario_id"": 26.0}",26,instant_stagger_1h_10,"{""policy_id"": 26.0}",validation,8,23.327564239501953,0.06673240661621094,0.1,4,delay_13,False,False,transformer_export_peak_kw;transformer_draw_peak_kw;max_ramp_kw;curtailed_share;tenant_cost_delta_vs_fair_leg_chf_per_load_kwh;pv_only_cost_delta_vs_fair_leg_chf_per_load_kwh;pv_battery_cost_delta_vs_fair_leg_chf_per_load_kwh;large_flex_cost_delta_vs_fair_leg_chf_per_load_kwh,1.0,11.0,1.0,1.0,0.0,17.0,1000.0,0.0,10.0,1.0,0.005,1.0,1.0,0.0,0.0,0.0,0.0,0.0,0.0,0.0,7.400095462799072,58.960318088531494,0.4611235223710537,0.06475628213956952,1.070232704281807,0.05435463646426797,0.7024599388241768,3.346191853284836,13.07767629623413,0.6923825144767761,296.4783020019531,0.0051213028928032145,0.31258793075858493,284.9594335374648,-0.06319421886702292,-0.34288317504297616,-285.0226277563319,-4.674785120094521,-1.8930817037457044,0.705148346722126,1.0,1.2866955279022818e-08,-0.06319421762600541,-0.18305959191638976,-0.3217443469911814,-0.09790901467204094,0.2231858465820551,-0.2863800642080605,-0.1964150513522327,0.013355459435842931,-0.4546947292983532,0.13295038230717182,-0.14683324098587036,0.04892422631382942,0.13295038230717182,26.0,True,True
joint_system_cost,"{""scenario_id"": 26.0}",3,delay_11,"{""policy_id"": 3.0}",validation,8,23.320842742919922,0.07345390319824219,0.1,4,delay_13,False,False,transformer_export_peak_kw;transformer_draw_peak_kw;max_ramp_kw;curtailed_share;tenant_cost_delta_vs_fair_leg_chf_per_load_kwh;pv_only_cost_delta_vs_fair_leg_chf_per_load_kwh;pv_battery_cost_delta_vs_fair_leg_chf_per_load_kwh;large_flex_cost_delta_vs_fair_leg_chf_per_load_kwh,1.0,11.0,0.0,1.0,0.0,17.0,1000.0,0.0,0.0,1.0,0.005,1.0,1.0,0.0,0.0,0.0,0.0,0.0,0.0,0.0,7.594048976898193,59.298158168792725,0.4603794738650322,0.06519872276112437,1.0712036192417145,0.05497141252271831,0.7037639692425728,3.348622888326645,13.635993003845215,0.7111844792962074,296.42562675476074,0.005021935299737379,0.3103008944216147,27262979.698447987,-0.065542945947412,-0.3527647087573958,-27262979.76399093,-2.8018746098768457,-1.8102222167672342,0.6959897801280022,1.0,1.3634742335177918e-08,-0.06554294307716191,-0.18831939529627562,-0.32237906754016876,-0.09545168932527304,0.2231858465820551,-0.288728789659217,-0.1964150513522327,0.008095656055957079,-0.4546947292983532,0.13231566175818443,-0.14683324098587036,0.051381551660597324,0.13231566175818443,26.0,True,True
joint_system_cost,"{""scenario_id"": 26.0}",25,instant_stagger_1h_5,"{""policy_id"": 25.0}",validation,8,23.32082748413086,0.07346916198730469,0.1,4,delay_13,False,False,transformer_export_peak_kw;transformer_draw_peak_kw;max_ramp_kw;curtailed_share;tenant_cost_delta_vs_fair_leg_chf_per_load_kwh;pv_only_cost_delta_vs_fair_leg_chf_per_load_kwh;pv_battery_cost_delta_vs_fair_leg_chf_per_load_kwh;large_flex_cost_delta_vs_fair_leg_chf_per_load_kwh,1.0,11.0,1.0,1.0,0.0,17.0,1000.0,0.0,5.0,1.0,0.005,1.0,1.0,0.0,0.0,0.0,0.0,0.0,0.0,0.0,7.515251636505127,59.13919258117676,0.4601934626698494,0.06515346886590123,1.0710985213518143,0.054432956501841545,0.7066693007946014,3.3388316333293915,13.067245483398438,0.6942074596881866,296.9479064941406,0.0044329121155897155,0.3102620654308439,451.5670912202333,-0.06533592710109438,-0.34828111346974616,-451.6324271473344,-3.264037237814903,-1.8304670463379278,0.6973951682448387,1.0,1.2711041996738004e-08,-0.06533592601772398,-0.18596608005464077,-0.32300164736807346,-0.09625460859388113,0.2231858465820551,-0.28852177259977907,-0.1964150513522327,0.010448971297591925,-0.4546947292983532,0.13169308193027973,-0.14683324098587036,0.05057863239198923,0.13169308193027973,26.0,True,True
joint_system_cost,"{""scenario_id"": 26.0}",24,instant_25,"{""policy_id"": 24.0}",validation,8,23.31855010986328,0.07574653625488281,0.1,4,delay_13,False,False,transformer_export_peak_kw;transformer_draw_peak_kw;max_ramp_kw;curtailed_share;tenant_cost_delta_vs_fair_leg_chf_per_load_kwh;pv_only_cost_delta_vs_fair_leg_chf_per_load_kwh;pv_battery_cost_delta_vs_fair_leg_chf_per_load_kwh;large_flex_cost_delta_vs_fair_leg_chf_per_load_kwh,1.0,11.0,0.0,1.0,0.0,17.0,1000.0,0.0,25.0,1.0,0.005,1.0,1.0,0.0,0.0,0.0,0.0,0.0,0.0,0.0,7.240533828735352,60.78958559036255,0.4601934552192688,0.06469057966023684,1.0706420093774796,0.05358121800236404,0.7212095409631729,3.5198552906513214,14.61571455001831,0.6812195032835007,294.28673553466797,0.008008041186258197,0.3172389518935975,176.9438481771708,-0.05994881581771507,-0.3439128059868889,-177.0037969929885,-4.572155832663811,-1.9635481371677375,0.7162417992949486,1.0,1.2078206879095887e-08,-0.05994881663355045,-0.18354326323606074,-0.3173037637025118,-0.09920082613825798,0.2231858465820551,-0.28313466321560554,-0.1964150513522327,0.012871788116171956,-0.4546947292983532,0.1373909655958414,-0.14683324098587036,0.04763241484761238,0.1373909655958414,26.0,True,True
joint_system_cost,"{""scenario_id"": 26.0}",5,stagger_11_1h,"{""policy_id"": 5.0}",validation,8,23.307283401489258,0.08701324462890625,0.1,4,delay_13,False,False,transformer_export_peak_kw;transformer_draw_peak_kw;max_ramp_kw;curtailed_share;tenant_cost_delta_vs_fair_leg_chf_per_load_kwh;pv_only_cost_delta_vs_fair_leg_chf_per_load_kwh;pv_battery_cost_delta_vs_fair_leg_chf_per_load_kwh;large_flex_cost_delta_vs_fair_leg_chf_per_load_kwh,1.0,11.0,1.0,1.0,0.0,17.0,1000.0,0.0,0.0,1.0,0.005,1.0,1.0,0.0,0.0,0.0,0.0,0.0,0.0,0.0,7.688343524932861,60.380101680755615,0.4603794738650322,0.06584421545267105,1.0721373707056046,0.0560972741805017,0.7210002988576889,3.3856402039527893,13.226926326751709,0.6966892257332802,297.2932777404785,0.003794290456426097,0.3071623829524064,27501109.158984877,-0.06891638840025642,-0.3558399184675667,-27501109.227901265,-2.505889030066118,-1.7494843114322722,0.6869873255491257,1.0,1.367816682140699e-08,-0.06891638645902276,-0.19003269425593317,-0.32376283407211304,-0.0938852084800601,0.2231858465820551,-0.29210223304107785,-0.1964150513522327,0.006382357096299529,-0.4546947292983532,0.13093189522624016,-0.14683324098587036,0.05294803250581026,0.13093189522624016,26.0,True,True
joint_system_cost,"{""scenario_id"": 26.0}",28,instant_stagger_2h_10,"{""policy_id"": 28.0}",validation,8,23.300548553466797,0.09374809265136719,0.1,4,delay_13,False,False,transformer_export_peak_kw;transformer_draw_peak_kw;max_ramp_kw;curtailed_share;tenant_cost_delta_vs_fair_leg_chf_per_load_kwh;pv_only_cost_delta_vs_fair_leg_chf_per_load_kwh;pv_battery_cost_delta_vs_fair_leg_chf_per_load_kwh;large_flex_cost_delta_vs_fair_leg_chf_per_load_kwh,1.0,11.0,2.0,1.0,0.0,17.0,1000.0,0.0,10.0,1.0,0.005,1.0,1.0,0.0,0.0,0.0,0.0,0.0,0.0,0.0,7.4043869972229,58.643639087677,0.4609375111758709,0.06507851695641875,1.0707576721906662,0.05477561056613922,0.7041191309690475,3.319744735956192,12.815296649932861,0.6609846577048302,297.23115158081055,0.004174396861344576,0.31037561683383263,283.65190702437087,-0.06574113546976904,-0.34203801505211834,-283.7176481598407,-4.077604869206261,-1.8476081249767409,0.6988474801182747,1.0,1.2610737898377522e-08,-0.06574113469105214,-0.18267396371811628,-0.32276206463575363,-0.0971903121098876,0.2231858465820551,-0.28892698127310723,-0.1964150513522327,0.013741087634116411,-0.4546947292983532,0.13193266466259956,-0.14683324098587036,0.04964292887598276,0.13193266466259956,26.0,True,True
loss_share_linear,"{""scenario_id"": 13.0}",29,instant_stagger_1h_10_ref101,"{""policy_id"": 29.0}",validation,8,32.88089370727539,0.06490707397460938,0.1,4,delay_13,False,False,transformer_export_peak_kw;transformer_draw_peak_kw;max_ramp_kw;curtailed_share;tenant_cost_delta_vs_fair_leg_chf_per_load_kwh;pv_only_cost_delta_vs_fair_leg_chf_per_load_kwh;pv_battery_cost_delta_vs_fair_leg_chf_per_load_kwh;large_flex_cost_delta_vs_fair_leg_chf_per_load_kwh,1.0,11.0,1.0,1.0,0.0,17.0,1000.0,0.0,10.0,1.01,0.005,1.0,1.0,0.0,0.0,0.0,0.0,0.0,0.0,0.0,7.484078407287598,58.74466896057129,0.4607514999806881,0.06477066595107317,1.0704415291547775,0.05454064719378948,0.7024675831198692,3.326879620552063,12.720763683319092,0.69414222240448,296.78533363342285,0.004817308399651665,0.3116124824558113,9025.426377977888,0.19633477685353865,-0.373822809853844,-9025.230043201034,-6.4357713648484935,-2.5968158971632533,0.7024975493550301,1.0,1.2822837680559473e-08,0.19633477926254272,-0.1958717149682343,-0.4399135857820511,-0.14229255076497793,0.2231858465820551,-0.026851067319512367,-0.1964150513522327,0.000543336383998394,-0.4546947292983532,0.014781143516302109,-0.14683324098587036,0.004540690220892429,0.014781143516302109,13.0,True,True
loss_share_linear,"{""scenario_id"": 13.0}",26,instant_stagger_1h_10,"{""policy_id"": 26.0}",validation,8,32.86005783081055,0.08574295043945312,0.1,4,delay_13,False,False,transformer_export_peak_kw;transformer_draw_peak_kw;max_ramp_kw;curtailed_share;tenant_cost_delta_vs_fair_leg_chf_per_load_kwh;pv_only_cost_delta_vs_fair_leg_chf_per_load_kwh;pv_battery_cost_delta_vs_fair_leg_chf_per_load_kwh;large_flex_cost_delta_vs_fair_leg_chf_per_load_kwh,1.0,11.0,1.0,1.0,0.0,17.0,1000.0,0.0,10.0,1.0,0.005,1.0,1.0,0.0,0.0,0.0,0.0,0.0,0.0,0.0,7.400095462799072,58.960318088531494,0.4611235223710537,0.06475628213956952,1.070232704281807,0.05435463646426797,0.7024599388241768,3.346191853284836,13.07767629623413,0.6923825144767761,296.4783191680908,0.0051213028928032145,0.31258793075858493,446.6622634695478,0.19639513769822042,-0.3737469792348568,-446.4658683318495,-7.024147088469157,-2.617861240555251,0.705148346722126,1.0,1.2866955279022818e-08,0.19639513827860355,-0.19583098776638508,-0.43941422924399376,-0.14225152879953384,0.2231858465820551,-0.026790708303451538,-0.1964150513522327,0.0005840635858476162,-0.4546947292983532,0.015280500054359436,-0.14683324098587036,0.004581712186336517,0.015280500054359436,13.0,True,True
loss_share_quadratic,"{""scenario_id"": 14.0}",29,instant_stagger_1h_10_ref101,"{""policy_id"": 29.0}",validation,8,32.75382614135742,0.06322479248046875,0.1,4,delay_13,False,False,transformer_export_peak_kw;transformer_draw_peak_kw;max_ramp_kw;curtailed_share;tenant_cost_delta_vs_fair_leg_chf_per_load_kwh;pv_only_cost_delta_vs_fair_leg_chf_per_load_kwh;pv_battery_cost_delta_vs_fair_leg_chf_per_load_kwh;large_flex_cost_delta_vs_fair_leg_chf_per_load_kwh,1.0,11.0,1.0,1.0,0.0,17.0,1000.0,0.0,10.0,1.01,0.005,1.0,1.0,0.0,0.0,0.0,0.0,0.0,0.0,0.0,7.484078407287598,58.74466896057129,0.4607514999806881,0.06477066595107317,1.0704415291547775,0.05454064719378948,0.7024675831198692,3.326879620552063,12.720763683319092,0.69414222240448,296.78531074523926,0.004817308399651665,0.3116124824558113,9030.731108083937,0.1925596619938406,-0.383692148933632,-9030.538548421944,-6.344040733194974,-2.586992143282787,0.7024975493550301,1.0,1.2822837680559473e-08,0.19255965948104858,-0.2013155990280211,-0.43866240605711937,-0.1402881983667612,0.2231858465820551,-0.030626187101006508,-0.1964150513522327,-0.0049005476757884026,-0.4546947292983532,0.016032323241233826,-0.14683324098587036,0.006545042619109154,0.016032323241233826,14.0,True,True
loss_share_quadratic,"{""scenario_id"": 14.0}",26,instant_stagger_1h_10,"{""policy_id"": 26.0}",validation,8,32.73295593261719,0.08409500122070312,0.1,4,delay_13,False,False,transformer_export_peak_kw;transformer_draw_peak_kw;max_ramp_kw;curtailed_share;tenant_cost_delta_vs_fair_leg_chf_per_load_kwh;pv_only_cost_delta_vs_fair_leg_chf_per_load_kwh;pv_battery_cost_delta_vs_fair_leg_chf_per_load_kwh;large_flex_cost_delta_vs_fair_leg_chf_per_load_kwh,1.0,11.0,1.0,1.0,0.0,17.0,1000.0,0.0,10.0,1.0,0.005,1.0,1.0,0.0,0.0,0.0,0.0,0.0,0.0,0.0,7.400095462799072,58.960318088531494,0.4611235223710537,0.06475628213956952,1.070232704281807,0.05435463646426797,0.7024599388241768,3.346191853284836,13.07767629623413,0.6923825144767761,296.47832107543945,0.0051213028928032145,0.31258793075858493,446.8031647316211,0.19262873702845257,-0.3836131848273455,-446.6105359945927,-6.925249767322092,-2.6079645416843347,0.705148346722126,1.0,1.2866955279022818e-08,0.1926287394016981,-0.20127369184046984,-0.4381885454058647,-0.14023622870445251,0.2231858465820551,-0.03055710718035698,-0.1964150513522327,-0.0048586404882371426,-0.4546947292983532,0.01650618389248848,-0.14683324098587036,0.006597012281417847,0.01650618389248848,14.0,True,True
reverse_flow_charge,"{""scenario_id"": 20.0}",29,instant_stagger_1h_10_ref101,"{""policy_id"": 29.0}",validation,8,30.260894775390625,0.053928375244140625,0.1,4,delay_13,False,False,transformer_export_peak_kw;transformer_draw_peak_kw;max_ramp_kw;curtailed_share;tenant_cost_delta_vs_fair_leg_chf_per_load_kwh;pv_only_cost_delta_vs_fair_leg_chf_per_load_kwh;pv_battery_cost_delta_vs_fair_leg_chf_per_load_kwh;large_flex_cost_delta_vs_fair_leg_chf_per_load_kwh,1.0,11.0,1.0,1.0,0.0,17.0,1000.0,0.0,10.0,1.01,0.005,1.0,1.0,0.0,0.0,0.0,0.0,0.0,0.0,0.0,7.484078407287598,58.74466896057129,0.4607514999806881,0.06477066595107317,1.0704415291547775,0.05454064719378948,0.7024675831198692,3.326879620552063,12.720763683319092,0.69414222240448,296.78531646728516,0.004817308399651665,0.3116124824558113,8335.26810044805,0.11603173662874816,-0.3549401299417778,-8335.15206871142,-5.921149718036618,-2.3890857811619775,0.7024975493550301,1.0,1.2822837680559473e-08,0.11603173706680536,-0.18712241627508774,-0.4008435755968094,-0.1311208652332425,0.2231858465820551,-0.10715410951524973,-0.1964150513522327,0.00929263507714495,-0.4546947292983532,0.05385115370154381,-0.14683324098587036,0.01571237575262785,0.05385115370154381,20.0,True,True
reverse_flow_charge,"{""scenario_id"": 20.0}",26,instant_stagger_1h_10,"{""policy_id"": 26.0}",validation,8,30.244007110595703,0.0708160400390625,0.1,4,delay_13,False,False,transformer_export_peak_kw;transformer_draw_peak_kw;max_ramp_kw;curtailed_share;tenant_cost_delta_vs_fair_leg_chf_per_load_kwh;pv_only_cost_delta_vs_fair_leg_chf_per_load_kwh;pv_battery_cost_delta_vs_fair_leg_chf_per_load_kwh;large_flex_cost_delta_vs_fair_leg_chf_per_load_kwh,1.0,11.0,1.0,1.0,0.0,17.0,1000.0,0.0,10.0,1.0,0.005,1.0,1.0,0.0,0.0,0.0,0.0,0.0,0.0,0.0,7.400095462799072,58.960318088531494,0.4611235223710537,0.06475628213956952,1.070232704281807,0.05435463646426797,0.7024599388241768,3.346191853284836,13.07767629623413,0.6923825144767761,296.4783363342285,0.0051213028928032145,0.31258793075858493,411.27382405092465,0.11620945098666483,-0.3547338667328427,-411.15761459993803,-6.464219687391928,-2.408465600098326,0.705148346722126,1.0,1.2866955279022818e-08,0.11620945017784834,-0.18701003538444638,-0.4003874883055687,-0.1311200764030218,0.2231858465820551,-0.10697639640420675,-0.1964150513522327,0.009405015967786312,-0.4546947292983532,0.0543072409927845,-0.14683324098587036,0.01571316458284855,0.0543072409927845,20.0,True,True
stress_bidirectional,"{""scenario_id"": 4.0}",23,instant_10,"{""policy_id"": 23.0}",validation,8,25.719457626342773,0.0,0.1,4,delay_13,False,False,transformer_export_peak_kw;transformer_draw_peak_kw;max_ramp_kw;curtailed_share;tenant_cost_delta_vs_fair_leg_chf_per_load_kwh;pv_only_cost_delta_vs_fair_leg_chf_per_load_kwh;pv_battery_cost_delta_vs_fair_leg_chf_per_load_kwh;large_flex_cost_delta_vs_fair_leg_chf_per_load_kwh,1.0,11.0,0.0,1.0,0.0,17.0,1000.0,0.0,10.0,1.0,0.005,1.0,1.0,0.0,0.0,0.0,0.0,0.0,0.0,0.0,7.385849952697754,59.95202016830444,0.4611235223710537,0.06443556491285563,1.0701498240232468,0.05358121846802533,0.7133114188909531,3.437301367521286,14.12057876586914,0.7012583687901497,295.42131996154785,0.006580701476195827,0.31465322227074777,315.8279426646245,0.009023099643360104,-0.34271268291311496,-315.8189195649811,-5.427112094305621,-2.1136092350820963,0.7100849598646164,1.0,1.2527815007601362e-08,0.009023100195918232,-0.18199774669483304,-0.35123406164348125,-0.11174987070262432,0.2231858465820551,-0.21416274638613686,-0.1964150513522327,0.014417304657399654,-0.4546947292983532,0.10346066765487194,-0.14683324098587036,0.03508337028324604,0.10346066765487194,4.0,True,True
stress_bidirectional,"{""scenario_id"": 4.0}",22,instant_5,"{""policy_id"": 22.0}",validation,8,25.689109802246094,0.030347824096679688,0.1,4,delay_13,False,False,transformer_export_peak_kw;transformer_draw_peak_kw;max_ramp_kw;curtailed_share;tenant_cost_delta_vs_fair_leg_chf_per_load_kwh;pv_only_cost_delta_vs_fair_leg_chf_per_load_kwh;pv_battery_cost_delta_vs_fair_leg_chf_per_load_kwh;large_flex_cost_delta_vs_fair_leg_chf_per_load_kwh,1.0,11.0,0.0,1.0,0.0,17.0,1000.0,0.0,5.0,1.0,0.005,1.0,1.0,0.0,0.0,0.0,0.0,0.0,0.0,0.0,7.405757904052734,59.58932590484619,0.4601934626698494,0.0647135772742331,1.0705191045999527,0.05434484640136361,0.7058500424027443,3.3980832695961,13.838231086730957,0.7053150981664658,295.9701957702637,0.005831282411236316,0.3128325372191501,498.43501323807476,0.007067205339191605,-0.3454450010964501,-498.42794603273563,-4.162581427065479,-2.0635977343507848,0.7045670226216316,1.0,1.2607684340970593e-08,0.007067204627674073,-0.18347774643916637,-0.3522647228091955,-0.11066583637148142,0.2231858465820551,-0.21611864195438102,-0.1964150513522327,0.012937304913066328,-0.4546947292983532,0.10243000648915768,-0.14683324098587036,0.03616740461438894,0.10243000648915768,4.0,True,True
stress_bidirectional,"{""scenario_id"": 4.0}",29,instant_stagger_1h_10_ref101,"{""policy_id"": 29.0}",validation,8,25.677391052246094,0.04206657409667969,0.1,4,delay_13,False,False,transformer_export_peak_kw;transformer_draw_peak_kw;max_ramp_kw;curtailed_share;tenant_cost_delta_vs_fair_leg_chf_per_load_kwh;pv_only_cost_delta_vs_fair_leg_chf_per_load_kwh;pv_battery_cost_delta_vs_fair_leg_chf_per_load_kwh;large_flex_cost_delta_vs_fair_leg_chf_per_load_kwh,1.0,11.0,1.0,1.0,0.0,17.0,1000.0,0.0,10.0,1.01,0.005,1.0,1.0,0.0,0.0,0.0,0.0,0.0,0.0,0.0,7.484078407287598,58.74466896057129,0.4607514999806881,0.06477066595107317,1.0704415291547775,0.05454064719378948,0.7024675831198692,3.326879620552063,12.720763683319092,0.69414222240448,296.78532218933105,0.004817308399651665,0.3116124824558113,6254.5763752069615,0.00622083956927268,-0.3423586092276326,-6254.570154367392,-4.844224052462421,-2.0602372911761346,0.7024975493550301,1.0,1.2822837680559473e-08,0.006220837705768645,-0.1818761377944611,-0.35337948240339756,-0.11092258524149656,0.2231858465820551,-0.21696500887628645,-0.1964150513522327,0.014538913557771593,-0.4546947292983532,0.10131524689495564,-0.14683324098587036,0.0359106557443738,0.10131524689495564,4.0,True,True
stress_bidirectional,"{""scenario_id"": 4.0}",3,delay_11,"{""policy_id"": 3.0}",validation,8,25.652263641357422,0.06719398498535156,0.1,4,delay_13,False,False,transformer_export_peak_kw;transformer_draw_peak_kw;max_ramp_kw;curtailed_share;tenant_cost_delta_vs_fair_leg_chf_per_load_kwh;pv_only_cost_delta_vs_fair_leg_chf_per_load_kwh;pv_battery_cost_delta_vs_fair_leg_chf_per_load_kwh;large_flex_cost_delta_vs_fair_leg_chf_per_load_kwh,1.0,11.0,0.0,1.0,0.0,17.0,1000.0,0.0,0.0,1.0,0.005,1.0,1.0,0.0,0.0,0.0,0.0,0.0,0.0,0.0,7.594048976898193,59.298158168792725,0.4603794738650322,0.06519872276112437,1.0712036192417145,0.05497141252271831,0.7037639692425728,3.348622888326645,13.635993003845215,0.7111844792962074,296.4256534576416,0.005021935299737379,0.3103008944216147,29663014.213686433,0.004289972944673842,-0.3493135107607053,-29663014.209396463,-3.2381556635597075,-1.9870087822123705,0.6959897801280022,1.0,1.3634742335177918e-08,0.004289972159313038,-0.1855802071513608,-0.3530235383659601,-0.10915010701864958,0.2231858465820551,-0.21889587442274205,-0.1964150513522327,0.010834844200871885,-0.4546947292983532,0.10167119093239307,-0.14683324098587036,0.03768313396722078,0.10167119093239307,4.0,True,True
stress_bidirectional,"{""scenario_id"": 4.0}",24,instant_25,"{""policy_id"": 24.0}",validation,8,25.651485443115234,0.06797218322753906,0.1,4,delay_13,False,False,transformer_export_peak_kw;transformer_draw_peak_kw;max_ramp_kw;curtailed_share;tenant_cost_delta_vs_fair_leg_chf_per_load_kwh;pv_only_cost_delta_vs_fair_leg_chf_per_load_kwh;pv_battery_cost_delta_vs_fair_leg_chf_per_load_kwh;large_flex_cost_delta_vs_fair_leg_chf_per_load_kwh,1.0,11.0,0.0,1.0,0.0,17.0,1000.0,0.0,25.0,1.0,0.005,1.0,1.0,0.0,0.0,0.0,0.0,0.0,0.0,0.0,7.240533828735352,60.78958559036255,0.4601934552192688,0.06469057966023684,1.0706420093774796,0.05358121800236404,0.7212095409631729,3.5198552906513214,14.61571455001831,0.6812195032835007,294.2867031097412,0.008008041186258197,0.3172389518935975,196.1417731819199,0.009012572458742516,-0.3418367694347605,-196.13276060946114,-5.228732122715767,-2.153286601915827,0.7162417992949486,1.0,1.2078206879095887e-08,0.009012573485961184,-0.18155647319508716,-0.3473486006259918,-0.11271008383482695,0.2231858465820551,-0.2141732730960939,-0.1964150513522327,0.01485857815714553,-0.4546947292983532,0.10734612867236137,-0.14683324098587036,0.034123157151043415,0.10734612867236137,4.0,True,True
stress_bidirectional,"{""scenario_id"": 4.0}",26,instant_stagger_1h_10,"{""policy_id"": 26.0}",validation,8,25.64678192138672,0.07267570495605469,0.1,4,delay_13,False,False,transformer_export_peak_kw;transformer_draw_peak_kw;max_ramp_kw;curtailed_share;tenant_cost_delta_vs_fair_leg_chf_per_load_kwh;pv_only_cost_delta_vs_fair_leg_chf_per_load_kwh;pv_battery_cost_delta_vs_fair_leg_chf_per_load_kwh;large_flex_cost_delta_vs_fair_leg_chf_per_load_kwh,1.0,11.0,1.0,1.0,0.0,17.0,1000.0,0.0,10.0,1.0,0.005,1.0,1.0,0.0,0.0,0.0,0.0,0.0,0.0,0.0,7.400095462799072,58.960318088531494,0.4611235223710537,0.06475628213956952,1.070232704281807,0.05435463646426797,0.7024599388241768,3.346191853284836,13.07767629623413,0.6923825144767761,296.47833824157715,0.0051213028928032145,0.31258793075858493,316.2132601646564,0.005951897182067761,-0.34073241029540313,-316.2073082674744,-5.332940123679492,-2.075770286086249,0.705148346722126,1.0,1.2866955279022818e-08,0.0059518974157981575,-0.18101641268003732,-0.3521395083516836,-0.11131304036825895,0.2231858465820551,-0.21723394916625693,-0.1964150513522327,0.015398638672195375,-0.4546947292983532,0.10255522094666958,-0.14683324098587036,0.03552020061761141,0.10255522094666958,4.0,True,True
stress_bidirectional,"{""scenario_id"": 4.0}",25,instant_stagger_1h_5,"{""policy_id"": 25.0}",validation,8,25.645483016967773,0.073974609375,0.1,4,delay_13,False,False,transformer_export_peak_kw;transformer_draw_peak_kw;max_ramp_kw;curtailed_share;tenant_cost_delta_vs_fair_leg_chf_per_load_kwh;pv_only_cost_delta_vs_fair_leg_chf_per_load_kwh;pv_battery_cost_delta_vs_fair_leg_chf_per_load_kwh;large_flex_cost_delta_vs_fair_leg_chf_per_load_kwh,1.0,11.0,1.0,1.0,0.0,17.0,1000.0,0.0,5.0,1.0,0.005,1.0,1.0,0.0,0.0,0.0,0.0,0.0,0.0,0.0,7.515251636505127,59.13919258117676,0.4601934626698494,0.06515346886590123,1.0710985213518143,0.054432956501841545,0.7066693007946014,3.3388316333293915,13.067245483398438,0.6942074596881866,296.94793128967285,0.0044329121155897155,0.3102620654308439,500.6354827772204,0.0041949739999826985,-0.34548121827057676,-500.63128780322035,-3.753227415018081,-2.0081445764763286,0.6973951682448387,1.0,1.2711041996738004e-08,0.004194973676931113,-0.18357048649340868,-0.3535983804613352,-0.10977663192898035,0.2231858465820551,-0.21899087290512398,-0.1964150513522327,0.012844564858824015,-0.4546947292983532,0.10109634883701801,-0.14683324098587036,0.03705660905689001,0.10109634883701801,4.0,True,True
stress_bidirectional,"{""scenario_id"": 4.0}",5,stagger_11_1h,"{""policy_id"": 5.0}",validation,8,25.64375877380371,0.0756988525390625,0.1,4,delay_13,False,False,transformer_export_peak_kw;transformer_draw_peak_kw;max_ramp_kw;curtailed_share;tenant_cost_delta_vs_fair_leg_chf_per_load_kwh;pv_only_cost_delta_vs_fair_leg_chf_per_load_kwh;pv_battery_cost_delta_vs_fair_leg_chf_per_load_kwh;large_flex_cost_delta_vs_fair_leg_chf_per_load_kwh,1.0,11.0,1.0,1.0,0.0,17.0,1000.0,0.0,0.0,1.0,0.005,1.0,1.0,0.0,0.0,0.0,0.0,0.0,0.0,0.0,7.688343524932861,60.380101680755615,0.4603794738650322,0.06584421545267105,1.0721373707056046,0.0560972741805017,0.7210002988576889,3.3856402039527893,13.226926326751709,0.6966892257332802,297.29332160949707,0.003794290456426097,0.3071623829524064,29915115.365284745,0.0013637714136997617,-0.35166955819859397,-29915115.363920975,-2.9053837150221318,-1.921424338139186,0.6869873255491257,1.0,1.367816682140699e-08,0.0013637715601362288,-0.18689603335224092,-0.35476143658161163,-0.10764892399311066,0.2231858465820551,-0.22182207502191886,-0.1964150513522327,0.009519017999991775,-0.4546947292983532,0.09993329271674156,-0.14683324098587036,0.039184316992759705,0.09993329271674156,4.0,True,True
stress_export_biting,"{""scenario_id"": 3.0}",12,cap_2,"{""policy_id"": 12.0}",validation,8,14.155214309692383,0.0,0.1,4,delay_13,False,False,transformer_export_peak_kw;transformer_draw_peak_kw;max_ramp_kw;curtailed_share;tenant_cost_delta_vs_fair_leg_chf_per_load_kwh;pv_only_cost_delta_vs_fair_leg_chf_per_load_kwh;pv_battery_cost_delta_vs_fair_leg_chf_per_load_kwh;large_flex_cost_delta_vs_fair_leg_chf_per_load_kwh,1.0,11.0,0.0,1.0,0.0,17.0,2.0,0.0,0.0,1.0,0.005,1.0,1.0,0.0,0.0,0.0,0.0,0.0,0.0,0.0,7.593929767608643,21.044552326202393,0.4603794738650322,0.017339656013064086,1.0320567339658737,0.0,0.8624796271324158,2.2490677535533905,5.843818187713623,0.544559869915247,71.69928550720215,0.3767463229596615,0.4983803852806822,17763824.47565385,0.21985622055384163,-0.11087070634629301,-17763824.255797625,-1.898443040938316,-1.06857237041054,0.6996034234762192,1.0,1.0433782726693153e-08,0.21985621936619282,-0.05715682776644826,-0.19866182003170252,-0.05545191070996225,0.2231858465820551,-0.003329627215862274,-0.1964150513522327,0.13925822358578444,-0.4546947292983532,0.2560329092666507,-0.14683324098587036,0.09138133027590811,0.2560329092666507,3.0,True,True
stress_export_default,"{""scenario_id"": 1.0}",23,instant_10,"{""policy_id"": 23.0}",validation,8,25.687345504760742,0.0,0.1,4,delay_13,False,False,transformer_export_peak_kw;transformer_draw_peak_kw;max_ramp_kw;curtailed_share;tenant_cost_delta_vs_fair_leg_chf_per_load_kwh;pv_only_cost_delta_vs_fair_leg_chf_per_load_kwh;pv_battery_cost_delta_vs_fair_leg_chf_per_load_kwh;large_flex_cost_delta_vs_fair_leg_chf_per_load_kwh,1.0,11.0,0.0,1.0,0.0,17.0,1000.0,0.0,10.0,1.0,0.005,1.0,1.0,0.0,0.0,0.0,0.0,0.0,0.0,0.0,7.385849952697754,59.95202016830444,0.4611235223710537,0.06443556491285563,1.0701498240232468,0.05358121846802533,0.7133114188909531,3.437301367521286,14.12057876586914,0.7012583687901497,295.4213066101074,0.006580701476195827,0.31465322227074777,315.22252328595283,0.007769257230804315,-0.3466165178831525,-315.214754028722,-5.425388454581945,-2.110939832260826,0.7100849598646164,1.0,1.2527815007601362e-08,0.007769256713800132,-0.18414962518727407,-0.3493129778653383,-0.1118808202445507,0.2231858465820551,-0.21541658986825496,-0.1964150513522327,0.012265426164958626,-0.4546947292983532,0.10538175143301487,-0.14683324098587036,0.034952420741319656,0.10538175143301487,1.0,True,True
stress_export_default,"{""scenario_id"": 1.0}",22,instant_5,"{""policy_id"": 22.0}",validation,8,25.65523910522461,0.03210639953613281,0.1,4,delay_13,False,False,transformer_export_peak_kw;transformer_draw_peak_kw;max_ramp_kw;curtailed_share;tenant_cost_delta_vs_fair_leg_chf_per_load_kwh;pv_only_cost_delta_vs_fair_leg_chf_per_load_kwh;pv_battery_cost_delta_vs_fair_leg_chf_per_load_kwh;large_flex_cost_delta_vs_fair_leg_chf_per_load_kwh,1.0,11.0,0.0,1.0,0.0,17.0,1000.0,0.0,5.0,1.0,0.005,1.0,1.0,0.0,0.0,0.0,0.0,0.0,0.0,0.0,7.405757904052734,59.58932590484619,0.4601934626698494,0.0647135772742331,1.0705191045999527,0.05434484640136361,0.7058500424027443,3.3980832695961,13.838231086730957,0.7053150981664658,295.9701900482178,0.005831282411236316,0.3128325372191501,497.484180994561,0.005709939891383523,-0.34951354006494956,-497.4784710546696,-4.16222863199058,-2.0607451952416715,0.7045670226216316,1.0,1.2607684340970593e-08,0.005709940392989665,-0.1857182186213322,-0.3501671701669693,-0.1108338963240385,0.2231858465820551,-0.21747590618906543,-0.1964150513522327,0.010696832730900496,-0.4546947292983532,0.1045275591313839,-0.14683324098587036,0.035999344661831856,0.1045275591313839,1.0,True,True
stress_export_default,"{""scenario_id"": 1.0}",29,instant_stagger_1h_10_ref101,"{""policy_id"": 29.0}",validation,8,25.644134521484375,0.04321098327636719,0.1,4,delay_13,False,False,transformer_export_peak_kw;transformer_draw_peak_kw;max_ramp_kw;curtailed_share;tenant_cost_delta_vs_fair_leg_chf_per_load_kwh;pv_only_cost_delta_vs_fair_leg_chf_per_load_kwh;pv_battery_cost_delta_vs_fair_leg_chf_per_load_kwh;large_flex_cost_delta_vs_fair_leg_chf_per_load_kwh,1.0,11.0,1.0,1.0,0.0,17.0,1000.0,0.0,10.0,1.01,0.005,1.0,1.0,0.0,0.0,0.0,0.0,0.0,0.0,0.0,7.484078407287598,58.74466896057129,0.4607514999806881,0.06477066595107317,1.0704415291547775,0.05454064719378948,0.7024675831198692,3.326879620552063,12.720763683319092,0.69414222240448,296.7853183746338,0.004817308399651665,0.3116124824558113,6246.66631999946,0.004855171823263109,-0.346462574164379,-6246.661464827636,-4.843487238105361,-2.0574142581905854,0.7024975493550301,1.0,1.2822837680559473e-08,0.004855172708630562,-0.18413669284200296,-0.3512344267219305,-0.11111059319227934,0.2231858465820551,-0.21833067387342453,-0.1964150513522327,0.012278358510229737,-0.4546947292983532,0.10346030257642269,-0.14683324098587036,0.03572264779359102,0.10346030257642269,1.0,True,True
stress_export_default,"{""scenario_id"": 1.0}",24,instant_25,"{""policy_id"": 24.0}",validation,8,25.62061309814453,0.06673240661621094,0.1,4,delay_13,False,False,transformer_export_peak_kw;transformer_draw_peak_kw;max_ramp_kw;curtailed_share;tenant_cost_delta_vs_fair_leg_chf_per_load_kwh;pv_only_cost_delta_vs_fair_leg_chf_per_load_kwh;pv_battery_cost_delta_vs_fair_leg_chf_per_load_kwh;large_flex_cost_delta_vs_fair_leg_chf_per_load_kwh,1.0,11.0,0.0,1.0,0.0,17.0,1000.0,0.0,25.0,1.0,0.005,1.0,1.0,0.0,0.0,0.0,0.0,0.0,0.0,0.0,7.240533828735352,60.78958559036255,0.4601934552192688,0.06469057966023684,1.0706420093774796,0.05358121800236404,0.7212095409631729,3.5198552906513214,14.61571455001831,0.6812195032835007,294.2867088317871,0.008008041186258197,0.3172389518935975,195.72560408222165,0.007906121230411529,-0.3453322943130228,-195.71769796099125,-5.226967267687963,-2.1509085436832147,0.7162417992949486,1.0,1.2078206879095887e-08,0.007906121492851526,-0.18349088192917407,-0.345677787438035,-0.11280539445579052,0.2231858465820551,-0.21527972508920357,-0.1964150513522327,0.012924169423058629,-0.4546947292983532,0.10901694186031818,-0.14683324098587036,0.03402784653007984,0.10901694186031818,1.0,True,True
stress_export_default,"{""scenario_id"": 1.0}",3,delay_11,"{""policy_id"": 3.0}",validation,8,25.615253448486328,0.07209205627441406,0.1,4,delay_13,False,False,transformer_export_peak_kw;transformer_draw_peak_kw;max_ramp_kw;curtailed_share;tenant_cost_delta_vs_fair_leg_chf_per_load_kwh;pv_only_cost_delta_vs_fair_leg_chf_per_load_kwh;pv_battery_cost_delta_vs_fair_leg_chf_per_load_kwh;large_flex_cost_delta_vs_fair_leg_chf_per_load_kwh,1.0,11.0,0.0,1.0,0.0,17.0,1000.0,0.0,0.0,1.0,0.005,1.0,1.0,0.0,0.0,0.0,0.0,0.0,0.0,0.0,7.594048976898193,59.298158168792725,0.4603794738650322,0.06519872276112437,1.0712036192417145,0.05497141252271831,0.7037639692425728,3.348622888326645,13.635993003845215,0.7111844792962074,296.42565155029297,0.005021935299737379,0.3103008944216147,29621149.08667334,0.0027495750090553127,-0.3537323746936807,-29621149.083923765,-3.2389399590762373,-1.9838611620877047,0.6959897801280022,1.0,1.3634742335177918e-08,0.0027495755202835426,-0.18801166032517358,-0.3506277147680521,-0.10936834383755922,0.2231858465820551,-0.22043627106177155,-0.1964150513522327,0.008403391027059115,-0.4546947292983532,0.1040670145303011,-0.14683324098587036,0.03746489714831114,0.1040670145303011,1.0,True,True
stress_export_default,"{""scenario_id"": 1.0}",26,instant_stagger_1h_10,"{""policy_id"": 26.0}",validation,8,25.614179611206055,0.0731658935546875,0.1,4,delay_13,False,False,transformer_export_peak_kw;transformer_draw_peak_kw;max_ramp_kw;curtailed_share;tenant_cost_delta_vs_fair_leg_chf_per_load_kwh;pv_only_cost_delta_vs_fair_leg_chf_per_load_kwh;pv_battery_cost_delta_vs_fair_leg_chf_per_load_kwh;large_flex_cost_delta_vs_fair_leg_chf_per_load_kwh,1.0,11.0,1.0,1.0,0.0,17.0,1000.0,0.0,10.0,1.0,0.005,1.0,1.0,0.0,0.0,0.0,0.0,0.0,0.0,0.0,7.400095462799072,58.960318088531494,0.4611235223710537,0.06475628213956952,1.070232704281807,0.05435463646426797,0.7024599388241768,3.346191853284836,13.07767629623413,0.6923825144767761,296.4783420562744,0.0051213028928032145,0.31258793075858493,315.5668768745271,0.004646765188112072,-0.34472661772024715,-315.562230109339,-5.331581786576637,-2.073052497008796,0.705148346722126,1.0,1.2866955279022818e-08,0.004646765941288322,-0.1832180917263031,-0.3501055296510458,-0.11147621460258961,0.2231858465820551,-0.21853908064076677,-0.1964150513522327,0.013196959625929594,-0.4546947292983532,0.1045891996473074,-0.14683324098587036,0.035357026383280754,0.1045891996473074,1.0,True,True
stress_export_default,"{""scenario_id"": 1.0}",25,instant_stagger_1h_5,"{""policy_id"": 25.0}",validation,8,25.611610412597656,0.07573509216308594,0.1,4,delay_13,False,False,transformer_export_peak_kw;transformer_draw_peak_kw;max_ramp_kw;curtailed_share;tenant_cost_delta_vs_fair_leg_chf_per_load_kwh;pv_only_cost_delta_vs_fair_leg_chf_per_load_kwh;pv_battery_cost_delta_vs_fair_leg_chf_per_load_kwh;large_flex_cost_delta_vs_fair_leg_chf_per_load_kwh,1.0,11.0,1.0,1.0,0.0,17.0,1000.0,0.0,5.0,1.0,0.005,1.0,1.0,0.0,0.0,0.0,0.0,0.0,0.0,0.0,7.515251636505127,59.13919258117676,0.4601934626698494,0.06515346886590123,1.0710985213518143,0.054432956501841545,0.7066693007946014,3.3388316333293915,13.067245483398438,0.6942074596881866,296.9479160308838,0.0044329121155897155,0.3102620654308439,499.5862030549675,0.002749858464772926,-0.3497327456557601,-499.58345319650266,-3.7534837362076967,-2.005195589666049,0.6973951682448387,1.0,1.2711041996738004e-08,0.002749856503214687,-0.18591107537213247,-0.35131678730249405,-0.10999124404042959,0.2231858465820551,-0.2204359900788404,-0.1964150513522327,0.010503975980100222,-0.4546947292983532,0.10337794199585915,-0.14683324098587036,0.03684199694544077,0.10337794199585915,1.0,True,True
stress_export_default,"{""scenario_id"": 1.0}",5,stagger_11_1h,"{""policy_id"": 5.0}",validation,8,25.605083465576172,0.08226203918457031,0.1,4,delay_13,False,False,transformer_export_peak_kw;transformer_draw_peak_kw;max_ramp_kw;curtailed_share;tenant_cost_delta_vs_fair_leg_chf_per_load_kwh;pv_only_cost_delta_vs_fair_leg_chf_per_load_kwh;pv_battery_cost_delta_vs_fair_leg_chf_per_load_kwh;large_flex_cost_delta_vs_fair_leg_chf_per_load_kwh,1.0,11.0,1.0,1.0,0.0,17.0,1000.0,0.0,0.0,1.0,0.005,1.0,1.0,0.0,0.0,0.0,0.0,0.0,0.0,0.0,7.688343524932861,60.380101680755615,0.4603794738650322,0.06584421545267105,1.0721373707056046,0.0560972741805017,0.7210002988576889,3.3856402039527893,13.226926326751709,0.6966892257332802,297.2933120727539,0.003794290456426097,0.3071623829524064,29870053.08359451,-0.0003063346833712191,-0.3565511804217555,-29870053.08390084,-2.9068180880603243,-1.9181403394591479,0.6869873255491257,1.0,1.367816682140699e-08,-0.0003063353360630572,-0.18958247141563334,-0.3520437516272068,-0.10794369503855705,0.2231858465820551,-0.22349218191811815,-0.1964150513522327,0.006832579936599359,-0.4546947292983532,0.10265097767114639,-0.14683324098587036,0.03888954594731331,0.10265097767114639,1.0,True,True
stress_export_tuned,"{""scenario_id"": 2.0}",10,cap_8,"{""policy_id"": 10.0}",validation,8,29.412364959716797,0.0,0.1,4,delay_13,False,False,transformer_export_peak_kw;transformer_draw_peak_kw;max_ramp_kw;curtailed_share;tenant_cost_delta_vs_fair_leg_chf_per_load_kwh;pv_only_cost_delta_vs_fair_leg_chf_per_load_kwh;pv_battery_cost_delta_vs_fair_leg_chf_per_load_kwh;large_flex_cost_delta_vs_fair_leg_chf_per_load_kwh,1.0,11.0,0.0,1.0,0.0,17.0,8.0,0.0,0.0,1.0,0.005,1.0,1.0,0.0,0.0,0.0,0.0,0.0,0.0,0.0,7.593870162963867,55.61208772659302,0.4603794738650322,0.0625444371253252,1.0676965415477753,0.05059523764066398,0.758944496512413,3.179471105337143,13.124644756317139,0.6979924812912941,287.92859649658203,0.018842464545741677,0.31464284619320704,31395347.015451316,0.13011899942170338,-0.38486537546808697,-31395346.885332316,-3.6064653517471696,-2.2377936680426,0.6959897801280022,1.0,1.3571914925236683e-08,0.13011900149285793,-0.20282581355422735,-0.4026030842214823,-0.12286115996539593,0.2231858465820551,-0.09306684508919716,-0.1964150513522327,-0.0064107622019946575,-0.4546947292983532,0.05209164507687092,-0.14683324098587036,0.023972081020474434,0.05209164507687092,2.0,True,True
stress_funds_tenant_floor,"{""scenario_id"": 24.0}",11,cap_4,"{""policy_id"": 11.0}",validation,8,20.566904067993164,0.0,0.1,4,delay_13,False,False,transformer_export_peak_kw;transformer_draw_peak_kw;max_ramp_kw;curtailed_share;tenant_cost_delta_vs_fair_leg_chf_per_load_kwh;pv_only_cost_delta_vs_fair_leg_chf_per_load_kwh;pv_battery_cost_delta_vs_fair_leg_chf_per_load_kwh;large_flex_cost_delta_vs_fair_leg_chf_per_load_kwh,1.0,11.0,0.0,1.0,0.0,17.0,4.0,0.0,0.0,1.0,0.005,1.0,1.0,0.0,0.0,0.0,0.0,0.0,0.0,0.0,7.594048976898193,37.7538800239563,0.4603794738650322,0.03793741622939706,1.0499321222305298,0.010749530221801251,0.8554679229855537,2.6740145683288574,7.724523544311523,0.5444963872432709,190.34450340270996,0.17971608601510525,0.37653615165186893,23221052.494881347,0.1328708677687592,-0.2320631784011521,-23221052.360929437,-2.5952208226310516,-1.5885783057879908,0.6960003152489662,1.0,6.613789516052293e-09,0.13287086924538016,-0.12062153918668628,-0.2977137342095375,-0.0861109965480864,0.2231858465820551,-0.09031497733667493,-0.1964150513522327,0.07579351216554642,-0.4546947292983532,0.1569809950888157,-0.14683324098587036,0.060722244437783957,0.1569809950888157,24.0,True,True
stress_funds_tenant_floor,"{""scenario_id"": 24.0}",17,voltage_cap,"{""policy_id"": 17.0}",validation,8,20.530349731445312,0.03655433654785156,0.1,4,delay_13,False,False,transformer_export_peak_kw;transformer_draw_peak_kw;max_ramp_kw;curtailed_share;tenant_cost_delta_vs_fair_leg_chf_per_load_kwh;pv_only_cost_delta_vs_fair_leg_chf_per_load_kwh;pv_battery_cost_delta_vs_fair_leg_chf_per_load_kwh;large_flex_cost_delta_vs_fair_leg_chf_per_load_kwh,1.0,11.0,0.0,1.0,0.0,17.0,4.0,25.0,0.0,1.0,0.005,1.0,1.0,0.0,0.0,0.0,0.0,0.0,0.0,0.0,7.64542818069458,36.60064935684204,0.4607514962553978,0.03683281922712922,1.0487745851278305,0.008488016872433946,0.8353680223226547,2.6494871377944946,6.504714488983154,0.5933692753314972,186.96047973632812,0.1853468455374241,0.3833443142952224,202.3204172463173,0.14450214011120888,-0.23769832359322834,-202.17591510620613,-4.758873322069394,-1.670746636798789,0.7074398696422577,1.0,6.53203602318797e-09,0.1445021410472691,-0.12357584130950272,-0.29777295142412186,-0.08671475388109684,0.2231858465820551,-0.07868370553478599,-0.1964150513522327,0.07283921004272997,-0.4546947292983532,0.15692177787423134,-0.14683324098587036,0.06011848710477352,0.15692177787423134,24.0,True,True
stress_tenant_exempt,"{""scenario_id"": 5.0}",23,instant_10,"{""policy_id"": 23.0}",validation,8,25.62820053100586,0.0,0.1,4,delay_13,False,False,transformer_export_peak_kw;transformer_draw_peak_kw;max_ramp_kw;curtailed_share;tenant_cost_delta_vs_fair_leg_chf_per_load_kwh;pv_only_cost_delta_vs_fair_leg_chf_per_load_kwh;pv_battery_cost_delta_vs_fair_leg_chf_per_load_kwh;large_flex_cost_delta_vs_fair_leg_chf_per_load_kwh,1.0,11.0,0.0,1.0,0.0,17.0,1000.0,0.0,10.0,1.0,0.005,1.0,1.0,0.0,0.0,0.0,0.0,0.0,0.0,0.0,7.385849952697754,59.95202016830444,0.4611235223710537,0.06443556491285563,1.0701498240232468,0.05358121846802533,0.7133114188909531,3.437301367521286,14.12057876586914,0.7012583687901497,295.42131423950195,0.006580701476195827,0.31465322227074777,315.48882765220964,0.006354111928659558,-0.34088405851030035,-315.4824735402809,-5.420561590952921,-2.1080881823915374,0.7100849598646164,1.0,1.2527815007601362e-08,0.00635411188704893,-0.1809819865738973,-0.350213123485446,-0.11135600320994854,0.2231858465820551,-0.21683173469500616,-0.1964150513522327,0.015433064778335392,-0.4546947292983532,0.10448160581290722,-0.14683324098587036,0.03547723777592182,0.10448160581290722,5.0,True,True
stress_tenant_exempt,"{""scenario_id"": 5.0}",22,instant_5,"{""policy_id"": 22.0}",validation,8,25.593353271484375,0.034847259521484375,0.1,4,delay_13,False,False,transformer_export_peak_kw;transformer_draw_peak_kw;max_ramp_kw;curtailed_share;tenant_cost_delta_vs_fair_leg_chf_per_load_kwh;pv_only_cost_delta_vs_fair_leg_chf_per_load_kwh;pv_battery_cost_delta_vs_fair_leg_chf_per_load_kwh;large_flex_cost_delta_vs_fair_leg_chf_per_load_kwh,1.0,11.0,0.0,1.0,0.0,17.0,1000.0,0.0,5.0,1.0,0.005,1.0,1.0,0.0,0.0,0.0,0.0,0.0,0.0,0.0,7.405757904052734,59.58932590484619,0.4601934626698494,0.0647135772742331,1.0705191045999527,0.05434484640136361,0.7058500424027443,3.3980832695961,13.838231086730957,0.7053150981664658,295.97020149230957,0.005831282411236316,0.3128325372191501,497.8859020530839,0.004150789935429982,-0.343438704310693,-497.8817512631485,-4.156230065297793,-2.0576600414163235,0.7045670226216316,1.0,1.2607684340970593e-08,0.004150788940023631,-0.1823657782515511,-0.351148409768939,-0.1102357991039753,0.2231858465820551,-0.21903505764203146,-0.1964150513522327,0.014049273100681603,-0.4546947292983532,0.10354631952941418,-0.14683324098587036,0.036597441881895065,0.10354631952941418,5.0,True,True
stress_tenant_exempt,"{""scenario_id"": 5.0}",29,instant_stagger_1h_10_ref101,"{""policy_id"": 29.0}",validation,8,25.580310821533203,0.04788970947265625,0.1,4,delay_13,False,False,transformer_export_peak_kw;transformer_draw_peak_kw;max_ramp_kw;curtailed_share;tenant_cost_delta_vs_fair_leg_chf_per_load_kwh;pv_only_cost_delta_vs_fair_leg_chf_per_load_kwh;pv_battery_cost_delta_vs_fair_leg_chf_per_load_kwh;large_flex_cost_delta_vs_fair_leg_chf_per_load_kwh,1.0,11.0,1.0,1.0,0.0,17.0,1000.0,0.0,10.0,1.01,0.005,1.0,1.0,0.0,0.0,0.0,0.0,0.0,0.0,0.0,7.484078407287598,58.74466896057129,0.4607514999806881,0.06477066595107317,1.0704415291547775,0.05454064719378948,0.7024675831198692,3.326879620552063,12.720763683319092,0.69414222240448,296.7853374481201,0.004817308399651665,0.3116124824558113,6249.608020602804,0.0032467891646684385,-0.34031333682168863,-6249.6047738136385,-4.837583635323378,-2.0542749723453633,0.7024975493550301,1.0,1.2822837680559473e-08,0.003246787760872394,-0.18074209010228515,-0.35224152728915215,-0.11048418376594782,0.2231858465820551,-0.2199390588211827,-0.1964150513522327,0.015672961249947548,-0.4546947292983532,0.10245320200920105,-0.14683324098587036,0.03634905721992254,0.10245320200920105,5.0,True,True
stress_tenant_exempt,"{""scenario_id"": 5.0}",24,instant_25,"{""policy_id"": 24.0}",validation,8,25.563899993896484,0.064300537109375,0.1,4,delay_13,False,False,transformer_export_peak_kw;transformer_draw_peak_kw;max_ramp_kw;curtailed_share;tenant_cost_delta_vs_fair_leg_chf_per_load_kwh;pv_only_cost_delta_vs_fair_leg_chf_per_load_kwh;pv_battery_cost_delta_vs_fair_leg_chf_per_load_kwh;large_flex_cost_delta_vs_fair_leg_chf_per_load_kwh,1.0,11.0,0.0,1.0,0.0,17.0,1000.0,0.0,25.0,1.0,0.005,1.0,1.0,0.0,0.0,0.0,0.0,0.0,0.0,0.0,7.240533828735352,60.78958559036255,0.4601934552192688,0.06469057966023684,1.0706420093774796,0.05358121800236404,0.7212095409631729,3.5198552906513214,14.61571455001831,0.6812195032835007,294.2866973876953,0.008008041186258197,0.3172389518935975,195.91771979626364,0.00672648626969545,-0.3402840425589252,-195.91099330999396,-5.223098286686277,-2.1484940320329247,0.7162417992949486,1.0,1.2078206879095887e-08,0.006726487656123936,-0.18068924196995795,-0.3464752286672592,-0.11237228009849787,0.2231858465820551,-0.21645935892593116,-0.1964150513522327,0.015725809382274747,-0.4546947292983532,0.10821950063109398,-0.14683324098587036,0.034460960887372494,0.10821950063109398,5.0,True,True
stress_tenant_exempt,"{""scenario_id"": 5.0}",26,instant_stagger_1h_10,"{""policy_id"": 26.0}",validation,8,25.55303192138672,0.07516860961914062,0.1,4,delay_13,False,False,transformer_export_peak_kw;transformer_draw_peak_kw;max_ramp_kw;curtailed_share;tenant_cost_delta_vs_fair_leg_chf_per_load_kwh;pv_only_cost_delta_vs_fair_leg_chf_per_load_kwh;pv_battery_cost_delta_vs_fair_leg_chf_per_load_kwh;large_flex_cost_delta_vs_fair_leg_chf_per_load_kwh,1.0,11.0,1.0,1.0,0.0,17.0,1000.0,0.0,10.0,1.0,0.005,1.0,1.0,0.0,0.0,0.0,0.0,0.0,0.0,0.0,7.400095462799072,58.960318088531494,0.4611235223710537,0.06475628213956952,1.070232704281807,0.05435463646426797,0.7024599388241768,3.346191853284836,13.07767629623413,0.6923825144767761,296.4783344268799,0.0051213028928032145,0.31258793075858493,315.8527145127764,0.00313963926511375,-0.3388030068963973,-315.8495748735113,-5.326332181005789,-2.070082038972929,0.705148346722126,1.0,1.2866955279022818e-08,0.0031396393314935267,-0.1799452690174803,-0.35106364265084267,-0.110898207873106,0.2231858465820551,-0.22004620725056157,-0.1964150513522327,0.01646978233475238,-0.4546947292983532,0.10363108664751053,-0.14683324098587036,0.03593503311276436,0.10363108664751053,5.0,True,True
stress_tenant_exempt,"{""scenario_id"": 5.0}",3,delay_11,"{""policy_id"": 3.0}",validation,8,25.54666519165039,0.08153533935546875,0.1,4,delay_13,False,False,transformer_export_peak_kw;transformer_draw_peak_kw;max_ramp_kw;curtailed_share;tenant_cost_delta_vs_fair_leg_chf_per_load_kwh;pv_only_cost_delta_vs_fair_leg_chf_per_load_kwh;pv_battery_cost_delta_vs_fair_leg_chf_per_load_kwh;large_flex_cost_delta_vs_fair_leg_chf_per_load_kwh,1.0,11.0,0.0,1.0,0.0,17.0,1000.0,0.0,0.0,1.0,0.005,1.0,1.0,0.0,0.0,0.0,0.0,0.0,0.0,0.0,7.594048976898193,59.298158168792725,0.4603794738650322,0.06519872276112437,1.0712036192417145,0.05497141252271831,0.7037639692425728,3.348622888326645,13.635993003845215,0.7111844792962074,296.4256477355957,0.005021935299737379,0.3103008944216147,29637500.578142945,0.0008736478873313074,-0.3469525011330383,-29637500.577269297,-3.2315190327503176,-1.9802725412085609,0.6959897801280022,1.0,1.3634742335177918e-08,0.0008736479794606566,-0.18427516426891088,-0.3517146110534668,-0.1086467606946826,0.2231858465820551,-0.22231219860259444,-0.1964150513522327,0.01213988708332181,-0.4546947292983532,0.1029801182448864,-0.14683324098587036,0.03818648029118776,0.1029801182448864,5.0,True,True
stress_tenant_exempt,"{""scenario_id"": 5.0}",25,instant_stagger_1h_5,"{""policy_id"": 25.0}",validation,8,25.5459041595459,0.08229637145996094,0.1,4,delay_13,False,False,transformer_export_peak_kw;transformer_draw_peak_kw;max_ramp_kw;curtailed_share;tenant_cost_delta_vs_fair_leg_chf_per_load_kwh;pv_only_cost_delta_vs_fair_leg_chf_per_load_kwh;pv_battery_cost_delta_vs_fair_leg_chf_per_load_kwh;large_flex_cost_delta_vs_fair_leg_chf_per_load_kwh,1.0,11.0,1.0,1.0,0.0,17.0,1000.0,0.0,5.0,1.0,0.005,1.0,1.0,0.0,0.0,0.0,0.0,0.0,0.0,0.0,7.515251636505127,59.13919258117676,0.4601934626698494,0.06515346886590123,1.0710985213518143,0.054432956501841545,0.7066693007946014,3.3388316333293915,13.067245483398438,0.6942074596881866,296.9479217529297,0.0044329121155897155,0.3102620654308439,500.032666688303,0.0010234331777171403,-0.34329300861072404,-500.0316432551253,-3.7468753610039376,-2.0018848289077846,0.6973951682448387,1.0,1.2711041996738004e-08,0.0010234331130050123,-0.1823589033447206,-0.3523837849497795,-0.10930944234132767,0.2231858465820551,-0.22216241346905008,-0.1964150513522327,0.014056148007512093,-0.4546947292983532,0.10231094434857368,-0.14683324098587036,0.037523798644542694,0.10231094434857368,5.0,True,True
stress_tenant_exempt,"{""scenario_id"": 5.0}",5,stagger_11_1h,"{""policy_id"": 5.0}",validation,8,25.53171730041504,0.09648323059082031,0.1,4,delay_13,False,False,transformer_export_peak_kw;transformer_draw_peak_kw;max_ramp_kw;curtailed_share;tenant_cost_delta_vs_fair_leg_chf_per_load_kwh;pv_only_cost_delta_vs_fair_leg_chf_per_load_kwh;pv_battery_cost_delta_vs_fair_leg_chf_per_load_kwh;large_flex_cost_delta_vs_fair_leg_chf_per_load_kwh,1.0,11.0,1.0,1.0,0.0,17.0,1000.0,0.0,0.0,1.0,0.005,1.0,1.0,0.0,0.0,0.0,0.0,0.0,0.0,0.0,7.688343524932861,60.380101680755615,0.4603794738650322,0.06584421545267105,1.0721373707056046,0.0560972741805017,0.7210002988576889,3.3856402039527893,13.226926326751709,0.6966892257332802,297.2933235168457,0.003794290456426097,0.3071623829524064,29887860.610204957,-0.002527706913755444,-0.34897045198462195,-29887860.61273266,-2.898572282274317,-1.9141020302457064,0.6869873255491257,1.0,1.367816682140699e-08,-0.0025277069362346083,-0.1854053256683983,-0.35326995328068733,-0.10707677155733109,0.2231858465820551,-0.2257135535182897,-0.1964150513522327,0.011009725683834404,-0.4546947292983532,0.10142477601766586,-0.14683324098587036,0.039756469428539276,0.10142477601766586,5.0,True,True
subsidy_ablation,"{""scenario_id"": 27.0}",4,delay_13,"{""policy_id"": 4.0}",validation,8,47.381317138671875,0.0,0.1,4,delay_13,False,False,transformer_export_peak_kw;transformer_draw_peak_kw;max_ramp_kw;curtailed_share;tenant_cost_delta_vs_fair_leg_chf_per_load_kwh;pv_only_cost_delta_vs_fair_leg_chf_per_load_kwh;pv_battery_cost_delta_vs_fair_leg_chf_per_load_kwh;large_flex_cost_delta_vs_fair_leg_chf_per_load_kwh,1.0,13.0,0.0,1.0,0.0,17.0,1000.0,0.0,0.0,1.0,0.005,1.0,1.0,0.0,0.0,0.0,0.0,0.0,0.0,0.0,9.377837181091309,63.93289613723755,0.4596354179084301,0.07081815367564559,1.0800153762102127,0.06520206714048982,0.7637733221054077,3.519452780485153,10.187506675720215,0.7172819897532463,539.8243522644043,0.0023024828513484863,0.292871624516459,30789304.413064584,0.009848876626959123,-0.6753179373578436,-30789304.403215706,-2.756358695574731,-2.832121224052428,0.6393399015069008,1.0,1.3602866388850998e-08,0.00984887668164447,-0.3590970244258642,-0.6180957853794098,-0.20973127521574497,0.2231858465820551,-0.21333696990041062,-0.1964150513522327,-0.16268197307363153,-0.4546947292983532,-0.1634010560810566,-0.14683324098587036,-0.06289803422987461,-0.06289803422987461,27.0,True,True
subsidy_ablation,"{""scenario_id"": 27.0}",7,slow_stagger,"{""policy_id"": 7.0}",validation,8,47.34440612792969,0.0369110107421875,0.1,4,delay_13,False,False,transformer_export_peak_kw;transformer_draw_peak_kw;max_ramp_kw;curtailed_share;tenant_cost_delta_vs_fair_leg_chf_per_load_kwh;pv_only_cost_delta_vs_fair_leg_chf_per_load_kwh;pv_battery_cost_delta_vs_fair_leg_chf_per_load_kwh;large_flex_cost_delta_vs_fair_leg_chf_per_load_kwh,1.0,11.0,2.0,0.5,0.0,17.0,1000.0,0.0,0.0,1.0,0.005,1.0,1.0,0.0,0.0,0.0,0.0,0.0,0.0,0.0,10.032296180725098,62.462448596954346,0.4585193507373333,0.06963598821312189,1.0769278556108475,0.06473214272409678,0.7523927018046379,3.323030650615692,5.9105753898620605,0.7398773357272148,538.9186019897461,0.0023397648547368345,0.27924034552801413,30796360.662836555,0.009865089318348189,-0.6749853456110957,-30796360.652971465,-1.685945298978626,-2.281163443109443,0.5919906571507454,1.0,1.3733862713749545e-08,0.009865089261438698,-0.3589206226170063,-0.6180944256484509,-0.20872336253523827,0.2231858465820551,-0.2133207573206164,-0.1964150513522327,-0.1625055712647736,-0.4546947292983532,-0.16339969635009766,-0.14683324098587036,-0.061890121549367905,-0.061890121549367905,27.0,True,True
subsidy_ablation,"{""scenario_id"": 27.0}",31,instant_slow_stagger_1h,"{""policy_id"": 31.0}",validation,8,47.3432731628418,0.038043975830078125,0.1,4,delay_13,False,False,transformer_export_peak_kw;transformer_draw_peak_kw;max_ramp_kw;curtailed_share;tenant_cost_delta_vs_fair_leg_chf_per_load_kwh;pv_only_cost_delta_vs_fair_leg_chf_per_load_kwh;pv_battery_cost_delta_vs_fair_leg_chf_per_load_kwh;large_flex_cost_delta_vs_fair_leg_chf_per_load_kwh,1.0,11.0,1.0,0.5,0.0,17.0,1000.0,0.0,10.0,1.0,0.005,1.0,1.0,0.0,0.0,0.0,0.0,0.0,0.0,0.0,7.973611354827881,58.36606025695801,0.4603794738650322,0.06561028538271785,1.0697836428880692,0.0575559982098639,0.7136711180210114,3.2468832433223724,7.850706577301025,0.7602918967604637,539.8852005004883,0.0030184937440935755,0.3035961656659809,594.005550788848,0.009838336646251661,-0.6751496143699847,-593.9957124522019,-4.888474899335473,-3.3695723888575397,0.6758133172988892,1.0,1.324178278139243e-08,0.009838336787652224,-0.3590084156021476,-0.6171085089445114,-0.21036800555884838,0.2231858465820551,-0.21334750979440287,-0.1964150513522327,-0.16259336424991488,-0.4546947292983532,-0.16241377964615822,-0.14683324098587036,-0.06353476457297802,-0.06353476457297802,27.0,True,True
subsidy_ablation,"{""scenario_id"": 27.0}",6,stagger_11_2h,"{""policy_id"": 6.0}",validation,8,47.320613861083984,0.060703277587890625,0.1,4,delay_13,False,False,transformer_export_peak_kw;transformer_draw_peak_kw;max_ramp_kw;curtailed_share;tenant_cost_delta_vs_fair_leg_chf_per_load_kwh;pv_only_cost_delta_vs_fair_leg_chf_per_load_kwh;pv_battery_cost_delta_vs_fair_leg_chf_per_load_kwh;large_flex_cost_delta_vs_fair_leg_chf_per_load_kwh,1.0,11.0,2.0,1.0,0.0,17.0,1000.0,0.0,0.0,1.0,0.005,1.0,1.0,0.0,0.0,0.0,0.0,0.0,0.0,0.0,8.262276649475098,61.499595165252686,0.460007444024086,0.0667214635759592,1.0736812949180603,0.05728187598288059,0.7336159721016884,3.431496798992157,9.577751159667969,0.6486298143863678,539.5129318237305,0.0031608147437509615,0.3034372609290172,30783070.084029786,0.009835578263473612,-0.6751741716969333,-30783070.074194204,-4.951657265593437,-3.329535931384764,0.6746954992413521,1.0,1.3510677354666711e-08,0.009835578268393874,-0.359021682292223,-0.6173111572861671,-0.20981530472636223,0.2231858465820551,-0.21335026831366122,-0.1964150513522327,-0.16260663093999028,-0.4546947292983532,-0.16261642798781395,-0.14683324098587036,-0.06298206374049187,-0.06298206374049187,27.0,True,True
subsidy_ablation,"{""scenario_id"": 27.0}",5,stagger_11_1h,"{""policy_id"": 5.0}",validation,8,47.295936584472656,0.08538055419921875,0.1,4,delay_13,False,False,transformer_export_peak_kw;transformer_draw_peak_kw;max_ramp_kw;curtailed_share;tenant_cost_delta_vs_fair_leg_chf_per_load_kwh;pv_only_cost_delta_vs_fair_leg_chf_per_load_kwh;pv_battery_cost_delta_vs_fair_leg_chf_per_load_kwh;large_flex_cost_delta_vs_fair_leg_chf_per_load_kwh,1.0,11.0,1.0,1.0,0.0,17.0,1000.0,0.0,0.0,1.0,0.005,1.0,1.0,0.0,0.0,0.0,0.0,0.0,0.0,0.0,7.688343524932861,60.380101680755615,0.4603794738650322,0.06584421545267105,1.0721373707056046,0.0560972741805017,0.7210002988576889,3.3856402039527893,13.226926326751709,0.6966892257332802,539.213680267334,0.003794290456426097,0.3071623829524064,54124894.5547254,0.009832623581981757,-0.6752121969799804,-54124894.54489277,-5.672346607521403,-3.5126527668536855,0.6869873255491257,1.0,1.367816682140699e-08,0.009832623414695263,-0.35904248151928186,-0.6169391572475433,-0.20966262556612492,0.2231858465820551,-0.21335322316735983,-0.1964150513522327,-0.16262743016704917,-0.4546947292983532,-0.16224442794919014,-0.14683324098587036,-0.06282938458025455,-0.06282938458025455,27.0,True,True
subsidy_ablation,"{""scenario_id"": 27.0}",28,instant_stagger_2h_10,"{""policy_id"": 28.0}",validation,8,47.28707504272461,0.09424209594726562,0.1,4,delay_13,False,False,transformer_export_peak_kw;transformer_draw_peak_kw;max_ramp_kw;curtailed_share;tenant_cost_delta_vs_fair_leg_chf_per_load_kwh;pv_only_cost_delta_vs_fair_leg_chf_per_load_kwh;pv_battery_cost_delta_vs_fair_leg_chf_per_load_kwh;large_flex_cost_delta_vs_fair_leg_chf_per_load_kwh,1.0,11.0,2.0,1.0,0.0,17.0,1000.0,0.0,10.0,1.0,0.005,1.0,1.0,0.0,0.0,0.0,0.0,0.0,0.0,0.0,7.4043869972229,58.643639087677,0.4609375111758709,0.06507851695641875,1.0707576721906662,0.05477561056613922,0.7041191309690475,3.319744735956192,12.815296649932861,0.6609846577048302,539.1515846252441,0.004174396861344576,0.31037561683383263,595.755388122452,0.009830487828419063,-0.6752348831876246,-595.7455576346237,-8.776626197911657,-3.70208311547126,0.6988474801182747,1.0,1.2610737898377522e-08,0.009830487775616348,-0.35905444994568825,-0.6164670810103416,-0.20984980836510658,0.2231858465820551,-0.21335535880643874,-0.1964150513522327,-0.16263939859345555,-0.4546947292983532,-0.16177235171198845,-0.14683324098587036,-0.06301656737923622,-0.06301656737923622,27.0,True,True
tou_midday_export,"{""scenario_id"": 7.0}",29,instant_stagger_1h_10_ref101,"{""policy_id"": 29.0}",validation,8,30.183917999267578,0.08987617492675781,0.1,4,delay_13,False,False,transformer_export_peak_kw;transformer_draw_peak_kw;max_ramp_kw;curtailed_share;tenant_cost_delta_vs_fair_leg_chf_per_load_kwh;pv_only_cost_delta_vs_fair_leg_chf_per_load_kwh;pv_battery_cost_delta_vs_fair_leg_chf_per_load_kwh;large_flex_cost_delta_vs_fair_leg_chf_per_load_kwh,1.0,11.0,1.0,1.0,0.0,17.0,1000.0,0.0,10.0,1.01,0.005,1.0,1.0,0.0,0.0,0.0,0.0,0.0,0.0,0.0,7.484078407287598,58.74466896057129,0.4607514999806881,0.06477066595107317,1.0704415291547775,0.05454064719378948,0.7024675831198692,3.326879620552063,12.720763683319092,0.69414222240448,296.7852668762207,0.004817308399651665,0.3116124824558113,8291.050179388809,0.11390509074771271,-0.3447460000044443,-8290.936274298061,-5.963741625710482,-2.3832293956071147,0.7024975493550301,1.0,1.2822837680559473e-08,0.11390509083867073,-0.18168523476924747,-0.39869430288672447,-0.13247531186789274,0.2231858465820551,-0.10928075574338436,-0.1964150513522327,0.014729816582985222,-0.4546947292983532,0.05600042641162872,-0.14683324098587036,0.01435792911797762,0.05600042641162872,7.0,True,True
two_part_volumetric,"{""scenario_id"": 21.0}",29,instant_stagger_1h_10_ref101,"{""policy_id"": 29.0}",validation,8,32.36772155761719,0.0654296875,0.1,4,delay_13,False,False,transformer_export_peak_kw;transformer_draw_peak_kw;max_ramp_kw;curtailed_share;tenant_cost_delta_vs_fair_leg_chf_per_load_kwh;pv_only_cost_delta_vs_fair_leg_chf_per_load_kwh;pv_battery_cost_delta_vs_fair_leg_chf_per_load_kwh;large_flex_cost_delta_vs_fair_leg_chf_per_load_kwh,1.0,11.0,1.0,1.0,0.0,17.0,1000.0,0.0,10.0,1.01,0.005,1.0,1.0,0.0,0.0,0.0,0.0,0.0,0.0,0.0,7.484078407287598,58.74466896057129,0.4607514999806881,0.06477066595107317,1.0704415291547775,0.05454064719378948,0.7024675831198692,3.326879620552063,12.720763683319092,0.69414222240448,296.7853202819824,0.004817308399651665,0.3116124824558113,8967.797484799337,0.17992725303585397,-0.3587880426060374,-8967.617557546304,-6.363684057192161,-2.556332491761479,0.7024975493550301,1.0,1.2822837680559473e-08,0.17992725409567356,-0.18816434778273106,-0.4334014058113098,-0.14032898470759392,0.2231858465820551,-0.04325859248638153,-0.1964150513522327,0.008250703569501638,-0.4546947292983532,0.02129332348704338,-0.14683324098587036,0.0065042562782764435,0.02129332348704338,21.0,True,True
two_part_volumetric,"{""scenario_id"": 21.0}",26,instant_stagger_1h_10,"{""policy_id"": 26.0}",validation,8,32.34982681274414,0.08332443237304688,0.1,4,delay_13,False,False,transformer_export_peak_kw;transformer_draw_peak_kw;max_ramp_kw;curtailed_share;tenant_cost_delta_vs_fair_leg_chf_per_load_kwh;pv_only_cost_delta_vs_fair_leg_chf_per_load_kwh;pv_battery_cost_delta_vs_fair_leg_chf_per_load_kwh;large_flex_cost_delta_vs_fair_leg_chf_per_load_kwh,1.0,11.0,1.0,1.0,0.0,17.0,1000.0,0.0,10.0,1.0,0.005,1.0,1.0,0.0,0.0,0.0,0.0,0.0,0.0,0.0,7.400095462799072,58.960318088531494,0.4611235223710537,0.06475628213956952,1.070232704281807,0.05435463646426797,0.7024599388241768,3.346191853284836,13.07767629623413,0.6923825144767761,296.47835540771484,0.0051213028928032145,0.31258793075858493,443.16507798282976,0.18006080236329683,-0.3586465728793715,-442.98501718046646,-6.945490921411849,-2.57712091120029,0.705148346722126,1.0,1.2866955279022818e-08,0.18006080016493797,-0.18808697629719973,-0.43291543051600456,-0.14031889289617538,0.2231858465820551,-0.04312504641711712,-0.1964150513522327,0.008328075055032969,-0.4546947292983532,0.021779298782348633,-0.14683324098587036,0.006514348089694977,0.021779298782348633,21.0,True,True
voltage_level_exposure,"{""scenario_id"": 15.0}",29,instant_stagger_1h_10_ref101,"{""policy_id"": 29.0}",validation,8,30.627166748046875,0.07372283935546875,0.1,4,delay_13,False,False,transformer_export_peak_kw;transformer_draw_peak_kw;max_ramp_kw;curtailed_share;tenant_cost_delta_vs_fair_leg_chf_per_load_kwh;pv_only_cost_delta_vs_fair_leg_chf_per_load_kwh;pv_battery_cost_delta_vs_fair_leg_chf_per_load_kwh;large_flex_cost_delta_vs_fair_leg_chf_per_load_kwh,1.0,11.0,1.0,1.0,0.0,17.0,1000.0,0.0,10.0,1.01,0.005,1.0,1.0,0.0,0.0,0.0,0.0,0.0,0.0,0.0,7.484078407287598,58.74466896057129,0.4607514999806881,0.06477066595107317,1.0704415291547775,0.05454064719378948,0.7024675831198692,3.326879620552063,12.720763683319092,0.69414222240448,296.7853088378906,0.004817308399651665,0.3116124824558113,9151.77410726893,0.1359414435495802,-0.480539137916602,-9151.638165825381,-4.835566107133034,-2.428221577208136,0.7024975493550301,1.0,1.2822837680559473e-08,0.1359414446633309,-0.25393021130003035,-0.43944648280739784,-0.10448035597801208,0.2231858465820551,-0.08724440191872418,-0.1964150513522327,-0.057515159947797656,-0.4546947292983532,0.015248246490955353,-0.14683324098587036,0.042352885007858276,0.042352885007858276,15.0,True,True
voltage_level_exposure,"{""scenario_id"": 15.0}",26,instant_stagger_1h_10,"{""policy_id"": 26.0}",validation,8,30.601604461669922,0.09928512573242188,0.1,4,delay_13,False,False,transformer_export_peak_kw;transformer_draw_peak_kw;max_ramp_kw;curtailed_share;tenant_cost_delta_vs_fair_leg_chf_per_load_kwh;pv_only_cost_delta_vs_fair_leg_chf_per_load_kwh;pv_battery_cost_delta_vs_fair_leg_chf_per_load_kwh;large_flex_cost_delta_vs_fair_leg_chf_per_load_kwh,1.0,11.0,1.0,1.0,0.0,17.0,1000.0,0.0,10.0,1.0,0.005,1.0,1.0,0.0,0.0,0.0,0.0,0.0,0.0,0.0,7.400095462799072,58.960318088531494,0.4611235223710537,0.06475628213956952,1.070232704281807,0.05435463646426797,0.7024599388241768,3.346191853284836,13.07767629623413,0.6923825144767761,296.4783477783203,0.0051213028928032145,0.31258793075858493,451.64554877941436,0.13602313521337794,-0.48035751228733736,-451.50952564420095,-5.3323569944708025,-2.4479443195339643,0.705148346722126,1.0,1.2866955279022818e-08,0.13602313585579395,-0.25383556622546166,-0.43857278674840927,-0.10467159887775779,0.2231858465820551,-0.08716271072626114,-0.1964150513522327,-0.05742051487322897,-0.4546947292983532,0.016121942549943924,-0.14683324098587036,0.042161642108112574,0.042161642108112574,15.0,True,True
voltage_sensitivity,"{""scenario_id"": 16.0}",2,delay_09,"{""policy_id"": 2.0}",validation,8,31.579280853271484,0.0,0.1,4,delay_13,False,False,transformer_export_peak_kw;transformer_draw_peak_kw;max_ramp_kw;curtailed_share;tenant_cost_delta_vs_fair_leg_chf_per_load_kwh;pv_only_cost_delta_vs_fair_leg_chf_per_load_kwh;pv_battery_cost_delta_vs_fair_leg_chf_per_load_kwh;large_flex_cost_delta_vs_fair_leg_chf_per_load_kwh,1.0,9.0,0.0,1.0,0.0,17.0,1000.0,0.0,0.0,1.0,0.005,1.0,1.0,0.0,0.0,0.0,0.0,0.0,0.0,0.0,7.3639750480651855,62.49821186065674,0.4607514962553978,0.06669187126681209,1.0749972015619278,0.055960212368518114,0.72380780428648,3.6164132058620453,16.141772270202637,0.6736599951982498,291.20911598205566,0.012420074024703354,0.31959917935908466,38263898.732792266,0.17413953407052418,-0.3395374658121638,-38263898.55865273,-7.739503744945615,-2.645245309906938,0.7178204581141472,1.0,1.1029602897671964e-08,0.17413953505456448,-0.17752008000388741,-0.4401618894189596,-0.12946063000708818,0.2231858465820551,-0.049046311527490616,-0.1964150513522327,0.01889497134834528,-0.4546947292983532,0.014532839879393578,-0.14683324098587036,0.017372610978782177,0.01889497134834528,16.0,True,True
voltage_sensitivity,"{""scenario_id"": 16.0}",15,voltage_stagger,"{""policy_id"": 15.0}",validation,8,31.47951889038086,0.099761962890625,0.1,4,delay_13,False,False,transformer_export_peak_kw;transformer_draw_peak_kw;max_ramp_kw;curtailed_share;tenant_cost_delta_vs_fair_leg_chf_per_load_kwh;pv_only_cost_delta_vs_fair_leg_chf_per_load_kwh;pv_battery_cost_delta_vs_fair_leg_chf_per_load_kwh;large_flex_cost_delta_vs_fair_leg_chf_per_load_kwh,1.0,11.0,2.0,1.0,0.0,17.0,1000.0,25.0,0.0,1.0,0.005,1.0,1.0,0.0,0.0,0.0,0.0,0.0,0.0,0.0,7.663846015930176,59.0569372177124,0.4607514962553978,0.06589061301201582,1.071701392531395,0.059729401022195816,0.7021631449460983,3.3284698128700256,12.647569179534912,0.6639832034707069,296.730073928833,0.004887180060904939,0.3113519455067952,392.1161652382002,0.17188635956970272,-0.37044270699996784,-391.94427887863054,-6.40787607527758,-2.4886568588083477,0.6998511999845505,1.0,1.2619240874478521e-08,0.1718863621354103,-0.194020785856992,-0.4573277737945318,-0.12163668684661388,0.2231858465820551,-0.05129948444664478,-0.1964150513522327,0.0023942654952406883,-0.4546947292983532,-0.002633044496178627,-0.14683324098587036,0.025196554139256477,0.025196554139256477,16.0,True,True
