tariff,controller,candidate,mean_return_chf,gap_chf,selected
fair_leg,family,0,29.47547149658203,4.465850830078125,False
fair_leg,family,1,33.357444763183594,0.5838775634765625,False
fair_leg,family,2,33.46783447265625,0.47348785400390625,False
fair_leg,family,3,33.80622100830078,0.135101318359375,False
fair_leg,family,4,33.941322326660156,0.0,True
fair_leg,family,5,33.85593795776367,0.08538436889648438,False
fair_leg,family,6,33.880615234375,0.06070709228515625,False
fair_leg,family,7,33.9044075012207,0.036914825439453125,False
fair_leg,family,8,33.65455627441406,0.28676605224609375,False
fair_leg,family,9,33.35605239868164,0.5852699279785156,False
fair_leg,family,10,33.143714904785156,0.797607421875,False
fair_leg,family,11,24.95708465576172,8.984237670898438,False
fair_leg,family,12,14.35501480102539,19.586307525634766,False
fair_leg,family,13,33.661781311035156,0.279541015625,False
fair_leg,family,14,33.57775115966797,0.3635711669921875,False
fair_leg,family,15,33.772705078125,0.16861724853515625,False
fair_leg,family,16,33.50457763671875,0.43674468994140625,False
fair_leg,family,17,24.540069580078125,9.401252746582031,False
fair_leg,family,18,33.79658126831055,0.14474105834960938,False
fair_leg,family,19,32.59770202636719,1.3436203002929688,False
fair_leg,family,20,32.934627532958984,1.0066947937011719,False
fair_leg,family,21,24.219385147094727,9.72193717956543,False
fair_leg,family,22,33.77261734008789,0.16870498657226562,False
fair_leg,family,23,33.73081588745117,0.21050643920898438,False
fair_leg,family,24,33.65892028808594,0.28240203857421875,False
fair_leg,family,25,33.83416748046875,0.10715484619140625,False
fair_leg,family,26,33.80042266845703,0.140899658203125,False
fair_leg,family,27,33.718658447265625,0.22266387939453125,False
fair_leg,family,28,33.847076416015625,0.09424591064453125,False
fair_leg,family,29,33.820533752441406,0.12078857421875,False
fair_leg,family,30,33.69621658325195,0.24510574340820312,False
fair_leg,family,31,33.90327453613281,0.03804779052734375,False
fair_leg,base,0,33.09879684448242,0.6063270568847656,False
fair_leg,base,1,33.21614074707031,0.488983154296875,False
fair_leg,base,2,33.54277801513672,0.16234588623046875,False
fair_leg,base,3,33.70512390136719,0.0,True
fair_leg,base,4,31.530014038085938,2.17510986328125,False
fair_leg,base,5,31.912405014038086,1.7927188873291016,False
fair_leg,base,6,32.751197814941406,0.9539260864257812,False
fair_leg,base,7,33.265052795410156,0.44007110595703125,False
fair_leg,base,8,21.0051326751709,12.699991226196289,False
fair_leg,base,9,22.88595962524414,10.819164276123047,False
fair_leg,base,10,24.472827911376953,9.232295989990234,False
fair_leg,base,11,25.027450561523438,8.67767333984375,False
fair_leg,base,12,10.930481910705566,22.774642944335938,False
fair_leg,base,13,12.914741516113281,20.790382385253906,False
fair_leg,base,14,13.948583602905273,19.756540298461914,False
fair_leg,base,15,14.316263198852539,19.38886070251465,False
fair_leg_passthrough,family,0,29.47547149658203,4.465850830078125,False
fair_leg_passthrough,family,1,33.357444763183594,0.5838775634765625,False
fair_leg_passthrough,family,2,33.46783447265625,0.47348785400390625,False
fair_leg_passthrough,family,3,33.80622100830078,0.135101318359375,False
fair_leg_passthrough,family,4,33.941322326660156,0.0,True
fair_leg_passthrough,family,5,33.85593795776367,0.08538436889648438,False
fair_leg_passthrough,family,6,33.880615234375,0.06070709228515625,False
fair_leg_passthrough,family,7,33.9044075012207,0.036914825439453125,False
fair_leg_passthrough,family,8,33.65455627441406,0.28676605224609375,False
fair_leg_passthrough,family,9,33.35605239868164,0.5852699279785156,False
fair_leg_passthrough,family,10,33.143714904785156,0.797607421875,False
fair_leg_passthrough,family,11,24.95708465576172,8.984237670898438,False
fair_leg_passthrough,family,12,14.35501480102539,19.586307525634766,False
fair_leg_passthrough,family,13,33.661781311035156,0.279541015625,False
fair_leg_passthrough,family,14,33.57775115966797,0.3635711669921875,False
fair_leg_passthrough,family,15,33.772705078125,0.16861724853515625,False
fair_leg_passthrough,family,16,33.50457763671875,0.43674468994140625,False
fair_leg_passthrough,family,17,24.540069580078125,9.401252746582031,False
fair_leg_passthrough,family,18,33.79658126831055,0.14474105834960938,False
fair_leg_passthrough,family,19,32.59770202636719,1.3436203002929688,False
fair_leg_passthrough,family,20,32.934627532958984,1.0066947937011719,False
fair_leg_passthrough,family,21,24.219385147094727,9.72193717956543,False
fair_leg_passthrough,family,22,33.77261734008789,0.16870498657226562,False
fair_leg_passthrough,family,23,33.73081588745117,0.21050643920898438,False
fair_leg_passthrough,family,24,33.65892028808594,0.28240203857421875,False
fair_leg_passthrough,family,25,33.83416748046875,0.10715484619140625,False
fair_leg_passthrough,family,26,33.80042266845703,0.140899658203125,False
fair_leg_passthrough,family,27,33.718658447265625,0.22266387939453125,False
fair_leg_passthrough,family,28,33.847076416015625,0.09424591064453125,False
fair_leg_passthrough,family,29,33.820533752441406,0.12078857421875,False
fair_leg_passthrough,family,30,33.69621658325195,0.24510574340820312,False
fair_leg_passthrough,family,31,33.90327453613281,0.03804779052734375,False
fair_leg_passthrough,base,0,33.09879684448242,0.6063270568847656,False
fair_leg_passthrough,base,1,33.21614074707031,0.488983154296875,False
fair_leg_passthrough,base,2,33.54277801513672,0.16234588623046875,False
fair_leg_passthrough,base,3,33.70512390136719,0.0,True
fair_leg_passthrough,base,4,31.530014038085938,2.17510986328125,False
fair_leg_passthrough,base,5,31.912405014038086,1.7927188873291016,False
fair_leg_passthrough,base,6,32.751197814941406,0.9539260864257812,False
fair_leg_passthrough,base,7,33.265052795410156,0.44007110595703125,False
fair_leg_passthrough,base,8,21.0051326751709,12.699991226196289,False
fair_leg_passthrough,base,9,22.88595962524414,10.819164276123047,False
fair_leg_passthrough,base,10,24.472827911376953,9.232295989990234,False
fair_leg_passthrough,base,11,25.027450561523438,8.67767333984375,False
fair_leg_passthrough,base,12,10.930481910705566,22.774642944335938,False
fair_leg_passthrough,base,13,12.914741516113281,20.790382385253906,False
fair_leg_passthrough,base,14,13.948583602905273,19.756540298461914,False
fair_leg_passthrough,base,15,14.316263198852539,19.38886070251465,False
stress_export_default,family,0,16.78347396850586,8.903871536254883,False
stress_export_default,family,1,23.39206886291504,2.295276641845703,False
stress_export_default,family,2,25.53961944580078,0.14772605895996094,False
stress_export_default,family,3,25.615253448486328,0.07209205627441406,False
stress_export_default,family,4,25.13221549987793,0.5551300048828125,False
stress_export_default,family,5,25.605083465576172,0.08226203918457031,False
stress_export_default,family,6,25.548370361328125,0.1389751434326172,False
stress_export_default,family,7,24.751121520996094,0.9362239837646484,False
stress_export_default,family,8,25.219820022583008,0.4675254821777344,False
stress_export_default,family,9,24.342647552490234,1.3446979522705078,False
stress_export_default,family,10,25.37555694580078,0.31178855895996094,False
stress_export_default,family,11,23.49369239807129,2.193653106689453,False
stress_export_default,family,12,14.35501480102539,11.332330703735352,False
stress_export_default,family,13,25.556659698486328,0.13068580627441406,False
stress_export_default,family,14,25.21959114074707,0.4677543640136719,False
stress_export_default,family,15,25.395492553710938,0.2918529510498047,False
stress_export_default,family,16,25.14661407470703,0.5407314300537109,False
stress_export_default,family,17,23.2034969329834,2.4838485717773438,False
stress_export_default,family,18,25.25193977355957,0.4354057312011719,False
stress_export_default,family,19,20.83255386352539,4.854791641235352,False
stress_export_default,family,20,23.92050552368164,1.7668399810791016,False
stress_export_default,family,21,22.507911682128906,3.179433822631836,False
stress_export_default,family,22,25.65523910522461,0.03210639953613281,False
stress_export_default,family,23,25.687345504760742,0.0,True
stress_export_default,family,24,25.62061309814453,0.06673240661621094,False
stress_export_default,family,25,25.611610412597656,0.07573509216308594,False
stress_export_default,family,26,25.614179611206055,0.0731658935546875,False
stress_export_default,family,27,25.52646255493164,0.16088294982910156,False
stress_export_default,family,28,25.584245681762695,0.10309982299804688,False
stress_export_default,family,29,25.644134521484375,0.04321098327636719,False
stress_export_default,family,30,25.4092960357666,0.2780494689941406,False
stress_export_default,family,31,25.33755111694336,0.3497943878173828,False
stress_export_default,base,0,23.137405395507812,1.8464546203613281,False
stress_export_default,base,1,24.48543930053711,0.49842071533203125,False
stress_export_default,base,2,24.98386001586914,0.0,True
stress_export_default,base,3,24.631000518798828,0.3528594970703125,False
stress_export_default,base,4,22.333646774291992,2.6502132415771484,False
stress_export_default,base,5,23.857484817504883,1.1263751983642578,False
stress_export_default,base,6,24.626493453979492,0.35736656188964844,False
stress_export_default,base,7,24.464038848876953,0.5198211669921875,False
stress_export_default,base,8,19.41010093688965,5.573759078979492,False
stress_export_default,base,9,21.508264541625977,3.475595474243164,False
stress_export_default,base,10,22.880746841430664,2.1031131744384766,False
stress_export_default,base,11,22.98581314086914,1.998046875,False
stress_export_default,base,12,10.930481910705566,14.053378105163574,False
stress_export_default,base,13,12.914741516113281,12.06911849975586,False
stress_export_default,base,14,13.948583602905273,11.035276412963867,False
stress_export_default,base,15,14.316263198852539,10.667596817016602,False
stress_export_tuned,family,0,14.487045288085938,14.92531967163086,False
stress_export_tuned,family,1,22.279273986816406,7.133090972900391,False
stress_export_tuned,family,2,25.541343688964844,3.871021270751953,False
stress_export_tuned,family,3,28.902759552001953,0.5096054077148438,False
stress_export_tuned,family,4,24.834609985351562,4.577754974365234,False
stress_export_tuned,family,5,28.60301971435547,0.8093452453613281,False
stress_export_tuned,family,6,28.11626625061035,1.2960987091064453,False
stress_export_tuned,family,7,26.56769561767578,2.8446693420410156,False
stress_export_tuned,family,8,28.276409149169922,1.135955810546875,False
stress_export_tuned,family,9,27.105037689208984,2.3073272705078125,False
stress_export_tuned,family,10,29.412364959716797,0.0,True
stress_export_tuned,family,11,24.95708465576172,4.455280303955078,False
stress_export_tuned,family,12,14.35501480102539,15.057350158691406,False
stress_export_tuned,family,13,28.6241512298584,0.7882137298583984,False
stress_export_tuned,family,14,27.90728759765625,1.5050773620605469,False
stress_export_tuned,family,15,29.021465301513672,0.390899658203125,False
stress_export_tuned,family,16,27.88789939880371,1.524465560913086,False
stress_export_tuned,family,17,24.540069580078125,4.872295379638672,False
stress_export_tuned,family,18,28.4671630859375,0.9452018737792969,False
stress_export_tuned,family,19,18.584476470947266,10.827888488769531,False
stress_export_tuned,family,20,23.61459732055664,5.797767639160156,False
stress_export_tuned,family,21,24.219385147094727,5.19297981262207,False
stress_export_tuned,family,22,29.004186630249023,0.40817832946777344,False
stress_export_tuned,family,23,28.935855865478516,0.47650909423828125,False
stress_export_tuned,family,24,28.34378433227539,1.0685806274414062,False
stress_export_tuned,family,25,29.000030517578125,0.4123344421386719,False
stress_export_tuned,family,26,29.14906883239746,0.26329612731933594,False
stress_export_tuned,family,27,28.744470596313477,0.6678943634033203,False
stress_export_tuned,family,28,29.189434051513672,0.222930908203125,False
stress_export_tuned,family,29,29.181804656982422,0.230560302734375,False
stress_export_tuned,family,30,28.649120330810547,0.76324462890625,False
stress_export_tuned,family,31,29.311372756958008,0.10099220275878906,False
stress_export_tuned,base,0,22.03215217590332,5.146020889282227,False
stress_export_tuned,base,1,24.707172393798828,2.4710006713867188,False
stress_export_tuned,base,2,26.135169982910156,1.0430030822753906,False
stress_export_tuned,base,3,22.550575256347656,4.627597808837891,False
stress_export_tuned,base,4,23.56726837158203,3.6109046936035156,False
stress_export_tuned,base,5,25.87326431274414,1.3049087524414062,False
stress_export_tuned,base,6,27.178173065185547,0.0,True
stress_export_tuned,base,7,24.61012077331543,2.568052291870117,False
stress_export_tuned,base,8,21.0051326751709,6.173040390014648,False
stress_export_tuned,base,9,22.88595962524414,4.292213439941406,False
stress_export_tuned,base,10,24.472827911376953,2.7053451538085938,False
stress_export_tuned,base,11,25.027450561523438,2.1507225036621094,False
stress_export_tuned,base,12,10.930481910705566,16.247692108154297,False
stress_export_tuned,base,13,12.914741516113281,14.263431549072266,False
stress_export_tuned,base,14,13.948583602905273,13.229589462280273,False
stress_export_tuned,base,15,14.316263198852539,12.861909866333008,False
stress_export_biting,family,0,-27.564346313476562,41.71955871582031,False
stress_export_biting,family,1,-12.251398086547852,26.406612396240234,False
stress_export_biting,family,2,-7.084847927093506,21.240062713623047,False
stress_export_biting,family,3,-10.185216903686523,24.340431213378906,False
stress_export_biting,family,4,-9.52052116394043,23.675735473632812,False
stress_export_biting,family,5,-10.355294227600098,24.510509490966797,False
stress_export_biting,family,6,-10.485124588012695,24.640338897705078,False
stress_export_biting,family,7,-12.634033203125,26.789247512817383,False
stress_export_biting,family,8,-11.001566886901855,25.156780242919922,False
stress_export_biting,family,9,-13.138814926147461,27.294029235839844,False
stress_export_biting,family,10,-9.783106803894043,23.93832015991211,False
stress_export_biting,family,11,2.6390953063964844,11.516119003295898,False
stress_export_biting,family,12,14.155214309692383,0.0,True
stress_export_biting,family,13,-10.453268051147461,24.608482360839844,False
stress_export_biting,family,14,-10.779420852661133,24.934635162353516,False
stress_export_biting,family,15,-10.928081512451172,25.083295822143555,False
stress_export_biting,family,16,-11.262314796447754,25.417530059814453,False
stress_export_biting,family,17,3.126359701156616,11.028854370117188,False
stress_export_biting,family,18,-11.21402645111084,25.369239807128906,False
stress_export_biting,family,19,-19.671472549438477,33.82668685913086,False
stress_export_biting,family,20,-11.101179122924805,25.256393432617188,False
stress_export_biting,family,21,0.2957320213317871,13.859481811523438,False
stress_export_biting,family,22,-10.198781967163086,24.35399627685547,False
stress_export_biting,family,23,-10.175407409667969,24.33062171936035,False
stress_export_biting,family,24,-10.021207809448242,24.176422119140625,False
stress_export_biting,family,25,-10.427310943603516,24.5825252532959,False
stress_export_biting,family,26,-10.441428184509277,24.596641540527344,False
stress_export_biting,family,27,-10.381113052368164,24.536327362060547,False
stress_export_biting,family,28,-10.691829681396484,24.847043991088867,False
stress_export_biting,family,29,-10.388410568237305,24.543624877929688,False
stress_export_biting,family,30,-10.629403114318848,24.784618377685547,False
stress_export_biting,family,31,-11.503091812133789,25.658306121826172,False
stress_export_biting,base,0,-12.497868537902832,26.527591705322266,False
stress_export_biting,base,1,-9.472373962402344,23.502098083496094,False
stress_export_biting,base,2,-9.26933765411377,23.299060821533203,False
stress_export_biting,base,3,-9.006013870239258,23.035736083984375,False
stress_export_biting,base,4,-11.635464668273926,25.66518783569336,False
stress_export_biting,base,5,-8.709213256835938,22.738937377929688,False
stress_export_biting,base,6,-8.862789154052734,22.892513275146484,False
stress_export_biting,base,7,-9.11728286743164,23.14700698852539,False
stress_export_biting,base,8,0.793535590171814,13.236187934875488,False
stress_export_biting,base,9,3.1560239791870117,10.873699188232422,False
stress_export_biting,base,10,2.2507410049438477,11.778982162475586,False
stress_export_biting,base,11,0.2504098415374756,13.779313087463379,False
stress_export_biting,base,12,10.793045043945312,3.236678123474121,False
stress_export_biting,base,13,12.78901481628418,1.240708351135254,False
stress_export_biting,base,14,13.734020233154297,0.2957029342651367,False
stress_export_biting,base,15,14.029723167419434,0.0,True
stress_bidirectional,family,0,15.360081672668457,10.359375953674316,False
stress_bidirectional,family,1,23.42369842529297,2.2957592010498047,False
stress_bidirectional,family,2,25.572057723999023,0.14739990234375,False
stress_bidirectional,family,3,25.652263641357422,0.06719398498535156,False
stress_bidirectional,family,4,25.184995651245117,0.5344619750976562,False
stress_bidirectional,family,5,25.64375877380371,0.0756988525390625,False
stress_bidirectional,family,6,25.58989906311035,0.12955856323242188,False
stress_bidirectional,family,7,24.802732467651367,0.9167251586914062,False
stress_bidirectional,family,8,25.24423599243164,0.4752216339111328,False
stress_bidirectional,family,9,24.298763275146484,1.420694351196289,False
stress_bidirectional,family,10,25.412559509277344,0.3068981170654297,False
stress_bidirectional,family,11,23.530698776245117,2.1887588500976562,False
stress_bidirectional,family,12,14.391475677490234,11.327981948852539,False
stress_bidirectional,family,13,25.581331253051758,0.13812637329101562,False
stress_bidirectional,family,14,25.218177795410156,0.5012798309326172,False
stress_bidirectional,family,15,25.420719146728516,0.2987384796142578,False
stress_bidirectional,family,16,25.157302856445312,0.5621547698974609,False
stress_bidirectional,family,17,23.22848129272461,2.490976333618164,False
stress_bidirectional,family,18,25.29001808166504,0.4294395446777344,False
stress_bidirectional,family,19,19.49777603149414,6.221681594848633,False
stress_bidirectional,family,20,23.495222091674805,2.2242355346679688,False
stress_bidirectional,family,21,22.519630432128906,3.199827194213867,False
stress_bidirectional,family,22,25.689109802246094,0.030347824096679688,False
stress_bidirectional,family,23,25.719457626342773,0.0,True
stress_bidirectional,family,24,25.651485443115234,0.06797218322753906,False
stress_bidirectional,family,25,25.645483016967773,0.073974609375,False
stress_bidirectional,family,26,25.64678192138672,0.07267570495605469,False
stress_bidirectional,family,27,25.557621002197266,0.1618366241455078,False
stress_bidirectional,family,28,25.617061614990234,0.10239601135253906,False
stress_bidirectional,family,29,25.677391052246094,0.04206657409667969,False
stress_bidirectional,family,30,25.439220428466797,0.28023719787597656,False
stress_bidirectional,family,31,25.37405776977539,0.3453998565673828,False
stress_bidirectional,base,0,23.16712188720703,1.849802017211914,False
stress_bidirectional,base,1,24.515548706054688,0.5013751983642578,False
stress_bidirectional,base,2,25.016923904418945,0.0,True
stress_bidirectional,base,3,24.67543601989746,0.3414878845214844,False
stress_bidirectional,base,4,22.36336326599121,2.6535606384277344,False
stress_bidirectional,base,5,23.887588500976562,1.1293354034423828,False
stress_bidirectional,base,6,24.65955924987793,0.3573646545410156,False
stress_bidirectional,base,7,24.508474349975586,0.5084495544433594,False
stress_bidirectional,base,8,19.439817428588867,5.577106475830078,False
stress_bidirectional,base,9,21.538372039794922,3.4785518646240234,False
stress_bidirectional,base,10,22.9138126373291,2.1031112670898438,False
stress_bidirectional,base,11,23.029022216796875,1.9879016876220703,False
stress_bidirectional,base,12,10.960197448730469,14.056726455688477,False
stress_bidirectional,base,13,12.944851875305176,12.07207202911377,False
stress_bidirectional,base,14,13.981616973876953,11.035306930541992,False
stress_bidirectional,base,15,14.356358528137207,10.660565376281738,False
stress_tenant_exempt,family,0,13.93588638305664,11.692314147949219,False
stress_tenant_exempt,family,1,23.334388732910156,2.293811798095703,False
stress_tenant_exempt,family,2,25.480188369750977,0.1480121612548828,False
stress_tenant_exempt,family,3,25.54666519165039,0.08153533935546875,False
stress_tenant_exempt,family,4,25.02879524230957,0.5994052886962891,False
stress_tenant_exempt,family,5,25.53171730041504,0.09648323059082031,False
stress_tenant_exempt,family,6,25.46904754638672,0.15915298461914062,False
stress_tenant_exempt,family,7,24.558914184570312,1.0692863464355469,False
stress_tenant_exempt,family,8,25.13711929321289,0.49108123779296875,False
stress_tenant_exempt,family,9,24.090431213378906,1.5377693176269531,False
stress_tenant_exempt,family,10,25.30697250366211,0.32122802734375,False
stress_tenant_exempt,family,11,23.42510986328125,2.2030906677246094,False
stress_tenant_exempt,family,12,14.288296699523926,11.339903831481934,False
stress_tenant_exempt,family,13,25.469085693359375,0.15911483764648438,False
stress_tenant_exempt,family,14,25.09239387512207,0.5358066558837891,False
stress_tenant_exempt,family,15,25.303985595703125,0.3242149353027344,False
stress_tenant_exempt,family,16,25.039222717285156,0.5889778137207031,False
stress_tenant_exempt,family,17,23.115535736083984,2.512664794921875,False
stress_tenant_exempt,family,18,25.176633834838867,0.4515666961669922,False
stress_tenant_exempt,family,19,19.132108688354492,6.496091842651367,False
stress_tenant_exempt,family,20,22.8009090423584,2.827291488647461,False
stress_tenant_exempt,family,21,22.377819061279297,3.2503814697265625,False
stress_tenant_exempt,family,22,25.593353271484375,0.034847259521484375,False
stress_tenant_exempt,family,23,25.62820053100586,0.0,True
stress_tenant_exempt,family,24,25.563899993896484,0.064300537109375,False
stress_tenant_exempt,family,25,25.5459041595459,0.08229637145996094,False
stress_tenant_exempt,family,26,25.55303192138672,0.07516860961914062,False
stress_tenant_exempt,family,27,25.469051361083984,0.159149169921875,False
stress_tenant_exempt,family,28,25.520227432250977,0.10797309875488281,False
stress_tenant_exempt,family,29,25.580310821533203,0.04788970947265625,False
stress_tenant_exempt,family,30,25.334978103637695,0.29322242736816406,False
stress_tenant_exempt,family,31,25.26822853088379,0.3599720001220703,False
stress_tenant_exempt,base,0,23.07370948791504,1.8375110626220703,False
stress_tenant_exempt,base,1,24.42032241821289,0.49089813232421875,False
stress_tenant_exempt,base,2,24.91122055053711,0.0,True
stress_tenant_exempt,base,3,24.52751350402832,0.38370704650878906,False
stress_tenant_exempt,base,4,22.269954681396484,2.641265869140625,False
stress_tenant_exempt,base,5,23.79236602783203,1.1188545227050781,False
stress_tenant_exempt,base,6,24.553850173950195,0.35737037658691406,False
stress_tenant_exempt,base,7,24.36054801940918,0.5506725311279297,False
stress_tenant_exempt,base,8,19.346405029296875,5.564815521240234,False
stress_tenant_exempt,base,9,21.443147659301758,3.4680728912353516,False
stress_tenant_exempt,base,10,22.808109283447266,2.1031112670898438,False
stress_tenant_exempt,base,11,22.889720916748047,2.0214996337890625,False
stress_tenant_exempt,base,12,10.86678695678711,14.04443359375,False
stress_tenant_exempt,base,13,12.849625587463379,12.06159496307373,False
stress_tenant_exempt,base,14,13.87784481048584,11.03337574005127,False
stress_tenant_exempt,base,15,14.227579116821289,10.68364143371582,False
stress_smoothed,family,0,18.936981201171875,9.426801681518555,False
stress_smoothed,family,1,25.74991798400879,2.6138648986816406,False
stress_smoothed,family,2,27.22584342956543,1.137939453125,False
stress_smoothed,family,3,28.36378288269043,0.0,True
stress_smoothed,family,4,27.137821197509766,1.225961685180664,False
stress_smoothed,family,5,28.162927627563477,0.20085525512695312,False
stress_smoothed,family,6,27.862411499023438,0.5013713836669922,False
stress_smoothed,family,7,26.806480407714844,1.557302474975586,False
stress_smoothed,family,8,27.970947265625,0.3928356170654297,False
stress_smoothed,family,9,27.032438278198242,1.3313446044921875,False
stress_smoothed,family,10,28.185216903686523,0.17856597900390625,False
stress_smoothed,family,11,24.484703063964844,3.879079818725586,False
stress_smoothed,family,12,14.35501480102539,14.008768081665039,False
stress_smoothed,family,13,27.9484920501709,0.41529083251953125,False
stress_smoothed,family,14,27.543903350830078,0.8198795318603516,False
stress_smoothed,family,15,27.820762634277344,0.5430202484130859,False
stress_smoothed,family,16,27.52432632446289,0.8394565582275391,False
stress_smoothed,family,17,24.027929306030273,4.335853576660156,False
stress_smoothed,family,18,27.745786666870117,0.6179962158203125,False
stress_smoothed,family,19,23.264572143554688,5.099210739135742,False
stress_smoothed,family,20,26.32748794555664,2.036294937133789,False
stress_smoothed,family,21,23.436058044433594,4.927724838256836,False
stress_smoothed,family,22,28.328155517578125,0.03562736511230469,False
stress_smoothed,family,23,28.247817993164062,0.11596488952636719,False
stress_smoothed,family,24,27.919445037841797,0.4443378448486328,False
stress_smoothed,family,25,28.202484130859375,0.1612987518310547,False
stress_smoothed,family,26,28.186067581176758,0.17771530151367188,False
stress_smoothed,family,27,27.940467834472656,0.42331504821777344,False
stress_smoothed,family,28,28.037973403930664,0.3258094787597656,False
stress_smoothed,family,29,28.22727394104004,0.13650894165039062,False
stress_smoothed,family,30,27.822267532348633,0.5415153503417969,False
stress_smoothed,family,31,27.769826889038086,0.5939559936523438,False
stress_smoothed,base,0,25.499174118041992,2.688447952270508,False
stress_smoothed,base,1,26.983842849731445,1.2037792205810547,False
stress_smoothed,base,2,28.1876220703125,0.0,True
stress_smoothed,base,3,27.038896560668945,1.1487255096435547,False
stress_smoothed,base,4,24.905040740966797,3.282581329345703,False
stress_smoothed,base,5,26.528162002563477,1.6594600677490234,False
stress_smoothed,base,6,27.991371154785156,0.19625091552734375,False
stress_smoothed,base,7,26.92990493774414,1.2577171325683594,False
stress_smoothed,base,8,20.399829864501953,7.787792205810547,False
stress_smoothed,base,9,22.42085838317871,5.766763687133789,False
stress_smoothed,base,10,24.062551498413086,4.125070571899414,False
stress_smoothed,base,11,24.213817596435547,3.973804473876953,False
stress_smoothed,base,12,10.930481910705566,17.25714111328125,False
stress_smoothed,base,13,12.914741516113281,15.272880554199219,False
stress_smoothed,base,14,13.948583602905273,14.239038467407227,False
stress_smoothed,base,15,14.316263198852539,13.871358871459961,False
tou_midday_export,family,0,24.87667465209961,5.397119522094727,False
tou_midday_export,family,1,29.039722442626953,1.2340717315673828,False
tou_midday_export,family,2,29.621732711791992,0.6520614624023438,False
tou_midday_export,family,3,30.23826026916504,0.035533905029296875,False
tou_midday_export,family,4,30.24494743347168,0.02884674072265625,False
tou_midday_export,family,5,30.273794174194336,0.0,True
tou_midday_export,family,6,30.27008819580078,0.0037059783935546875,False
tou_midday_export,family,7,30.104862213134766,0.1689319610595703,False
tou_midday_export,family,8,30.035221099853516,0.2385730743408203,False
tou_midday_export,family,9,29.607954025268555,0.6658401489257812,False
tou_midday_export,family,10,29.664865493774414,0.6089286804199219,False
tou_midday_export,family,11,22.438274383544922,7.835519790649414,False
tou_midday_export,family,12,12.912613868713379,17.36117935180664,False
tou_midday_export,family,13,29.931148529052734,0.34264564514160156,False
tou_midday_export,family,14,29.755813598632812,0.5179805755615234,False
tou_midday_export,family,15,30.02175521850586,0.25203895568847656,False
tou_midday_export,family,16,29.714855194091797,0.5589389801025391,False
tou_midday_export,family,17,21.98697280883789,8.286821365356445,False
tou_midday_export,family,18,30.07186508178711,0.20192909240722656,False
tou_midday_export,family,19,28.053985595703125,2.219808578491211,False
tou_midday_export,family,20,28.823894500732422,1.449899673461914,False
tou_midday_export,family,21,21.511417388916016,8.76237678527832,False
tou_midday_export,family,22,30.16305160522461,0.11074256896972656,False
tou_midday_export,family,23,30.080108642578125,0.19368553161621094,False
tou_midday_export,family,24,29.90654945373535,0.3672447204589844,False
tou_midday_export,family,25,30.212831497192383,0.060962677001953125,False
tou_midday_export,family,26,30.140474319458008,0.13331985473632812,False
tou_midday_export,family,27,29.961957931518555,0.31183624267578125,False
tou_midday_export,family,28,30.1740665435791,0.09972763061523438,False
tou_midday_export,family,29,30.183917999267578,0.08987617492675781,False
tou_midday_export,family,30,29.91756820678711,0.35622596740722656,False
tou_midday_export,family,31,30.179920196533203,0.09387397766113281,False
tou_midday_export,base,0,28.779434204101562,1.2439498901367188,False
tou_midday_export,base,1,29.34131622314453,0.68206787109375,False
tou_midday_export,base,2,29.998552322387695,0.024831771850585938,False
tou_midday_export,base,3,30.02338409423828,0.0,True
tou_midday_export,base,4,27.436382293701172,2.5870018005371094,False
tou_midday_export,base,5,28.229766845703125,1.7936172485351562,False
tou_midday_export,base,6,29.312191009521484,0.7111930847167969,False
tou_midday_export,base,7,29.63905906677246,0.3843250274658203,False
tou_midday_export,base,8,18.331275939941406,11.692108154296875,False
tou_midday_export,base,9,20.421100616455078,9.602283477783203,False
tou_midday_export,base,10,21.998559951782227,8.024824142456055,False
tou_midday_export,base,11,22.409805297851562,7.613578796386719,False
tou_midday_export,base,12,9.498746871948242,20.52463722229004,False
tou_midday_export,base,13,11.555381774902344,18.468002319335938,False
tou_midday_export,base,14,12.540613174438477,17.482770919799805,False
tou_midday_export,base,15,12.8230562210083,17.200328826904297,False
tou_evening_import,family,0,29.0277099609375,4.840488433837891,False
tou_evening_import,family,1,33.29224395751953,0.5759544372558594,False
tou_evening_import,family,2,33.40195083618164,0.46624755859375,False
tou_evening_import,family,3,33.738853454589844,0.12934494018554688,False
tou_evening_import,family,4,33.86819839477539,0.0,True
tou_evening_import,family,5,33.78761291503906,0.08058547973632812,False
tou_evening_import,family,6,33.810691833496094,0.057506561279296875,False
tou_evening_import,family,7,33.82136154174805,0.04683685302734375,False
tou_evening_import,family,8,33.58999252319336,0.27820587158203125,False
tou_evening_import,family,9,33.29308319091797,0.5751152038574219,False
tou_evening_import,family,10,33.07634735107422,0.7918510437011719,False
tou_evening_import,family,11,24.889719009399414,8.978479385375977,False
tou_evening_import,family,12,14.28764820098877,19.580551147460938,False
tou_evening_import,family,13,33.59408187866211,0.27411651611328125,False
tou_evening_import,family,14,33.508426666259766,0.359771728515625,False
tou_evening_import,family,15,33.70390701293945,0.1642913818359375,False
tou_evening_import,family,16,33.43956756591797,0.4286308288574219,False
tou_evening_import,family,17,24.471899032592773,9.396299362182617,False
tou_evening_import,family,18,33.72825622558594,0.13994216918945312,False
tou_evening_import,family,19,32.54401397705078,1.3241844177246094,False
tou_evening_import,family,20,32.85340118408203,1.0147972106933594,False
tou_evening_import,family,21,24.152053833007812,9.716144561767578,False
tou_evening_import,family,22,33.705528259277344,0.16267013549804688,False
tou_evening_import,family,23,33.66383361816406,0.20436477661132812,False
tou_evening_import,family,24,33.59233856201172,0.2758598327636719,False
tou_evening_import,family,25,33.76659393310547,0.10160446166992188,False
tou_evening_import,family,26,33.73305892944336,0.13513946533203125,False
tou_evening_import,family,27,33.651817321777344,0.21638107299804688,False
tou_evening_import,family,28,33.7794303894043,0.08876800537109375,False
tou_evening_import,family,29,33.75401306152344,0.11418533325195312,False
tou_evening_import,family,30,33.62997817993164,0.23822021484375,False
tou_evening_import,family,31,33.835506439208984,0.03269195556640625,False
tou_evening_import,base,0,33.01373291015625,0.5992660522460938,False
tou_evening_import,base,1,33.130638122558594,0.48236083984375,False
tou_evening_import,base,2,33.45576477050781,0.15723419189453125,False
tou_evening_import,base,3,33.612998962402344,0.0,True
tou_evening_import,base,4,31.444950103759766,2.168048858642578,False
tou_evening_import,base,5,31.826902389526367,1.7860965728759766,False
tou_evening_import,base,6,32.6641845703125,0.9488143920898438,False
tou_evening_import,base,7,33.172943115234375,0.44005584716796875,False
tou_evening_import,base,8,20.92007064819336,12.692928314208984,False
tou_evening_import,base,9,22.800453186035156,10.812545776367188,False
tou_evening_import,base,10,24.38581657409668,9.227182388305664,False
tou_evening_import,base,11,24.935888290405273,8.67711067199707,False
tou_evening_import,base,12,10.845418930053711,22.767580032348633,False
tou_evening_import,base,13,12.82923698425293,20.783761978149414,False
tou_evening_import,base,14,13.861588478088379,19.75141143798828,False
tou_evening_import,base,15,14.225245475769043,19.387752532958984,False
kva_coincident_charge,family,0,24.05571174621582,8.580606460571289,False
kva_coincident_charge,family,1,29.46585464477539,3.1704635620117188,False
kva_coincident_charge,family,2,30.708158493041992,1.9281597137451172,False
kva_coincident_charge,family,3,32.38456726074219,0.2517509460449219,False
kva_coincident_charge,family,4,30.76797103881836,1.86834716796875,False
kva_coincident_charge,family,5,32.28635025024414,0.34996795654296875,False
kva_coincident_charge,family,6,32.12729263305664,0.5090255737304688,False
kva_coincident_charge,family,7,31.52254867553711,1.11376953125,False
kva_coincident_charge,family,8,32.06264114379883,0.5736770629882812,False
kva_coincident_charge,family,9,31.42974281311035,1.2065753936767578,False
kva_coincident_charge,family,10,32.1666145324707,0.46970367431640625,False
kva_coincident_charge,family,11,24.95708465576172,7.679233551025391,False
kva_coincident_charge,family,12,14.35501480102539,18.28130340576172,False
kva_coincident_charge,family,13,32.06531524658203,0.5710029602050781,False
kva_coincident_charge,family,14,31.811656951904297,0.8246612548828125,False
kva_coincident_charge,family,15,32.37384796142578,0.2624702453613281,False
kva_coincident_charge,family,16,31.695499420166016,0.9408187866210938,False
kva_coincident_charge,family,17,24.540069580078125,8.096248626708984,False
kva_coincident_charge,family,18,32.22893524169922,0.4073829650878906,False
kva_coincident_charge,family,19,27.52562713623047,5.110691070556641,False
kva_coincident_charge,family,20,29.680362701416016,2.9559555053710938,False
kva_coincident_charge,family,21,24.219385147094727,8.416933059692383,False
kva_coincident_charge,family,22,32.37580490112305,0.2605133056640625,False
kva_coincident_charge,family,23,32.27057647705078,0.3657417297363281,False
kva_coincident_charge,family,24,32.0008430480957,0.6354751586914062,False
kva_coincident_charge,family,25,32.425804138183594,0.21051406860351562,False
kva_coincident_charge,family,26,32.45476150512695,0.18155670166015625,False
kva_coincident_charge,family,27,32.23509979248047,0.4012184143066406,False
kva_coincident_charge,family,28,32.508941650390625,0.12737655639648438,False
kva_coincident_charge,family,29,32.49753952026367,0.1387786865234375,False
kva_coincident_charge,family,30,32.18348693847656,0.4528312683105469,False
kva_coincident_charge,family,31,32.63631820678711,0.0,True
kva_coincident_charge,base,0,29.208772659301758,1.9336376190185547,False
kva_coincident_charge,base,1,30.28128433227539,0.8611259460449219,False
kva_coincident_charge,base,2,31.142410278320312,0.0,True
kva_coincident_charge,base,3,29.678678512573242,1.4637317657470703,False
kva_coincident_charge,base,4,28.934425354003906,2.2079849243164062,False
kva_coincident_charge,base,5,29.992870330810547,1.1495399475097656,False
kva_coincident_charge,base,6,31.093202590942383,0.04920768737792969,False
kva_coincident_charge,base,7,30.392616271972656,0.7497940063476562,False
kva_coincident_charge,base,8,21.0051326751709,10.137277603149414,False
kva_coincident_charge,base,9,22.88595962524414,8.256450653076172,False
kva_coincident_charge,base,10,24.472827911376953,6.669582366943359,False
kva_coincident_charge,base,11,25.027450561523438,6.114959716796875,False
kva_coincident_charge,base,12,10.930481910705566,20.211929321289062,False
kva_coincident_charge,base,13,12.914741516113281,18.22766876220703,False
kva_coincident_charge,base,14,13.948583602905273,17.19382667541504,False
kva_coincident_charge,base,15,14.316263198852539,16.826147079467773,False
kva_charge_class_neutral,family,0,29.47547149658203,4.465850830078125,False
kva_charge_class_neutral,family,1,33.357444763183594,0.5838775634765625,False
kva_charge_class_neutral,family,2,33.467830657958984,0.4734916687011719,False
kva_charge_class_neutral,family,3,33.80622100830078,0.135101318359375,False
kva_charge_class_neutral,family,4,33.941322326660156,0.0,True
kva_charge_class_neutral,family,5,33.85593795776367,0.08538436889648438,False
kva_charge_class_neutral,family,6,33.880615234375,0.06070709228515625,False
kva_charge_class_neutral,family,7,33.90440368652344,0.03691864013671875,False
kva_charge_class_neutral,family,8,33.6545524597168,0.2867698669433594,False
kva_charge_class_neutral,family,9,33.356056213378906,0.58526611328125,False
kva_charge_class_neutral,family,10,33.14371871948242,0.7976036071777344,False
kva_charge_class_neutral,family,11,24.95708465576172,8.984237670898438,False
kva_charge_class_neutral,family,12,14.35501480102539,19.586307525634766,False
kva_charge_class_neutral,family,13,33.661781311035156,0.279541015625,False
kva_charge_class_neutral,family,14,33.57775115966797,0.3635711669921875,False
kva_charge_class_neutral,family,15,33.772705078125,0.16861724853515625,False
kva_charge_class_neutral,family,16,33.50457763671875,0.43674468994140625,False
kva_charge_class_neutral,family,17,24.540069580078125,9.401252746582031,False
kva_charge_class_neutral,family,18,33.79658126831055,0.14474105834960938,False
kva_charge_class_neutral,family,19,32.59769821166992,1.3436241149902344,False
kva_charge_class_neutral,family,20,32.93463134765625,1.0066909790039062,False
kva_charge_class_neutral,family,21,24.219385147094727,9.72193717956543,False
kva_charge_class_neutral,family,22,33.77261734008789,0.16870498657226562,False
kva_charge_class_neutral,family,23,33.73081588745117,0.21050643920898438,False
kva_charge_class_neutral,family,24,33.6589241027832,0.2823982238769531,False
kva_charge_class_neutral,family,25,33.83417510986328,0.107147216796875,False
kva_charge_class_neutral,family,26,33.80042266845703,0.140899658203125,False
kva_charge_class_neutral,family,27,33.718658447265625,0.22266387939453125,False
kva_charge_class_neutral,family,28,33.847076416015625,0.09424591064453125,False
kva_charge_class_neutral,family,29,33.820533752441406,0.12078857421875,False
kva_charge_class_neutral,family,30,33.69621276855469,0.24510955810546875,False
kva_charge_class_neutral,family,31,33.90327453613281,0.03804779052734375,False
kva_charge_class_neutral,base,0,33.09879684448242,0.6063232421875,False
kva_charge_class_neutral,base,1,33.21614074707031,0.4889793395996094,False
kva_charge_class_neutral,base,2,33.54277801513672,0.16234207153320312,False
kva_charge_class_neutral,base,3,33.70512008666992,0.0,True
kva_charge_class_neutral,base,4,31.530012130737305,2.175107955932617,False
kva_charge_class_neutral,base,5,31.91240692138672,1.7927131652832031,False
kva_charge_class_neutral,base,6,32.751197814941406,0.9539222717285156,False
kva_charge_class_neutral,base,7,33.265052795410156,0.4400672912597656,False
kva_charge_class_neutral,base,8,21.0051326751709,12.699987411499023,False
kva_charge_class_neutral,base,9,22.88595962524414,10.819160461425781,False
kva_charge_class_neutral,base,10,24.472827911376953,9.232292175292969,False
kva_charge_class_neutral,base,11,25.027450561523438,8.677669525146484,False
kva_charge_class_neutral,base,12,10.930481910705566,22.774639129638672,False
kva_charge_class_neutral,base,13,12.914741516113281,20.79037857055664,False
kva_charge_class_neutral,base,14,13.948583602905273,19.75653648376465,False
kva_charge_class_neutral,base,15,14.316263198852539,19.388856887817383,False
kva_peak_ratchet,family,0,28.756383895874023,4.724245071411133,False
kva_peak_ratchet,family,1,32.645606994628906,0.83502197265625,False
kva_peak_ratchet,family,2,32.7932014465332,0.6874275207519531,False
kva_peak_ratchet,family,3,33.27875900268555,0.20186996459960938,False
kva_peak_ratchet,family,4,33.25544357299805,0.22518539428710938,False
kva_peak_ratchet,family,5,33.370826721191406,0.10980224609375,False
kva_peak_ratchet,family,6,33.35768127441406,0.12294769287109375,False
kva_peak_ratchet,family,7,33.31236267089844,0.16826629638671875,False
kva_peak_ratchet,family,8,33.1280632019043,0.3525657653808594,False
kva_peak_ratchet,family,9,32.75604248046875,0.7245864868164062,False
kva_peak_ratchet,family,10,32.698760986328125,0.7818679809570312,False
kva_peak_ratchet,family,11,24.95708465576172,8.523544311523438,False
kva_peak_ratchet,family,12,14.35501480102539,19.125614166259766,False
kva_peak_ratchet,family,13,33.030059814453125,0.45056915283203125,False
kva_peak_ratchet,family,14,32.95240020751953,0.528228759765625,False
kva_peak_ratchet,family,15,33.280128479003906,0.20050048828125,False
kva_peak_ratchet,family,16,32.84330749511719,0.6373214721679688,False
kva_peak_ratchet,family,17,24.540069580078125,8.940559387207031,False
kva_peak_ratchet,family,18,33.31571960449219,0.16490936279296875,False
kva_peak_ratchet,family,19,31.883384704589844,1.5972442626953125,False
kva_peak_ratchet,family,20,32.22407531738281,1.2565536499023438,False
kva_peak_ratchet,family,21,24.219385147094727,9.26124382019043,False
kva_peak_ratchet,family,22,33.22236633300781,0.25826263427734375,False
kva_peak_ratchet,family,23,33.1132698059082,0.3673591613769531,False
kva_peak_ratchet,family,24,33.039268493652344,0.4413604736328125,False
kva_peak_ratchet,family,25,33.34859085083008,0.13203811645507812,False
kva_peak_ratchet,family,26,33.284210205078125,0.19641876220703125,False
kva_peak_ratchet,family,27,33.16920471191406,0.31142425537109375,False
kva_peak_ratchet,family,28,33.39384460449219,0.08678436279296875,False
kva_peak_ratchet,family,29,33.30498504638672,0.1756439208984375,False
kva_peak_ratchet,family,30,33.14167404174805,0.3389549255371094,False
kva_peak_ratchet,family,31,33.480628967285156,0.0,True
kva_peak_ratchet,base,0,32.38725662231445,0.5987663269042969,False
kva_peak_ratchet,base,1,32.50413513183594,0.4818878173828125,False
kva_peak_ratchet,base,2,32.87470245361328,0.11132049560546875,False
kva_peak_ratchet,base,3,32.98602294921875,0.0,True
kva_peak_ratchet,base,4,30.945188522338867,2.040834426879883,False
kva_peak_ratchet,base,5,31.323392868041992,1.6626300811767578,False
kva_peak_ratchet,base,6,32.21928024291992,0.7667427062988281,False
kva_peak_ratchet,base,7,32.684722900390625,0.301300048828125,False
kva_peak_ratchet,base,8,21.0051326751709,11.980890274047852,False
kva_peak_ratchet,base,9,22.88595962524414,10.10006332397461,False
kva_peak_ratchet,base,10,24.472827911376953,8.513195037841797,False
kva_peak_ratchet,base,11,25.027450561523438,7.9585723876953125,False
kva_peak_ratchet,base,12,10.930481910705566,22.0555419921875,False
kva_peak_ratchet,base,13,12.914741516113281,20.07128143310547,False
kva_peak_ratchet,base,14,13.948583602905273,19.037439346313477,False
kva_peak_ratchet,base,15,14.316263198852539,18.66975975036621,False
kw_peak_ratchet,family,0,28.824159622192383,4.671480178833008,False
kw_peak_ratchet,family,1,32.722068786621094,0.7735710144042969,False
kw_peak_ratchet,family,2,32.855735778808594,0.6399040222167969,False
kw_peak_ratchet,family,3,33.33475112915039,0.160888671875,False
kw_peak_ratchet,family,4,33.312957763671875,0.18268203735351562,False
kw_peak_ratchet,family,5,33.373443603515625,0.12219619750976562,False
kw_peak_ratchet,family,6,33.37486267089844,0.12077713012695312,False
kw_peak_ratchet,family,7,33.34757995605469,0.14805984497070312,False
kw_peak_ratchet,family,8,33.168209075927734,0.32743072509765625,False
kw_peak_ratchet,family,9,32.806617736816406,0.6890220642089844,False
kw_peak_ratchet,family,10,32.7671012878418,0.7285385131835938,False
kw_peak_ratchet,family,11,24.95708465576172,8.538555145263672,False
kw_peak_ratchet,family,12,14.35501480102539,19.140625,False
kw_peak_ratchet,family,13,33.09111022949219,0.4045295715332031,False
kw_peak_ratchet,family,14,32.994483947753906,0.5011558532714844,False
kw_peak_ratchet,family,15,33.336360931396484,0.15927886962890625,False
kw_peak_ratchet,family,16,32.91851806640625,0.5771217346191406,False
kw_peak_ratchet,family,17,24.540069580078125,8.955570220947266,False
kw_peak_ratchet,family,18,33.326663970947266,0.168975830078125,False
kw_peak_ratchet,family,19,31.951961517333984,1.5436782836914062,False
kw_peak_ratchet,family,20,32.3137092590332,1.1819305419921875,False
kw_peak_ratchet,family,21,24.219385147094727,9.276254653930664,False
kw_peak_ratchet,family,22,33.27889633178711,0.21674346923828125,False
kw_peak_ratchet,family,23,33.19662094116211,0.29901885986328125,False
kw_peak_ratchet,family,24,33.096370697021484,0.39926910400390625,False
kw_peak_ratchet,family,25,33.383201599121094,0.11243820190429688,False
kw_peak_ratchet,family,26,33.3152961730957,0.1803436279296875,False
kw_peak_ratchet,family,27,33.20750427246094,0.2881355285644531,False
kw_peak_ratchet,family,28,33.42718505859375,0.06845474243164062,False
kw_peak_ratchet,family,29,33.33864212036133,0.1569976806640625,False
kw_peak_ratchet,family,30,33.169715881347656,0.3259239196777344,False
kw_peak_ratchet,family,31,33.49563980102539,0.0,True
kw_peak_ratchet,base,0,32.46574020385742,0.5880699157714844,False
kw_peak_ratchet,base,1,32.58660125732422,0.4672088623046875,False
kw_peak_ratchet,base,2,32.91791534423828,0.135894775390625,False
kw_peak_ratchet,base,3,33.053810119628906,0.0,True
kw_peak_ratchet,base,4,31.012269973754883,2.0415401458740234,False
kw_peak_ratchet,base,5,31.400270462036133,1.6535396575927734,False
kw_peak_ratchet,base,6,32.253761291503906,0.800048828125,False
kw_peak_ratchet,base,7,32.736968994140625,0.31684112548828125,False
kw_peak_ratchet,base,8,21.0051326751709,12.048677444458008,False
kw_peak_ratchet,base,9,22.88595962524414,10.167850494384766,False
kw_peak_ratchet,base,10,24.472827911376953,8.580982208251953,False
kw_peak_ratchet,base,11,25.027450561523438,8.026359558105469,False
kw_peak_ratchet,base,12,10.930481910705566,22.123329162597656,False
kw_peak_ratchet,base,13,12.914741516113281,20.139068603515625,False
kw_peak_ratchet,base,14,13.948583602905273,19.105226516723633,False
kw_peak_ratchet,base,15,14.316263198852539,18.737546920776367,False
loss_share_linear,family,0,27.987943649291992,4.957857131958008,False
loss_share_linear,family,1,32.23570251464844,0.7100982666015625,False
loss_share_linear,family,2,32.50104904174805,0.4447517395019531,False
loss_share_linear,family,3,32.85950469970703,0.08629608154296875,False
loss_share_linear,family,4,32.88846206665039,0.057338714599609375,False
loss_share_linear,family,5,32.899261474609375,0.046539306640625,False
loss_share_linear,family,6,32.90955352783203,0.03624725341796875,False
loss_share_linear,family,7,32.85260772705078,0.09319305419921875,False
loss_share_linear,family,8,32.6816520690918,0.2641487121582031,False
loss_share_linear,family,9,32.32144546508789,0.6243553161621094,False
loss_share_linear,family,10,32.248146057128906,0.6976547241210938,False
loss_share_linear,family,11,24.53812026977539,8.40768051147461,False
loss_share_linear,family,12,14.258089065551758,18.687711715698242,False
loss_share_linear,family,13,32.714691162109375,0.231109619140625,False
loss_share_linear,family,14,32.61713409423828,0.32866668701171875,False
loss_share_linear,family,15,32.815528869628906,0.13027191162109375,False
loss_share_linear,family,16,32.52820587158203,0.41759490966796875,False
loss_share_linear,family,17,24.136526107788086,8.809274673461914,False
loss_share_linear,family,18,32.82828140258789,0.11751937866210938,False
loss_share_linear,family,19,31.189054489135742,1.7567462921142578,False
loss_share_linear,family,20,31.806997299194336,1.138803482055664,False
loss_share_linear,family,21,23.78208351135254,9.163717269897461,False
loss_share_linear,family,22,32.83286666870117,0.11293411254882812,False
loss_share_linear,family,23,32.794097900390625,0.151702880859375,False
loss_share_linear,family,24,32.71940994262695,0.22639083862304688,False
loss_share_linear,family,25,32.88774108886719,0.0580596923828125,False
loss_share_linear,family,26,32.86005783081055,0.08574295043945312,False
loss_share_linear,family,27,32.778438568115234,0.16736221313476562,False
loss_share_linear,family,28,32.90260696411133,0.043193817138671875,False
loss_share_linear,family,29,32.88089370727539,0.06490707397460938,False
loss_share_linear,family,30,32.7495002746582,0.19630050659179688,False
loss_share_linear,family,31,32.94580078125,0.0,True
loss_share_linear,base,0,31.97499656677246,0.6218357086181641,False
loss_share_linear,base,1,32.19709014892578,0.39974212646484375,False
loss_share_linear,base,2,32.534820556640625,0.06201171875,False
loss_share_linear,base,3,32.596832275390625,0.0,True
loss_share_linear,base,4,30.533742904663086,2.063089370727539,False
loss_share_linear,base,5,30.996973037719727,1.5998592376708984,False
loss_share_linear,base,6,31.81317901611328,0.7836532592773438,False
loss_share_linear,base,7,32.230838775634766,0.3659934997558594,False
loss_share_linear,base,8,20.641752243041992,11.955080032348633,False
loss_share_linear,base,9,22.51186752319336,10.084964752197266,False
loss_share_linear,base,10,24.051576614379883,8.545255661010742,False
loss_share_linear,base,11,24.56781768798828,8.029014587402344,False
loss_share_linear,base,12,10.859742164611816,21.737091064453125,False
loss_share_linear,base,13,12.831283569335938,19.765548706054688,False
loss_share_linear,base,14,13.851763725280762,18.745067596435547,False
loss_share_linear,base,15,14.210750579833984,18.38608169555664,False
loss_share_quadratic,family,0,27.809083938598633,5.007966995239258,False
loss_share_quadratic,family,1,32.10354232788086,0.7135086059570312,False
loss_share_quadratic,family,2,32.374610900878906,0.4424400329589844,False
loss_share_quadratic,family,3,32.732276916503906,0.08477401733398438,False
loss_share_quadratic,family,4,32.75832748413086,0.05872344970703125,False
loss_share_quadratic,family,5,32.771793365478516,0.045257568359375,False
loss_share_quadratic,family,6,32.78120422363281,0.035846710205078125,False
loss_share_quadratic,family,7,32.71785354614258,0.0991973876953125,False
loss_share_quadratic,family,8,32.55197525024414,0.26507568359375,False
loss_share_quadratic,family,9,32.18535614013672,0.6316947937011719,False
loss_share_quadratic,family,10,32.124359130859375,0.6926918029785156,False
loss_share_quadratic,family,11,24.455995559692383,8.361055374145508,False
loss_share_quadratic,family,12,14.221492767333984,18.595558166503906,False
loss_share_quadratic,family,13,32.58671569824219,0.23033523559570312,False
loss_share_quadratic,family,14,32.48923110961914,0.32781982421875,False
loss_share_quadratic,family,15,32.686126708984375,0.13092422485351562,False
loss_share_quadratic,family,16,32.39775848388672,0.4192924499511719,False
loss_share_quadratic,family,17,24.0564022064209,8.760648727416992,False
loss_share_quadratic,family,18,32.69982147216797,0.11722946166992188,False
loss_share_quadratic,family,19,31.023948669433594,1.7931022644042969,False
loss_share_quadratic,family,20,31.645523071289062,1.1715278625488281,False
loss_share_quadratic,family,21,23.697511672973633,9.119539260864258,False
loss_share_quadratic,family,22,32.70594787597656,0.11110305786132812,False
loss_share_quadratic,family,23,32.667266845703125,0.14978408813476562,False
loss_share_quadratic,family,24,32.59302520751953,0.22402572631835938,False
loss_share_quadratic,family,25,32.76048278808594,0.056568145751953125,False
loss_share_quadratic,family,26,32.73295593261719,0.08409500122070312,False
loss_share_quadratic,family,27,32.651702880859375,0.16534805297851562,False
loss_share_quadratic,family,28,32.77497100830078,0.042079925537109375,False
loss_share_quadratic,family,29,32.75382614135742,0.06322479248046875,False
loss_share_quadratic,family,30,32.62213897705078,0.19491195678710938,False
loss_share_quadratic,family,31,32.81705093383789,0.0,True
loss_share_quadratic,base,0,31.845436096191406,0.6191558837890625,False
loss_share_quadratic,base,1,32.066551208496094,0.398040771484375,False
loss_share_quadratic,base,2,32.4061279296875,0.05846405029296875,False
loss_share_quadratic,base,3,32.46459197998047,0.0,True
loss_share_quadratic,base,4,30.41171646118164,2.052875518798828,False
loss_share_quadratic,base,5,30.87302017211914,1.5915718078613281,False
loss_share_quadratic,base,6,31.688716888427734,0.7758750915527344,False
loss_share_quadratic,base,7,32.10090637207031,0.36368560791015625,False
loss_share_quadratic,base,8,20.572111129760742,11.892480850219727,False
loss_share_quadratic,base,9,22.436962127685547,10.027629852294922,False
loss_share_quadratic,base,10,23.971609115600586,8.492982864379883,False
loss_share_quadratic,base,11,24.48305320739746,7.981538772583008,False
loss_share_quadratic,base,12,10.832300186157227,21.632291793823242,False
loss_share_quadratic,base,13,12.800115585327148,19.66447639465332,False
loss_share_quadratic,base,14,13.817938804626465,18.646652221679688,False
loss_share_quadratic,base,15,14.174994468688965,18.289596557617188,False
voltage_level_exposure,family,0,23.791845321655273,6.90904426574707,False
voltage_level_exposure,family,1,28.978797912597656,1.7220916748046875,False
voltage_level_exposure,family,2,29.944801330566406,0.7560882568359375,False
voltage_level_exposure,family,3,30.55978775024414,0.14110183715820312,False
voltage_level_exposure,family,4,30.061275482177734,0.6396141052246094,False
voltage_level_exposure,family,5,30.55597686767578,0.1449127197265625,False
voltage_level_exposure,family,6,30.49279022216797,0.208099365234375,False
voltage_level_exposure,family,7,30.192161560058594,0.50872802734375,False
voltage_level_exposure,family,8,30.281404495239258,0.41948509216308594,False
voltage_level_exposure,family,9,29.711402893066406,0.9894866943359375,False
voltage_level_exposure,family,10,30.205402374267578,0.4954872131347656,False
voltage_level_exposure,family,11,23.99994659423828,6.7009429931640625,False
voltage_level_exposure,family,12,14.320289611816406,16.380599975585938,False
voltage_level_exposure,family,13,30.40502166748047,0.295867919921875,False
voltage_level_exposure,family,14,30.219165802001953,0.4817237854003906,False
voltage_level_exposure,family,15,30.518924713134766,0.18196487426757812,False
voltage_level_exposure,family,16,30.098526000976562,0.6023635864257812,False
voltage_level_exposure,family,17,23.63220977783203,7.0686798095703125,False
voltage_level_exposure,family,18,30.455970764160156,0.2449188232421875,False
voltage_level_exposure,family,19,27.316287994384766,3.384601593017578,False
voltage_level_exposure,family,20,28.659868240356445,2.0410213470458984,False
voltage_level_exposure,family,21,23.202552795410156,7.4983367919921875,False
voltage_level_exposure,family,22,30.558486938476562,0.14240264892578125,False
voltage_level_exposure,family,23,30.52547836303711,0.17541122436523438,False
voltage_level_exposure,family,24,30.39434051513672,0.306549072265625,False
voltage_level_exposure,family,25,30.598217010498047,0.10267257690429688,False
voltage_level_exposure,family,26,30.601604461669922,0.09928512573242188,False
voltage_level_exposure,family,27,30.48503875732422,0.215850830078125,False
voltage_level_exposure,family,28,30.63174819946289,0.06914138793945312,False
voltage_level_exposure,family,29,30.627166748046875,0.07372283935546875,False
voltage_level_exposure,family,30,30.436321258544922,0.2645683288574219,False
voltage_level_exposure,family,31,30.700889587402344,0.0,True
voltage_level_exposure,base,0,28.722248077392578,1.118814468383789,False
voltage_level_exposure,base,1,29.392303466796875,0.4487590789794922,False
voltage_level_exposure,base,2,29.841062545776367,0.0,True
voltage_level_exposure,base,3,29.403898239135742,0.437164306640625,False
voltage_level_exposure,base,4,27.954347610473633,1.8867149353027344,False
voltage_level_exposure,base,5,28.725032806396484,1.1160297393798828,False
voltage_level_exposure,base,6,29.51511001586914,0.32595252990722656,False
voltage_level_exposure,base,7,29.559341430664062,0.2817211151123047,False
voltage_level_exposure,base,8,20.15872573852539,9.682336807250977,False
voltage_level_exposure,base,9,22.029380798339844,7.811681747436523,False
voltage_level_exposure,base,10,23.49433708190918,6.3467254638671875,False
voltage_level_exposure,base,11,23.932069778442383,5.908992767333984,False
voltage_level_exposure,base,12,10.90697193145752,18.93408966064453,False
voltage_level_exposure,base,13,12.887683868408203,16.953378677368164,False
voltage_level_exposure,base,14,13.914132118225098,15.92693042755127,False
voltage_level_exposure,base,15,14.275452613830566,15.5656099319458,False
voltage_sensitivity,family,0,27.391590118408203,4.187690734863281,False
voltage_sensitivity,family,1,30.247451782226562,1.3318290710449219,False
voltage_sensitivity,family,2,31.579280853271484,0.0,True
voltage_sensitivity,family,3,31.204341888427734,0.37493896484375,False
voltage_sensitivity,family,4,31.295448303222656,0.2838325500488281,False
voltage_sensitivity,family,5,31.210731506347656,0.3685493469238281,False
voltage_sensitivity,family,6,31.239456176757812,0.3398246765136719,False
voltage_sensitivity,family,7,31.351871490478516,0.22740936279296875,False
voltage_sensitivity,family,8,30.902889251708984,0.6763916015625,False
voltage_sensitivity,family,9,30.337215423583984,1.2420654296875,False
voltage_sensitivity,family,10,30.622028350830078,0.9572525024414062,False
voltage_sensitivity,family,11,24.375160217285156,7.204120635986328,False
voltage_sensitivity,family,12,14.35501480102539,17.224266052246094,False
voltage_sensitivity,family,13,31.46278953552246,0.11649131774902344,False
voltage_sensitivity,family,14,31.317672729492188,0.2616081237792969,False
voltage_sensitivity,family,15,31.47951889038086,0.099761962890625,False
voltage_sensitivity,family,16,31.162626266479492,0.4166545867919922,False
voltage_sensitivity,family,17,24.0331974029541,7.546083450317383,False
voltage_sensitivity,family,18,31.190719604492188,0.3885612487792969,False
voltage_sensitivity,family,19,28.611764907836914,2.9675159454345703,False
voltage_sensitivity,family,20,30.138185501098633,1.4410953521728516,False
voltage_sensitivity,family,21,23.56132698059082,8.017953872680664,False
voltage_sensitivity,family,22,31.258092880249023,0.32118797302246094,False
voltage_sensitivity,family,23,31.329742431640625,0.24953842163085938,False
voltage_sensitivity,family,24,31.31256866455078,0.2667121887207031,False
voltage_sensitivity,family,25,31.266183853149414,0.3130970001220703,False
voltage_sensitivity,family,26,31.313217163085938,0.2660636901855469,False
voltage_sensitivity,family,27,31.306791305541992,0.2724895477294922,False
voltage_sensitivity,family,28,31.327770233154297,0.2515106201171875,False
voltage_sensitivity,family,29,31.303319931030273,0.27596092224121094,False
voltage_sensitivity,family,30,31.337093353271484,0.2421875,False
voltage_sensitivity,family,31,31.474472045898438,0.10480880737304688,False
voltage_sensitivity,base,0,29.968231201171875,0.9833183288574219,False
voltage_sensitivity,base,1,30.74859619140625,0.20295333862304688,False
voltage_sensitivity,base,2,30.78050994873047,0.17103958129882812,False
voltage_sensitivity,base,3,30.951549530029297,0.0,True
voltage_sensitivity,base,4,28.5080623626709,2.4434871673583984,False
voltage_sensitivity,base,5,29.525859832763672,1.425689697265625,False
voltage_sensitivity,base,6,30.056386947631836,0.8951625823974609,False
voltage_sensitivity,base,7,30.703275680541992,0.2482738494873047,False
voltage_sensitivity,base,8,20.401994705200195,10.549554824829102,False
voltage_sensitivity,base,9,22.359230041503906,8.59231948852539,False
voltage_sensitivity,base,10,23.850940704345703,7.100608825683594,False
voltage_sensitivity,base,11,24.267057418823242,6.684492111206055,False
voltage_sensitivity,base,12,10.930481910705566,20.021068572998047,False
voltage_sensitivity,base,13,12.914741516113281,18.036808013916016,False
voltage_sensitivity,base,14,13.948583602905273,17.002965927124023,False
voltage_sensitivity,base,15,14.316263198852539,16.635286331176758,False
staggered_class_tou,family,0,26.355546951293945,5.255571365356445,False
staggered_class_tou,family,1,30.345266342163086,1.2658519744873047,False
staggered_class_tou,family,2,30.5548038482666,1.056314468383789,False
staggered_class_tou,family,3,31.41141128540039,0.19970703125,False
staggered_class_tou,family,4,31.61111831665039,0.0,True
staggered_class_tou,family,5,31.552234649658203,0.0588836669921875,False
staggered_class_tou,family,6,31.589082717895508,0.022035598754882812,False
staggered_class_tou,family,7,31.482872009277344,0.12824630737304688,False
staggered_class_tou,family,8,31.21148681640625,0.3996315002441406,False
staggered_class_tou,family,9,30.7889404296875,0.8221778869628906,False
staggered_class_tou,family,10,30.837358474731445,0.7737598419189453,False
staggered_class_tou,family,11,23.323373794555664,8.287744522094727,False
staggered_class_tou,family,12,13.420050621032715,18.19106674194336,False
staggered_class_tou,family,13,31.01357078552246,0.5975475311279297,False
staggered_class_tou,family,14,30.82421875,0.7868995666503906,False
staggered_class_tou,family,15,31.235158920288086,0.3759593963623047,False
staggered_class_tou,family,16,30.799129486083984,0.8119888305664062,False
staggered_class_tou,family,17,22.837404251098633,8.773714065551758,False
staggered_class_tou,family,18,31.34278106689453,0.2683372497558594,False
staggered_class_tou,family,19,29.508834838867188,2.102283477783203,False
staggered_class_tou,family,20,29.997806549072266,1.613311767578125,False
staggered_class_tou,family,21,22.44490623474121,9.16621208190918,False
staggered_class_tou,family,22,31.298065185546875,0.3130531311035156,False
staggered_class_tou,family,23,31.174652099609375,0.4364662170410156,False
staggered_class_tou,family,24,30.953596115112305,0.6575222015380859,False
staggered_class_tou,family,25,31.44775390625,0.16336441040039062,False
staggered_class_tou,family,26,31.33240509033203,0.2787132263183594,False
staggered_class_tou,family,27,31.100101470947266,0.511016845703125,False
staggered_class_tou,family,28,31.409263610839844,0.20185470581054688,False
staggered_class_tou,family,29,31.38787269592285,0.22324562072753906,False
staggered_class_tou,family,30,31.057052612304688,0.5540657043457031,False
staggered_class_tou,family,31,31.437345504760742,0.17377281188964844,False
staggered_class_tou,base,0,30.086257934570312,1.3167705535888672,False
staggered_class_tou,base,1,30.29204559326172,1.110982894897461,False
staggered_class_tou,base,2,31.217693328857422,0.1853351593017578,False
staggered_class_tou,base,3,31.40302848815918,0.0,True
staggered_class_tou,base,4,28.724958419799805,2.678070068359375,False
staggered_class_tou,base,5,29.176815032958984,2.2262134552001953,False
staggered_class_tou,base,6,30.456768035888672,0.9462604522705078,False
staggered_class_tou,base,7,31.06873321533203,0.33429527282714844,False
staggered_class_tou,base,8,19.144439697265625,12.258588790893555,False
staggered_class_tou,base,9,21.06867218017578,10.334356307983398,False
staggered_class_tou,base,10,22.819652557373047,8.583375930786133,False
staggered_class_tou,base,11,23.3833065032959,8.019721984863281,False
staggered_class_tou,base,12,9.9284029006958,21.474624633789062,False
staggered_class_tou,base,13,11.933197975158691,19.469829559326172,False
staggered_class_tou,base,14,13.01722240447998,18.385807037353516,False
staggered_class_tou,base,15,13.339944839477539,18.06308364868164,False
own_peak_ratchet,family,0,28.914403915405273,4.47816276550293,False
own_peak_ratchet,family,1,32.787445068359375,0.6051216125488281,False
own_peak_ratchet,family,2,32.89713668823242,0.49542999267578125,False
own_peak_ratchet,family,3,33.257755279541016,0.1348114013671875,False
own_peak_ratchet,family,4,33.3925666809082,0.0,True
own_peak_ratchet,family,5,33.31428146362305,0.07828521728515625,False
own_peak_ratchet,family,6,33.33573913574219,0.056827545166015625,False
own_peak_ratchet,family,7,33.37535095214844,0.017215728759765625,False
own_peak_ratchet,family,8,33.1043701171875,0.2881965637207031,False
own_peak_ratchet,family,9,32.805503845214844,0.5870628356933594,False
own_peak_ratchet,family,10,32.71343231201172,0.6791343688964844,False
own_peak_ratchet,family,11,24.861215591430664,8.531351089477539,False
own_peak_ratchet,family,12,14.35501480102539,19.037551879882812,False
own_peak_ratchet,family,13,33.10136413574219,0.2912025451660156,False
own_peak_ratchet,family,14,33.011741638183594,0.3808250427246094,False
own_peak_ratchet,family,15,33.222599029541016,0.1699676513671875,False
own_peak_ratchet,family,16,32.94298553466797,0.4495811462402344,False
own_peak_ratchet,family,17,24.44338035583496,8.949186325073242,False
own_peak_ratchet,family,18,33.2513542175293,0.14121246337890625,False
own_peak_ratchet,family,19,32.03460693359375,1.3579597473144531,False
own_peak_ratchet,family,20,32.3634033203125,1.0291633605957031,False
own_peak_ratchet,family,21,24.124345779418945,9.268220901489258,False
own_peak_ratchet,family,22,33.21607971191406,0.17648696899414062,False
own_peak_ratchet,family,23,33.17331314086914,0.2192535400390625,False
own_peak_ratchet,family,24,33.094749450683594,0.2978172302246094,False
own_peak_ratchet,family,25,33.28907775878906,0.10348892211914062,False
own_peak_ratchet,family,26,33.253273010253906,0.13929367065429688,False
own_peak_ratchet,family,27,33.162681579589844,0.22988510131835938,False
own_peak_ratchet,family,28,33.30747985839844,0.08508682250976562,False
own_peak_ratchet,family,29,33.27643585205078,0.11613082885742188,False
own_peak_ratchet,family,30,33.1373176574707,0.2552490234375,False
own_peak_ratchet,family,31,33.38707733154297,0.005489349365234375,False
own_peak_ratchet,base,0,32.528472900390625,0.6089439392089844,False
own_peak_ratchet,base,1,32.640052795410156,0.4973640441894531,False
own_peak_ratchet,base,2,32.972618103027344,0.16479873657226562,False
own_peak_ratchet,base,3,33.13741683959961,0.0,True
own_peak_ratchet,base,4,31.081058502197266,2.0563583374023438,False
own_peak_ratchet,base,5,31.464096069335938,1.6733207702636719,False
own_peak_ratchet,base,6,32.30503845214844,0.8323783874511719,False
own_peak_ratchet,base,7,32.816322326660156,0.3210945129394531,False
own_peak_ratchet,base,8,20.890583038330078,12.246833801269531,False
own_peak_ratchet,base,9,22.77141761779785,10.365999221801758,False
own_peak_ratchet,base,10,24.358123779296875,8.779293060302734,False
own_peak_ratchet,base,11,24.912445068359375,8.224971771240234,False
own_peak_ratchet,base,12,10.930481910705566,22.20693588256836,False
own_peak_ratchet,base,13,12.914741516113281,20.222675323486328,False
own_peak_ratchet,base,14,13.948583602905273,19.188833236694336,False
own_peak_ratchet,base,15,14.316263198852539,18.82115364074707,False
own_deviation_charge,family,0,26.292652130126953,5.229902267456055,False
own_deviation_charge,family,1,30.7711124420166,0.7514419555664062,False
own_deviation_charge,family,2,30.989177703857422,0.5333766937255859,False
own_deviation_charge,family,3,31.34684944152832,0.1757049560546875,False
own_deviation_charge,family,4,31.381813049316406,0.14074134826660156,False
own_deviation_charge,family,5,31.38997459411621,0.13257980346679688,False
own_deviation_charge,family,6,31.393848419189453,0.1287059783935547,False
own_deviation_charge,family,7,31.43124008178711,0.09131431579589844,False
own_deviation_charge,family,8,31.14890480041504,0.37364959716796875,False
own_deviation_charge,family,9,30.741046905517578,0.7815074920654297,False
own_deviation_charge,family,10,30.742595672607422,0.7799587249755859,False
own_deviation_charge,family,11,23.202342987060547,8.320211410522461,False
own_deviation_charge,family,12,13.37149429321289,18.151060104370117,False
own_deviation_charge,family,13,31.20413589477539,0.3184185028076172,False
own_deviation_charge,family,14,31.0965518951416,0.42600250244140625,False
own_deviation_charge,family,15,31.315690994262695,0.2068634033203125,False
own_deviation_charge,family,16,30.99513816833496,0.5274162292480469,False
own_deviation_charge,family,17,22.809215545654297,8.713338851928711,False
own_deviation_charge,family,18,31.327672958374023,0.19488143920898438,False
own_deviation_charge,family,19,29.565933227539062,1.9566211700439453,False
own_deviation_charge,family,20,30.219694137573242,1.3028602600097656,False
own_deviation_charge,family,21,22.43541717529297,9.087137222290039,False
own_deviation_charge,family,22,31.3182373046875,0.2043170928955078,False
own_deviation_charge,family,23,31.279621124267578,0.2429332733154297,False
own_deviation_charge,family,24,31.200082778930664,0.32247161865234375,False
own_deviation_charge,family,25,31.377992630004883,0.144561767578125,False
own_deviation_charge,family,26,31.34845733642578,0.17409706115722656,False
own_deviation_charge,family,27,31.262821197509766,0.2597332000732422,False
own_deviation_charge,family,28,31.39156150817871,0.13099288940429688,False
own_deviation_charge,family,29,31.370378494262695,0.1521759033203125,False
own_deviation_charge,family,30,31.235363006591797,0.28719139099121094,False
own_deviation_charge,family,31,31.522554397583008,0.0,True
own_deviation_charge,base,0,30.505878448486328,0.48680877685546875,False
own_deviation_charge,base,1,30.65009117126465,0.34259605407714844,False
own_deviation_charge,base,2,30.963382720947266,0.02930450439453125,False
own_deviation_charge,base,3,30.992687225341797,0.0,True
own_deviation_charge,base,4,29.056564331054688,1.9361228942871094,False
own_deviation_charge,base,5,29.449352264404297,1.5433349609375,False
own_deviation_charge,base,6,30.248119354248047,0.74456787109375,False
own_deviation_charge,base,7,30.636856079101562,0.3558311462402344,False
own_deviation_charge,base,8,19.341800689697266,11.650886535644531,False
own_deviation_charge,base,9,21.150691986083984,9.841995239257812,False
own_deviation_charge,base,10,22.673625946044922,8.319061279296875,False
own_deviation_charge,base,11,23.17877960205078,7.813907623291016,False
own_deviation_charge,base,12,10.033952713012695,20.9587345123291,False
own_deviation_charge,base,13,11.94502067565918,19.047666549682617,False
own_deviation_charge,base,14,12.95298957824707,18.039697647094727,False
own_deviation_charge,base,15,13.296613693237305,17.696073532104492,False
reverse_flow_charge,family,0,25.21307373046875,5.101749420166016,False
reverse_flow_charge,family,1,29.860321044921875,0.4545021057128906,False
reverse_flow_charge,family,2,29.95274543762207,0.3620777130126953,False
reverse_flow_charge,family,3,30.243133544921875,0.07168960571289062,False
reverse_flow_charge,family,4,30.31264877319336,0.00217437744140625,False
reverse_flow_charge,family,5,30.279340744018555,0.03548240661621094,False
reverse_flow_charge,family,6,30.28947639465332,0.025346755981445312,False
reverse_flow_charge,family,7,30.214313507080078,0.1005096435546875,False
reverse_flow_charge,family,8,30.056018829345703,0.2588043212890625,False
reverse_flow_charge,family,9,29.670364379882812,0.6444587707519531,False
reverse_flow_charge,family,10,29.646060943603516,0.66876220703125,False
reverse_flow_charge,family,11,22.267988204956055,8.046834945678711,False
reverse_flow_charge,family,12,12.716196060180664,17.5986270904541,False
reverse_flow_charge,family,13,30.113544464111328,0.2012786865234375,False
reverse_flow_charge,family,14,30.028671264648438,0.2861518859863281,False
reverse_flow_charge,family,15,30.205942153930664,0.10888099670410156,False
reverse_flow_charge,family,16,29.919692993164062,0.3951301574707031,False
reverse_flow_charge,family,17,21.891582489013672,8.423240661621094,False
reverse_flow_charge,family,18,30.223670959472656,0.09115219116210938,False
reverse_flow_charge,family,19,28.728532791137695,1.5862903594970703,False
reverse_flow_charge,family,20,29.042882919311523,1.2719402313232422,False
reverse_flow_charge,family,21,21.520845413208008,8.793977737426758,False
reverse_flow_charge,family,22,30.21944808959961,0.09537506103515625,False
reverse_flow_charge,family,23,30.18548583984375,0.12933731079101562,False
reverse_flow_charge,family,24,30.124347686767578,0.1904754638671875,False
reverse_flow_charge,family,25,30.269302368164062,0.045520782470703125,False
reverse_flow_charge,family,26,30.244007110595703,0.0708160400390625,False
reverse_flow_charge,family,27,30.176555633544922,0.13826751708984375,False
reverse_flow_charge,family,28,30.281421661376953,0.0334014892578125,False
reverse_flow_charge,family,29,30.260894775390625,0.053928375244140625,False
reverse_flow_charge,family,30,30.148006439208984,0.16681671142578125,False
reverse_flow_charge,family,31,30.314823150634766,0.0,True
reverse_flow_charge,base,0,29.597631454467773,0.48361968994140625,False
reverse_flow_charge,base,1,29.701709747314453,0.37954139709472656,False
reverse_flow_charge,base,2,29.9835205078125,0.09773063659667969,False
reverse_flow_charge,base,3,30.08125114440918,0.0,True
reverse_flow_charge,base,4,28.183788299560547,1.8974628448486328,False
reverse_flow_charge,base,5,28.526737213134766,1.554513931274414,False
reverse_flow_charge,base,6,29.270160675048828,0.8110904693603516,False
reverse_flow_charge,base,7,29.685096740722656,0.39615440368652344,False
reverse_flow_charge,base,8,18.69840431213379,11.38284683227539,False
reverse_flow_charge,base,9,20.391908645629883,9.689342498779297,False
reverse_flow_charge,base,10,21.810462951660156,8.270788192749023,False
reverse_flow_charge,base,11,22.279315948486328,7.801935195922852,False
reverse_flow_charge,base,12,9.619209289550781,20.4620418548584,False
reverse_flow_charge,base,13,11.405921936035156,18.675329208374023,False
reverse_flow_charge,base,14,12.331574440002441,17.749675750732422,False
reverse_flow_charge,base,15,12.64425277709961,17.43699836730957,False
two_part_volumetric,family,0,27.302776336669922,5.130374908447266,False
two_part_volumetric,family,1,31.93820571899414,0.4949455261230469,False
two_part_volumetric,family,2,32.04085159301758,0.3922996520996094,False
two_part_volumetric,family,3,32.350006103515625,0.0831451416015625,False
two_part_volumetric,family,4,32.43315124511719,0.0,True
two_part_volumetric,family,5,32.389896392822266,0.043254852294921875,False
two_part_volumetric,family,6,32.402801513671875,0.0303497314453125,False
two_part_volumetric,family,7,32.341861724853516,0.09128952026367188,False
two_part_volumetric,family,8,32.160160064697266,0.2729911804199219,False
two_part_volumetric,family,9,31.770824432373047,0.6623268127441406,False
two_part_volumetric,family,10,31.7202205657959,0.7129306793212891,False
two_part_volumetric,family,11,23.937870025634766,8.495281219482422,False
two_part_volumetric,family,12,13.862150192260742,18.571001052856445,False
two_part_volumetric,family,13,32.213356018066406,0.21979522705078125,False
two_part_volumetric,family,14,32.125450134277344,0.30770111083984375,False
two_part_volumetric,family,15,32.312294006347656,0.12085723876953125,False
two_part_volumetric,family,16,32.01655197143555,0.4165992736816406,False
two_part_volumetric,family,17,23.541154861450195,8.891996383666992,False
two_part_volumetric,family,18,32.33219909667969,0.1009521484375,False
two_part_volumetric,family,19,30.797786712646484,1.6353645324707031,False
two_part_volumetric,family,20,31.14276885986328,1.2903823852539062,False
two_part_volumetric,family,21,23.163253784179688,9.2698974609375,False
two_part_volumetric,family,22,32.323753356933594,0.10939788818359375,False
two_part_volumetric,family,23,32.287269592285156,0.14588165283203125,False
two_part_volumetric,family,24,32.22186279296875,0.2112884521484375,False
two_part_volumetric,family,25,32.37734603881836,0.055805206298828125,False
two_part_volumetric,family,26,32.34982681274414,0.08332443237304688,False
two_part_volumetric,family,27,32.27715301513672,0.15599822998046875,False
two_part_volumetric,family,28,32.39005661010742,0.043094635009765625,False
two_part_volumetric,family,29,32.36772155761719,0.0654296875,False
two_part_volumetric,family,30,32.249019622802734,0.18413162231445312,False
two_part_volumetric,family,31,32.42816162109375,0.0049896240234375,False
two_part_volumetric,base,0,31.638954162597656,0.5285682678222656,False
two_part_volumetric,base,1,31.754398345947266,0.41312408447265625,False
two_part_volumetric,base,2,32.05435562133789,0.11316680908203125,False
two_part_volumetric,base,3,32.16752243041992,0.0,True
two_part_volumetric,base,4,30.147640228271484,2.0198822021484375,False
two_part_volumetric,base,5,30.51504135131836,1.6524810791015625,False
two_part_volumetric,base,6,31.301895141601562,0.8656272888183594,False
two_part_volumetric,base,7,31.749553680419922,0.41796875,False
two_part_volumetric,base,8,20.14250946044922,12.025012969970703,False
two_part_volumetric,base,9,21.93444061279297,10.233081817626953,False
two_part_volumetric,base,10,23.43320083618164,8.734321594238281,False
two_part_volumetric,base,11,23.933982849121094,8.233539581298828,False
two_part_volumetric,base,12,10.56535816192627,21.60216522216797,False
two_part_volumetric,base,13,12.455972671508789,19.711549758911133,False
two_part_volumetric,base,14,13.433662414550781,18.73386001586914,False
two_part_volumetric,base,15,13.767728805541992,18.39979362487793,False
two_part_fixed,family,0,31.648170471191406,3.8187828063964844,False
two_part_fixed,family,1,34.77668380737305,0.6902694702148438,False
two_part_fixed,family,2,34.894813537597656,0.5721397399902344,False
two_part_fixed,family,3,35.26243591308594,0.20451736450195312,False
two_part_fixed,family,4,35.449493408203125,0.017459869384765625,False
two_part_fixed,family,5,35.32197570800781,0.14497756958007812,False
two_part_fixed,family,6,35.35843276977539,0.1085205078125,False
two_part_fixed,family,7,35.46695327758789,0.0,True
two_part_fixed,family,8,35.148956298828125,0.3179969787597656,False
two_part_fixed,family,9,34.9412841796875,0.5256690979003906,False
two_part_fixed,family,10,34.56721115112305,0.8997421264648438,False
two_part_fixed,family,11,25.976303100585938,9.490650177001953,False
two_part_fixed,family,12,14.847881317138672,20.61907196044922,False
two_part_fixed,family,13,35.110206604003906,0.3567466735839844,False
two_part_fixed,family,14,35.030059814453125,0.4368934631347656,False
two_part_fixed,family,15,35.23311233520508,0.2338409423828125,False
two_part_fixed,family,16,34.99259948730469,0.4743537902832031,False
two_part_fixed,family,17,25.53898811340332,9.92796516418457,False
two_part_fixed,family,18,35.260963439941406,0.20598983764648438,False
two_part_fixed,family,19,34.397613525390625,1.0693397521972656,False
two_part_fixed,family,20,34.72649383544922,0.7404594421386719,False
two_part_fixed,family,21,25.27552032470703,10.19143295288086,False
two_part_fixed,family,22,35.22147750854492,0.24547576904296875,False
two_part_fixed,family,23,35.17435836791992,0.29259490966796875,False
two_part_fixed,family,24,35.095977783203125,0.3709754943847656,False
two_part_fixed,family,25,35.29100036621094,0.17595291137695312,False
two_part_fixed,family,26,35.251014709472656,0.21593856811523438,False
two_part_fixed,family,27,35.1601676940918,0.30678558349609375,False
two_part_fixed,family,28,35.30409622192383,0.1628570556640625,False
two_part_fixed,family,29,35.273345947265625,0.19360733032226562,False
two_part_fixed,family,30,35.143409729003906,0.3235435485839844,False
two_part_fixed,family,31,35.378387451171875,0.08856582641601562,False
two_part_fixed,base,0,34.55863571166992,0.6840896606445312,False
two_part_fixed,base,1,34.677886962890625,0.5648384094238281,False
two_part_fixed,base,2,35.03120040893555,0.21152496337890625,False
two_part_fixed,base,3,35.24272537231445,0.0,True
two_part_fixed,base,4,32.912384033203125,2.330341339111328,False
two_part_fixed,base,5,33.30976867675781,1.9329566955566406,False
two_part_fixed,base,6,34.200496673583984,1.0422286987304688,False
two_part_fixed,base,7,34.780555725097656,0.4621696472167969,False
two_part_fixed,base,8,21.867755889892578,13.374969482421875,False
two_part_fixed,base,9,23.837474822998047,11.405250549316406,False
two_part_fixed,base,10,25.512454986572266,9.730270385742188,False
two_part_fixed,base,11,26.120914459228516,9.121810913085938,False
two_part_fixed,base,12,11.295604705810547,23.947120666503906,False
two_part_fixed,base,13,13.37351131439209,21.869213104248047,False
two_part_fixed,base,14,14.463509559631348,20.779216766357422,False
two_part_fixed,base,15,14.86479663848877,20.3779296875,False
tenant_floor,family,0,28.80347442626953,4.465847015380859,False
tenant_floor,family,1,32.685447692871094,0.5838737487792969,False
tenant_floor,family,2,32.79583740234375,0.4734840393066406,False
tenant_floor,family,3,33.13422393798828,0.13509750366210938,False
tenant_floor,family,4,33.26932144165039,0.0,True
tenant_floor,family,5,33.183937072753906,0.08538436889648438,False
tenant_floor,family,6,33.2086181640625,0.060703277587890625,False
tenant_floor,family,7,33.23240661621094,0.036914825439453125,False
tenant_floor,family,8,32.9825553894043,0.28676605224609375,False
tenant_floor,family,9,32.68405532836914,0.58526611328125,False
tenant_floor,family,10,32.471717834472656,0.7976036071777344,False
tenant_floor,family,11,24.285083770751953,8.984237670898438,False
tenant_floor,family,12,13.683015823364258,19.586305618286133,False
tenant_floor,family,13,32.98978042602539,0.279541015625,False
tenant_floor,family,14,32.905757904052734,0.36356353759765625,False
tenant_floor,family,15,33.100704193115234,0.16861724853515625,False
tenant_floor,family,16,32.83258056640625,0.4367408752441406,False
tenant_floor,family,17,23.868072509765625,9.401248931884766,False
tenant_floor,family,18,33.12458038330078,0.14474105834960938,False
tenant_floor,family,19,31.925701141357422,1.3436203002929688,False
tenant_floor,family,20,32.262630462646484,1.0066909790039062,False
tenant_floor,family,21,23.547386169433594,9.721935272216797,False
tenant_floor,family,22,33.100616455078125,0.16870498657226562,False
tenant_floor,family,23,33.058815002441406,0.21050643920898438,False
tenant_floor,family,24,32.98692321777344,0.2823982238769531,False
tenant_floor,family,25,33.162174224853516,0.107147216796875,False
tenant_floor,family,26,33.128421783447266,0.140899658203125,False
tenant_floor,family,27,33.046661376953125,0.22266006469726562,False
tenant_floor,family,28,33.17507553100586,0.09424591064453125,False
tenant_floor,family,29,33.14853286743164,0.12078857421875,False
tenant_floor,family,30,33.02421569824219,0.24510574340820312,False
tenant_floor,family,31,33.23127365112305,0.03804779052734375,False
tenant_floor,base,0,32.426795959472656,0.6063270568847656,False
tenant_floor,base,1,32.54413986206055,0.488983154296875,False
tenant_floor,base,2,32.87078094482422,0.16234207153320312,False
tenant_floor,base,3,33.03312301635742,0.0,True
tenant_floor,base,4,30.85801124572754,2.175111770629883,False
tenant_floor,base,5,31.24040412902832,1.7927188873291016,False
tenant_floor,base,6,32.079193115234375,0.9539299011230469,False
tenant_floor,base,7,32.593055725097656,0.4400672912597656,False
tenant_floor,base,8,20.333133697509766,12.699989318847656,False
tenant_floor,base,9,22.213958740234375,10.819164276123047,False
tenant_floor,base,10,23.80082893371582,9.232294082641602,False
tenant_floor,base,11,24.35544776916504,8.677675247192383,False
tenant_floor,base,12,10.258481979370117,22.774641036987305,False
tenant_floor,base,13,12.242740631103516,20.790382385253906,False
tenant_floor,base,14,13.27658462524414,19.75653839111328,False
tenant_floor,base,15,13.644262313842773,19.38886070251465,False
stress_funds_tenant_floor,family,0,-8.600522994995117,29.16742706298828,False
stress_funds_tenant_floor,family,1,3.4613194465637207,17.1055850982666,False
stress_funds_tenant_floor,family,2,9.68319320678711,10.883710861206055,False
stress_funds_tenant_floor,family,3,9.23331356048584,11.333590507507324,False
stress_funds_tenant_floor,family,4,7.514010429382324,13.05289363861084,False
stress_funds_tenant_floor,family,5,9.103374481201172,11.463529586791992,False
stress_funds_tenant_floor,family,6,8.883881568908691,11.683022499084473,False
stress_funds_tenant_floor,family,7,6.444549083709717,14.122354507446289,False
stress_funds_tenant_floor,family,8,8.350350379943848,12.216553688049316,False
stress_funds_tenant_floor,family,9,6.315832138061523,14.25107192993164,False
stress_funds_tenant_floor,family,10,9.83924388885498,10.727660179138184,False
stress_funds_tenant_floor,family,11,20.566904067993164,0.0,True
stress_funds_tenant_floor,family,12,14.35501480102539,6.211889266967773,False
stress_funds_tenant_floor,family,13,9.346413612365723,11.220490455627441,False
stress_funds_tenant_floor,family,14,8.503264427185059,12.063639640808105,False
stress_funds_tenant_floor,family,15,8.641073226928711,11.925830841064453,False
stress_funds_tenant_floor,family,16,8.430686950683594,12.13621711730957,False
stress_funds_tenant_floor,family,17,20.530349731445312,0.03655433654785156,False
stress_funds_tenant_floor,family,18,8.162652969360352,12.404251098632812,False
stress_funds_tenant_floor,family,19,-2.6977386474609375,23.2646427154541,False
stress_funds_tenant_floor,family,20,5.892251491546631,14.674652099609375,False
stress_funds_tenant_floor,family,21,19.08496856689453,1.4819355010986328,False
stress_funds_tenant_floor,family,22,9.420487403869629,11.146416664123535,False
stress_funds_tenant_floor,family,23,9.600406646728516,10.966497421264648,False
stress_funds_tenant_floor,family,24,9.543992042541504,11.02291202545166,False
stress_funds_tenant_floor,family,25,9.166488647460938,11.400415420532227,False
stress_funds_tenant_floor,family,26,9.241694450378418,11.325209617614746,False
stress_funds_tenant_floor,family,27,9.142071723937988,11.424832344055176,False
stress_funds_tenant_floor,family,28,9.058586120605469,11.508317947387695,False
stress_funds_tenant_floor,family,29,9.291329383850098,11.275574684143066,False
stress_funds_tenant_floor,family,30,8.835457801818848,11.731446266174316,False
stress_funds_tenant_floor,family,31,8.206103324890137,12.360800743103027,False
stress_funds_tenant_floor,base,0,3.214618682861328,16.48196792602539,False
stress_funds_tenant_floor,base,1,7.0240325927734375,12.672554016113281,False
stress_funds_tenant_floor,base,2,7.866025447845459,11.830560684204102,False
stress_funds_tenant_floor,base,3,6.482758045196533,13.213829040527344,False
stress_funds_tenant_floor,base,4,3.940913438796997,15.7556734085083,False
stress_funds_tenant_floor,base,5,7.747635364532471,11.948951721191406,False
stress_funds_tenant_floor,base,6,8.377087593078613,11.319499015808105,False
stress_funds_tenant_floor,base,7,6.8620123863220215,12.834573745727539,False
stress_funds_tenant_floor,base,8,16.220035552978516,3.476551055908203,False
stress_funds_tenant_floor,base,9,18.75287628173828,0.9437103271484375,False
stress_funds_tenant_floor,base,10,19.69658660888672,0.0,True
stress_funds_tenant_floor,base,11,18.902536392211914,0.7940502166748047,False
stress_funds_tenant_floor,base,12,10.930481910705566,8.766104698181152,False
stress_funds_tenant_floor,base,13,12.914741516113281,6.7818450927734375,False
stress_funds_tenant_floor,base,14,13.948583602905273,5.748003005981445,False
stress_funds_tenant_floor,base,15,14.316263198852539,5.38032341003418,False
stress_class_neutral,family,0,29.47547149658203,4.465847015380859,False
stress_class_neutral,family,1,33.357444763183594,0.5838737487792969,False
stress_class_neutral,family,2,33.46783447265625,0.4734840393066406,False
stress_class_neutral,family,3,33.80622100830078,0.13509750366210938,False
stress_class_neutral,family,4,33.94131851196289,0.0,True
stress_class_neutral,family,5,33.85593795776367,0.08538055419921875,False
stress_class_neutral,family,6,33.880615234375,0.060703277587890625,False
stress_class_neutral,family,7,33.9044075012207,0.0369110107421875,False
stress_class_neutral,family,8,33.65455627441406,0.2867622375488281,False
stress_class_neutral,family,9,33.35605239868164,0.58526611328125,False
stress_class_neutral,family,10,33.143714904785156,0.7976036071777344,False
stress_class_neutral,family,11,24.95708465576172,8.984233856201172,False
stress_class_neutral,family,12,14.35501480102539,19.5863037109375,False
stress_class_neutral,family,13,33.661781311035156,0.2795372009277344,False
stress_class_neutral,family,14,33.577754974365234,0.36356353759765625,False
stress_class_neutral,family,15,33.772705078125,0.16861343383789062,False
stress_class_neutral,family,16,33.50457763671875,0.4367408752441406,False
stress_class_neutral,family,17,24.540071487426758,9.401247024536133,False
stress_class_neutral,family,18,33.79658126831055,0.14473724365234375,False
stress_class_neutral,family,19,32.59770202636719,1.3436164855957031,False
stress_class_neutral,family,20,32.93463134765625,1.0066871643066406,False
stress_class_neutral,family,21,24.21938705444336,9.721931457519531,False
stress_class_neutral,family,22,33.772613525390625,0.16870498657226562,False
stress_class_neutral,family,23,33.73081588745117,0.21050262451171875,False
stress_class_neutral,family,24,33.6589241027832,0.2823944091796875,False
stress_class_neutral,family,25,33.83417510986328,0.10714340209960938,False
stress_class_neutral,family,26,33.80042266845703,0.14089584350585938,False
stress_class_neutral,family,27,33.71865463256836,0.22266387939453125,False
stress_class_neutral,family,28,33.847076416015625,0.09424209594726562,False
stress_class_neutral,family,29,33.820533752441406,0.12078475952148438,False
stress_class_neutral,family,30,33.69621276855469,0.24510574340820312,False
stress_class_neutral,family,31,33.90327072143555,0.03804779052734375,False
stress_class_neutral,base,0,33.09879684448242,0.6063270568847656,False
stress_class_neutral,base,1,33.21614074707031,0.488983154296875,False
stress_class_neutral,base,2,33.542781829833984,0.16234207153320312,False
stress_class_neutral,base,3,33.70512390136719,0.0,True
stress_class_neutral,base,4,31.530012130737305,2.175111770629883,False
stress_class_neutral,base,5,31.91240692138672,1.7927169799804688,False
stress_class_neutral,base,6,32.751197814941406,0.9539260864257812,False
stress_class_neutral,base,7,33.265052795410156,0.44007110595703125,False
stress_class_neutral,base,8,21.005130767822266,12.699993133544922,False
stress_class_neutral,base,9,22.885957717895508,10.81916618347168,False
stress_class_neutral,base,10,24.47282600402832,9.232297897338867,False
stress_class_neutral,base,11,25.027450561523438,8.67767333984375,False
stress_class_neutral,base,12,10.930481910705566,22.774642944335938,False
stress_class_neutral,base,13,12.914741516113281,20.790382385253906,False
stress_class_neutral,base,14,13.948583602905273,19.756540298461914,False
stress_class_neutral,base,15,14.316263198852539,19.38886070251465,False
joint_system_cost,family,0,13.884017944335938,9.510278701782227,False
joint_system_cost,family,1,20.896167755126953,2.498128890991211,False
joint_system_cost,family,2,23.203699111938477,0.1905975341796875,False
joint_system_cost,family,3,23.320842742919922,0.07345390319824219,False
joint_system_cost,family,4,22.728466033935547,0.6658306121826172,False
joint_system_cost,family,5,23.307283401489258,0.08701324462890625,False
joint_system_cost,family,6,23.232086181640625,0.16221046447753906,False
joint_system_cost,family,7,22.363513946533203,1.030782699584961,False
joint_system_cost,family,8,22.895055770874023,0.4992408752441406,False
joint_system_cost,family,9,21.94940185546875,1.444894790649414,False
joint_system_cost,family,10,23.253923416137695,0.14037322998046875,False
joint_system_cost,family,11,22.224727630615234,1.1695690155029297,False
joint_system_cost,family,12,13.549491882324219,9.844804763793945,False
joint_system_cost,family,13,23.24917221069336,0.1451244354248047,False
joint_system_cost,family,14,22.89305305480957,0.5012435913085938,False
joint_system_cost,family,15,23.086809158325195,0.30748748779296875,False
joint_system_cost,family,16,22.80620574951172,0.5880908966064453,False
joint_system_cost,family,17,21.95113754272461,1.4431591033935547,False
joint_system_cost,family,18,22.937950134277344,0.4563465118408203,False
joint_system_cost,family,19,18.02370834350586,5.370588302612305,False
joint_system_cost,family,20,21.388174057006836,2.006122589111328,False
joint_system_cost,family,21,21.218997955322266,2.1752986907958984,False
joint_system_cost,family,22,23.360034942626953,0.03426170349121094,False
joint_system_cost,family,23,23.394296646118164,0.0,True
joint_system_cost,family,24,23.31855010986328,0.07574653625488281,False
joint_system_cost,family,25,23.32082748413086,0.07346916198730469,False
joint_system_cost,family,26,23.327564239501953,0.06673240661621094,False
joint_system_cost,family,27,23.231529235839844,0.1627674102783203,False
joint_system_cost,family,28,23.300548553466797,0.09374809265136719,False
joint_system_cost,family,29,23.361328125,0.03296852111816406,False
joint_system_cost,family,30,23.104326248168945,0.28997039794921875,False
joint_system_cost,family,31,23.063127517700195,0.33116912841796875,False
joint_system_cost,base,0,20.641719818115234,1.9633293151855469,False
joint_system_cost,base,1,22.08776092529297,0.5172882080078125,False
joint_system_cost,base,2,22.60504913330078,0.0,True
joint_system_cost,base,3,22.150768280029297,0.4542808532714844,False
joint_system_cost,base,4,20.09440040588379,2.510648727416992,False
joint_system_cost,base,5,21.697784423828125,0.9072647094726562,False
joint_system_cost,base,6,22.44585418701172,0.1591949462890625,False
joint_system_cost,base,7,22.179161071777344,0.4258880615234375,False
joint_system_cost,base,8,18.190528869628906,4.414520263671875,False
joint_system_cost,base,9,20.27272605895996,2.3323230743408203,False
joint_system_cost,base,10,21.592824935913086,1.0122241973876953,False
joint_system_cost,base,11,21.65441131591797,0.9506378173828125,False
joint_system_cost,base,12,10.160301208496094,12.444747924804688,False
joint_system_cost,base,13,12.128113746643066,10.476935386657715,False
joint_system_cost,base,14,13.145938873291016,9.459110260009766,False
joint_system_cost,base,15,13.5029935836792,9.102055549621582,False
subsidy_ablation,family,0,42.915470123291016,4.465847015380859,False
subsidy_ablation,family,1,46.79743957519531,0.5838775634765625,False
subsidy_ablation,family,2,46.90782928466797,0.47348785400390625,False
subsidy_ablation,family,3,47.24622344970703,0.13509368896484375,False
subsidy_ablation,family,4,47.381317138671875,0.0,True
subsidy_ablation,family,5,47.295936584472656,0.08538055419921875,False
subsidy_ablation,family,6,47.320613861083984,0.060703277587890625,False
subsidy_ablation,family,7,47.34440612792969,0.0369110107421875,False
subsidy_ablation,family,8,47.09455108642578,0.28676605224609375,False
subsidy_ablation,family,9,46.79605484008789,0.5852622985839844,False
subsidy_ablation,family,10,46.583717346191406,0.7975997924804688,False
subsidy_ablation,family,11,38.39708709716797,8.984230041503906,False
subsidy_ablation,family,12,27.795013427734375,19.5863037109375,False
subsidy_ablation,family,13,47.10177993774414,0.2795372009277344,False
subsidy_ablation,family,14,47.01775360107422,0.36356353759765625,False
subsidy_ablation,family,15,47.212703704833984,0.16861343383789062,False
subsidy_ablation,family,16,46.944576263427734,0.4367408752441406,False
subsidy_ablation,family,17,37.98006820678711,9.401248931884766,False
subsidy_ablation,family,18,47.23657989501953,0.14473724365234375,False
subsidy_ablation,family,19,46.03770065307617,1.3436164855957031,False
subsidy_ablation,family,20,46.374629974365234,1.0066871643066406,False
subsidy_ablation,family,21,37.65938186645508,9.721935272216797,False
subsidy_ablation,family,22,47.212615966796875,0.168701171875,False
subsidy_ablation,family,23,47.170814514160156,0.21050262451171875,False
subsidy_ablation,family,24,47.09891891479492,0.2823982238769531,False
subsidy_ablation,family,25,47.274169921875,0.107147216796875,False
subsidy_ablation,family,26,47.240421295166016,0.14089584350585938,False
subsidy_ablation,family,27,47.158653259277344,0.22266387939453125,False
subsidy_ablation,family,28,47.28707504272461,0.09424209594726562,False
subsidy_ablation,family,29,47.26053237915039,0.12078475952148438,False
subsidy_ablation,family,30,47.13621139526367,0.24510574340820312,False
subsidy_ablation,family,31,47.3432731628418,0.038043975830078125,False
subsidy_ablation,base,0,46.53879928588867,0.6063194274902344,False
subsidy_ablation,base,1,46.65614318847656,0.48897552490234375,False
subsidy_ablation,base,2,46.98278045654297,0.1623382568359375,False
subsidy_ablation,base,3,47.145118713378906,0.0,True
subsidy_ablation,base,4,44.97001647949219,2.1751022338867188,False
subsidy_ablation,base,5,45.35240936279297,1.7927093505859375,False
subsidy_ablation,base,6,46.191192626953125,0.9539260864257812,False
subsidy_ablation,base,7,46.705055236816406,0.4400634765625,False
subsidy_ablation,base,8,34.44512939453125,12.699989318847656,False
subsidy_ablation,base,9,36.325958251953125,10.819160461425781,False
subsidy_ablation,base,10,37.91282653808594,9.232292175292969,False
subsidy_ablation,base,11,38.46744918823242,8.677669525146484,False
subsidy_ablation,base,12,24.370479583740234,22.774639129638672,False
subsidy_ablation,base,13,26.35474395751953,20.790374755859375,False
subsidy_ablation,base,14,27.38858413696289,19.756534576416016,False
subsidy_ablation,base,15,27.75626564025879,19.388853073120117,False
