run,split,seed_index,transformer_draw_peak_kw,transformer_export_peak_kw,reverse_flow_share,losses_share,voltage_p99_pu,over_voltage_share,coincidence_factor,peak_to_average,max_ramp_kw,flex_synchrony,community_settlement_chf,curtailed_share,self_consumption_share,cost_per_kwh_spread_chf,tenant_cost_per_kwh_chf,pv_only_cost_per_kwh_chf,pv_battery_cost_per_kwh_chf,large_flex_cost_per_kwh_chf,owner_cost_per_kwh_chf,tenant_import_share,valid_share,projection_mae_kw,tenant_cost_per_load_kwh_chf,pv_only_cost_per_load_kwh_chf,pv_battery_cost_per_load_kwh_chf,large_flex_cost_per_load_kwh_chf
fair_leg,validation,0,9.313583374023438,54.869651794433594,0.4538690447807312,0.06210913881659508,1.0709128379821777,0.04432957246899605,0.7206472158432007,3.4720160961151123,9.06515121459961,0.7289032340049744,217.5500030517578,2.9625357456097845e-06,0.31834262872643504,236.48269679460822,0.22367967611165446,0.07873132873205436,-236.25901711849656,-0.39118941325476975,-1.0816300972531405,0.5744374990463257,1.0,1.4243322077334142e-08,0.22367967665195465,0.04855801537632942,-0.4838070273399353,-0.08118685334920883
fair_leg,validation,1,11.265754699707031,55.3288459777832,0.4538690447807312,0.05558989942073822,1.0742322206497192,0.03688909858465195,0.7226750254631042,3.404343605041504,12.54415512084961,0.6868581771850586,207.42254638671875,0.004495234694331884,0.3123367121697419,2.0388451741690448,0.22282654046133832,-0.5438445372186861,-1.8160186337077067,-0.8170186709157615,-0.956061518462611,0.5551574230194092,1.0,1.1517956366446924e-08,0.2228265404701233,-0.2954859137535095,-0.2459792196750641,-0.13643692433834076
fair_leg,validation,2,8.357048034667969,63.91143798828125,0.4583333432674408,0.07267779856920242,1.0860764980316162,0.06508458405733109,0.7175585031509399,3.4761831760406494,13.731956481933594,0.7810922861099243,313.8447265625,0.005979200359433889,0.3063645665152852,7.005576810716677,0.2234496116943148,-0.6170595528584818,-6.782127199022362,-2.4001559680607842,-2.2855667211418815,0.6870425343513489,1.0,1.3657087905016851e-08,0.22344961762428284,-0.3108172118663788,-0.3913382589817047,-0.1640029400587082
fair_leg,validation,3,10.8795166015625,65.89698791503906,0.4613095223903656,0.06990781426429749,1.0802587270736694,0.06688596308231354,0.7821764349937439,3.3975706100463867,7.249355316162109,0.7046463489532471,315.7178955078125,0.00040239832014776766,0.2770586491071071,9.700101014073825,0.2240567850015396,-0.5090934648043264,-9.476044229072285,-0.6905521966664736,-1.620538973046413,0.6057490110397339,1.0,1.3813694188513637e-08,0.22405678033828735,-0.25610455870628357,-0.5516723394393921,-0.11195119470357895
fair_leg,validation,4,8.304595947265625,65.35292053222656,0.4613095223903656,0.07082883268594742,1.0731757879257202,0.06649436056613922,0.735454261302948,3.5014700889587402,8.854389190673828,0.6798648834228516,314.7493896484375,0.0014927437296137214,0.28289329941077357,16.418160997608528,0.22395144623820026,-0.465620786887417,-16.194209551370328,-1.5246875343250839,-2.060781893301337,0.6634195446968079,1.0,1.3429511724893928e-08,0.22395144402980804,-0.25750866532325745,-0.46708256006240845,-0.16273042559623718
fair_leg,validation,5,7.798671722412109,64.9862289428711,0.4613095223903656,0.068800188601017,1.0711778402328491,0.06359649449586868,0.7886191606521606,3.658446788787842,7.977485656738281,0.7714499831199646,307.93035888671875,0.004457427188754082,0.2998382391310559,31.904330060138705,0.22242546683370676,-0.6843121650140901,-31.681904593305,-3.2110003699852507,-2.7710168103356034,0.7261978983879089,1.0,1.3738856274869704e-08,0.2224254608154297,-0.3485358655452728,-0.3869800865650177,-0.1678912490606308
fair_leg,validation,6,6.5174102783203125,74.84149932861328,0.46875,0.09761825948953629,1.1064611673355103,0.11763784289360046,0.8064528107643127,3.3988900184631348,12.939453125,0.729735255241394,444.4566955566406,0.0014676327118650079,0.25153547734935644,193909651.8247596,0.2227699240338291,-0.1929455494980417,-193909651.6019897,-6.71232475185165,-4.250899753042713,0.7505674958229065,1.0,1.5564673105927795e-08,0.22276993095874786,-0.11119063943624496,-0.5991700291633606,-0.252429723739624
fair_leg,validation,7,12.586116790771484,66.27559661865234,0.4583333432674408,0.06901329755783081,1.0778279304504395,0.06069862097501755,0.8366031646728516,3.8467018604278564,9.138107299804688,0.6557057499885559,261.5604248046875,0.00012226327089592814,0.29460342372191706,7.266917920761432,0.2223273162370774,-0.0724935644532132,-7.0445906045243545,-0.48700561629455463,-1.1434206027463174,0.5521478056907654,1.0,1.2857829467805004e-08,0.222327321767807,-0.040235571563243866,-0.5115283131599426,-0.09803661704063416
stress_export_default,validation,0,8.19540023803711,46.50592803955078,0.455357164144516,0.055347271263599396,1.0626672506332397,0.032346490770578384,0.6047566533088684,3.068830966949463,9.955883026123047,0.685672402381897,219.10580444335938,0.001882451819255948,0.3412942719614631,185.40218030541,0.12740932066258875,0.005553465382567584,-185.27477098474742,-0.6701140155747699,-1.3124366944700518,0.649205207824707,1.0,1.2401003779416442e-08,0.12740932404994965,0.0034251329489052296,-0.40255871415138245,-0.07918236404657364
stress_export_default,validation,1,8.75711441040039,48.802852630615234,0.455357164144516,0.04956815019249916,1.0658814907073975,0.03101503662765026,0.6449416875839233,3.2695629596710205,14.796733856201172,0.6690858602523804,205.15780639648438,0.006398619618266821,0.3393318798054109,2.968391731366901,0.13247904766045795,-0.45791690892068154,-2.835912683706443,-0.9187112249338873,-1.066415828485629,0.6142168641090393,1.0,1.0542285266978979e-08,0.13247904181480408,-0.24879904091358185,-0.2318386286497116,-0.11120566725730896
stress_export_default,validation,2,7.172584533691406,59.200286865234375,0.4598214328289032,0.06701565533876419,1.0748169422149658,0.05451127886772156,0.6802955269813538,3.372476577758789,16.50524139404297,0.750644326210022,313.8841552734375,0.00796025712043047,0.3219048200184291,12.784029431494021,-0.013290740313904347,-0.47298165937009307,-12.797320171807925,-3.9953824239659355,-2.495930099502902,0.7562507390975952,1.0,1.2827397810610819e-08,-0.013290740549564362,-0.2382441610097885,-0.3170018494129181,-0.11848995089530945
stress_export_default,validation,3,8.21542739868164,60.62173843383789,0.4613095223903656,0.06259904056787491,1.0675644874572754,0.049733709543943405,0.7028669118881226,3.2537684440612793,13.589859008789062,0.6762386560440063,313.881103515625,0.0037539443001151085,0.30336425135565204,12.735061476844695,-0.028657742037015998,-0.4300325602001808,-12.763719218881711,-1.1899191432532923,-1.8200293654745867,0.6954086422920227,1.0,1.3085174721538806e-08,-0.028657741844654083,-0.21633218228816986,-0.3835300803184509,-0.09904612600803375
stress_export_default,validation,4,6.771087646484375,64.09740447998047,0.4627976417541504,0.06398424506187439,1.0648962259292603,0.05576441064476967,0.6963062286376953,3.5237724781036377,17.021656036376953,0.7047408223152161,311.2255859375,0.005730063654482365,0.30527759720031833,52.50656987365975,-0.014757942934943657,-0.3787630563066977,-52.52132781659469,-2.3964247849474196,-2.2663598521260444,0.7396800518035889,1.0,1.2817869432524276e-08,-0.014757943339645863,-0.20947255194187164,-0.3618395924568176,-0.11871198564767838
stress_export_default,validation,5,5.80596923828125,63.67349624633789,0.4657738208770752,0.06085013225674629,1.062901258468628,0.04926378279924393,0.7702911496162415,3.7375521659851074,15.002727508544922,0.7302018404006958,303.6675109863281,0.007932983338832855,0.31700391110058,56.00858664463073,0.005110372003754979,-0.46947897449261927,-56.003476272626976,-23.386771322710953,-3.060451543764673,0.7894836664199829,1.0,1.1569465385719013e-08,0.005110371857881546,-0.23911640048027039,-0.31498461961746216,-0.13082364201545715
stress_export_default,validation,6,6.043434143066406,76.03311157226562,0.46875,0.09502409398555756,1.0962638854980469,0.11333020031452179,0.8125687837600708,3.5265674591064453,15.361785888671875,0.7440884709358215,438.0462951660156,0.011460934765636921,0.2575497576004844,2191.982820777091,-0.20849192129728542,-0.4081668958309398,-2192.191312698388,-9.920914889069252,-3.4144028851885717,0.7797824740409851,1.0,1.502140278830666e-08,-0.20849192142486572,-0.2352183610200882,-0.39309442043304443,-0.15116506814956665
stress_export_default,validation,7,8.125782012939453,60.68134307861328,0.4598214328289032,0.06109593063592911,1.0662070512771606,0.04268483817577362,0.7944644093513489,3.745879888534546,10.730743408203125,0.6493945717811584,258.4021911621094,0.007526357192546129,0.33149928912364446,7.392546047125343,0.06235366410278222,-0.16114555332657493,-7.330192383022561,-0.9248698322000483,-1.4514923890741513,0.65665203332901,1.0,1.19579208757159e-08,0.06235366314649582,-0.08943943679332733,-0.3896559178829193,-0.08642175793647766
fair_leg/default_base,test,0,8.78000259399414,54.09431457519531,0.4300595223903656,0.048713333904743195,1.0629675388336182,0.02749060094356537,0.7035273313522339,3.7174506187438965,9.868621826171875,0.5501906871795654,183.4376220703125,0.009115585125982761,0.3380349958965433,1.618459972882912,0.22223410237856422,-0.7897835284903302,-1.396225870504348,-1.079052128615246,-1.0797666674089572,0.613189160823822,1.0,8.602087930853486e-09,0.2222341001033783,-0.40418919920921326,-0.2139417678117752,-0.12702880799770355
fair_leg/default_base,test,1,7.7362060546875,73.61650085449219,0.4360119104385376,0.08711039274930954,1.07951021194458,0.11356516182422638,0.8141586184501648,3.4682059288024902,14.829158782958984,0.5715749859809875,381.32305908203125,0.02130908891558647,0.25188892252179373,24.65491200213656,0.22299423616282127,-0.8123872177740122,-24.431917765973736,-0.7100511794090607,-1.9945069088247502,0.6068854331970215,1.0,1.0244548320770264e-08,0.22299423813819885,-0.4192354679107666,-0.5931451916694641,-0.11304681748151779
fair_leg/default_base,test,2,11.174678802490234,61.36465072631836,0.4166666865348816,0.059311240911483765,1.0649579763412476,0.058114033192396164,0.7590539455413818,3.3743021488189697,14.58597183227539,0.5020971298217773,246.087890625,0.019077513366937637,0.281809828010697,7.171306872094609,0.22388377626620448,-0.640446444782306,-6.9474230958284044,-0.13979708823514284,-0.9315569222623923,0.5195087194442749,1.0,8.692343733684993e-09,0.22388377785682678,-0.31241440773010254,-0.4770212769508362,-0.04092243313789368
fair_leg/default_base,test,3,6.728172302246094,59.73243713378906,0.4107142984867096,0.0836060419678688,1.091302752494812,0.07009711861610413,0.73277348279953,3.6596083641052246,17.357349395751953,0.6670850515365601,275.3130798339844,0.011499178595840931,0.3264223558246032,8.311761780239346,0.22383883147243713,-0.3120135020734586,-8.08792294876691,-3.322292810623153,-2.352879981140947,0.7118140459060669,1.0,1.0032275454818773e-08,0.22383883595466614,-0.1605866402387619,-0.360834538936615,-0.18214580416679382
fair_leg/default_base,test,4,6.351470947265625,77.2957763671875,0.4285714328289032,0.09743838757276535,1.11684250831604,0.11215538531541824,0.827631950378418,3.6797051429748535,14.976978302001953,0.6581121683120728,398.74749755859375,0.01947089098393917,0.26821759252698796,17.573906180462057,0.22286477361364737,-0.5698116161600725,-17.35104140684841,-5.033441764445913,-3.4352992542691005,0.7332164645195007,1.0,1.0905159442131662e-08,0.2228647768497467,-0.3093852996826172,-0.4999583661556244,-0.2344285100698471
fair_leg/default_base,test,5,7.942676544189453,59.57603454589844,0.4255952537059784,0.06804697960615158,1.0659148693084717,0.06625939905643463,0.7282696962356567,3.463500499725342,12.654304504394531,0.5621538758277893,270.46728515625,0.01382894441485405,0.3088409480010912,10.106790805314448,0.22280176264102816,-0.4704884927701707,-9.88398904267342,-0.923326835787449,-1.8009948592465592,0.6613025665283203,1.0,9.466598172025442e-09,0.22280175983905792,-0.2426520437002182,-0.45521280169487,-0.09206459671258926
fair_leg/default_base,test,6,7.48443603515625,70.67536926269531,0.4077380895614624,0.08920017629861832,1.0808714628219604,0.09876252710819244,0.8257333636283875,3.8233916759490967,15.559196472167969,0.6028907895088196,332.32354736328125,0.0156586654484272,0.28369327622891616,12.718969375019816,0.2226564549734382,-0.20152029328864354,-12.496312920046378,-2.6686531320697595,-2.4003854171822674,0.6900737285614014,1.0,1.0150538187758684e-08,0.2226564586162567,-0.11202684789896011,-0.49059224128723145,-0.2017337530851364
fair_leg/default_base,test,7,6.50787353515625,77.86703491210938,0.4464285671710968,0.08586978167295456,1.0824590921401978,0.09978070110082626,0.8505027890205383,3.9759037494659424,15.739917755126953,0.6505783796310425,374.2892150878906,0.013622685335576534,0.26963450367193,19.530118622530576,0.22382493598084752,-0.7751854659217505,-19.30629368654973,-4.784288197412611,-3.2965305512215335,0.7269835472106934,1.0,1.1890763040867114e-08,0.22382493317127228,-0.41404974460601807,-0.45338305830955505,-0.18619929254055023
fair_leg/default_base,test,8,7.054805755615234,62.000274658203125,0.3988095223903656,0.07167869061231613,1.089156985282898,0.052474938333034515,0.7581693530082703,4.199542045593262,19.60134506225586,0.6863427758216858,218.05136108398438,0.008693297393620014,0.3509941254272534,5.530088279684374,0.2236426184221192,-0.2292748807281051,-5.306445661262256,-3.198460821288763,-1.8164511786943758,0.6991581916809082,1.0,9.140451062705779e-09,0.22364261746406555,-0.13104276359081268,-0.23772121965885162,-0.2115432620048523
fair_leg/default_base,test,9,11.518478393554688,51.19132995605469,0.4211309552192688,0.041744764894247055,1.0531963109970093,0.018248746171593666,0.7051453590393066,3.428558588027954,9.027957916259766,0.5004199743270874,168.13168334960938,0.014655792154371738,0.3357708078477274,7.2205571848643695,0.22408349282897486,-0.6705856552787729,-6.996473692035394,-0.015772450411891268,-0.8403646068995507,0.5578209757804871,1.0,8.58424442640171e-09,0.22408349812030792,-0.3447401821613312,-0.37374141812324524,-0.0035443007946014404
fair_leg/default_base,test,10,8.037090301513672,63.986778259277344,0.4211309552192688,0.06992393732070923,1.0851101875305176,0.052944861352443695,0.6867949366569519,3.8257315158843994,20.250320434570312,0.573524534702301,249.12843322753906,0.01567707769572735,0.3151170014296921,2.5897106309993907,0.22257492646109578,-0.4293018257225046,-2.367135704538295,-2.026194441541666,-1.4908233277795677,0.628925085067749,1.0,8.501090498214126e-09,0.22257491946220398,-0.22529083490371704,-0.303589403629303,-0.16692720353603363
fair_leg/default_base,test,11,8.65316390991211,73.23599243164062,0.4211309552192688,0.09265678375959396,1.1018027067184448,0.10737781971693039,0.8291860818862915,3.663348436355591,13.249397277832031,0.6327640414237976,350.4326171875,0.02368232235312462,0.26752279353438857,13.60902354943442,0.2236801430087122,-0.41058060156655773,-13.385343406425708,-1.2966157718361007,-1.9375868104788108,0.6369702816009521,1.0,1.0192115595941686e-08,0.22368013858795166,-0.21819187700748444,-0.49345654249191284,-0.17357207834720612
fair_leg/default_base,test,12,9.810447692871094,55.982112884521484,0.424107164144516,0.05697237327694893,1.0675712823867798,0.042528193444013596,0.6465749740600586,3.383720874786377,15.820980072021484,0.5095371603965759,221.19778442382812,0.011352903209626675,0.31974035101083476,2.1857721267774632,0.22375987411018872,-0.5741636956399548,-1.9620122526672745,-0.7276474113217856,-1.0216488447173078,0.5616796016693115,1.0,9.690189983757591e-09,0.22375987470149994,-0.309131383895874,-0.3187599182128906,-0.10762781649827957
fair_leg/default_base,test,13,7.192134857177734,62.93773651123047,0.4077380895614624,0.08399384468793869,1.102487564086914,0.07299498468637466,0.7577626705169678,3.6119484901428223,13.637542724609375,0.6260875463485718,292.89129638671875,0.01306888647377491,0.3011342936227902,6.011323797043986,0.22270617874281848,-0.20476048959971616,-4.561700216423469,-5.788617618301168,-2.2069818282713007,0.6936872005462646,1.0,1.0395379668182159e-08,0.22270618379116058,-0.11991927772760391,-0.3582089841365814,-0.22538398206233978
fair_leg/default_base,test,14,7.324695587158203,69.32640075683594,0.418154776096344,0.07769341766834259,1.0860861539840698,0.08654448390007019,0.7935548424720764,3.624255418777466,16.826629638671875,0.5531728267669678,333.61572265625,0.01618712954223156,0.28792922462029225,19.32048303102862,0.2225620198370211,-0.39444365513129614,-19.0979210111916,-0.9506864501173942,-2.100588716849511,0.6596716046333313,1.0,9.716059956588197e-09,0.2225620150566101,-0.21176420152187347,-0.603451669216156,-0.1076962873339653
fair_leg/default_base,test,15,6.046772003173828,66.39527893066406,0.4107142984867096,0.07512594759464264,1.0849250555038452,0.0669642835855484,0.8183109164237976,3.9271860122680664,17.177581787109375,0.6124904751777649,274.4659729003906,0.010023744776844978,0.31772681003551206,5.902109999879122,0.22260908278295805,-0.3588134103481096,-5.679500917096164,-2.984773450499662,-2.1860328567910012,0.7009443640708923,1.0,1.147383876798358e-08,0.22260908782482147,-0.1874391734600067,-0.37508851289749146,-0.15273736417293549
fair_leg/default_base,test,16,10.12420654296875,67.03472137451172,0.4375,0.07831417769193649,1.0737073421478271,0.08576127886772156,0.8139178156852722,3.6552865505218506,16.124725341796875,0.5702672600746155,315.39697265625,0.01657184772193432,0.2983581029392811,17.654501286991124,0.22290708906598986,-0.6175910713904709,-17.431594197925133,-0.8340702619508132,-1.815474233001761,0.6268326640129089,1.0,7.838401039350629e-09,0.22290709614753723,-0.3221631646156311,-0.47649085521698,-0.10804609209299088
fair_leg/default_base,test,17,5.584716796875,70.6634521484375,0.4255952537059784,0.08958373963832855,1.084914207458496,0.10087719559669495,0.7808170318603516,3.711125373840332,17.08364486694336,0.6521603465080261,369.1701354980469,0.013942643068730831,0.29470575407877775,21.650675713749834,0.2230527722863139,-0.5555460616970834,-21.42762294146352,-3.654737830550871,-3.445136740385363,0.735385537147522,1.0,9.856496951954341e-09,0.2230527698993683,-0.2830848693847656,-0.5263926982879639,-0.1606130599975586
fair_leg/default_base,test,18,7.4062347412109375,69.427490234375,0.40625,0.09150993824005127,1.118939995765686,0.09531641751527786,0.8234707713127136,3.4664101600646973,17.391681671142578,0.6050832867622375,362.2930908203125,0.020141152665019035,0.2679888025571757,13.909847363078741,0.22307169964304005,-0.22093403296620878,-13.686775663435702,-1.8095824199088966,-2.08770051602861,0.6404632925987244,1.0,9.445578541544819e-09,0.22307169437408447,-0.1439639776945114,-0.5260180830955505,-0.19826284050941467
fair_leg/default_base,test,19,6.443977355957031,59.69429016113281,0.4404762089252472,0.06903987377882004,1.0756479501724243,0.057174183428287506,0.7104480266571045,3.735691547393799,13.834953308105469,0.6317263841629028,268.8270263671875,0.011928155086934566,0.3329692306222767,9.729905569667405,0.22278980599091205,-0.765716137166505,-9.507115763676493,-2.862590640387515,-2.3075778865748267,0.7048697471618652,1.0,8.540357754327488e-09,0.22278980910778046,-0.3850586712360382,-0.27517572045326233,-0.17157365381717682
tariff/fixed_base,test,0,8.78000259399414,54.09431457519531,0.4300595223903656,0.048713333904743195,1.0629675388336182,0.02749060094356537,0.7035273313522339,3.7174506187438965,9.868621826171875,0.5501906871795654,183.43765258789062,0.009115585125982761,0.3380349958965433,1.323302847976651,0.08560472930828378,-0.5959682549139204,-1.2376981186683673,-0.7921621179377619,-0.8631756135273746,0.613189160823822,1.0,8.602087930853486e-09,0.085604727268219,-0.3049999475479126,-0.1896507740020752,-0.09325537085533142
tariff/fixed_base,test,1,7.7362060546875,73.61650085449219,0.4360119104385376,0.08711039274930954,1.07951021194458,0.11356516182422638,0.8141586184501648,3.4682059288024902,14.829158782958984,0.5715749859809875,381.32305908203125,0.02130908891558647,0.25188892252179373,14.458246556862731,-0.20860171041573133,-0.6124866579622331,-14.666848267278462,-0.5722420743912402,-1.3282140467131986,0.6068854331970215,1.0,1.0244548320770264e-08,-0.208601713180542,-0.31607604026794434,-0.3560740053653717,-0.09110631793737411
tariff/fixed_base,test,2,11.174678802490234,61.36465072631836,0.4166666865348816,0.059311240911483765,1.0649579763412476,0.058114033192396164,0.7590539455413818,3.3743021488189697,14.58597183227539,0.5020971298217773,246.0879669189453,0.019077513366937637,0.281809828010697,4.5139684458595575,-0.03683989193003123,-0.486131699482051,-4.550808337789589,-0.12725608085863757,-0.6496619230379198,0.5195087194442749,1.0,8.692343733684993e-09,-0.036839891225099564,-0.2371385544538498,-0.3124658465385437,-0.03725133463740349
tariff/fixed_base,test,3,6.728172302246094,59.73243713378906,0.4107142984867096,0.0836060419678688,1.091302752494812,0.07009711861610413,0.73277348279953,3.6596083641052246,17.357349395751953,0.6670850515365601,275.3131103515625,0.011499178595840931,0.3264223558246032,6.4156669453746344,-0.04483455398268405,-0.36361468931972485,-6.460501499357319,-1.8354662257839705,-1.6892613833450736,0.7118140459060669,1.0,1.0032275454818773e-08,-0.04483455419540405,-0.1871446669101715,-0.2882287800312042,-0.10063004493713379
tariff/fixed_base,test,4,6.351470947265625,77.2957763671875,0.4285714328289032,0.09743838757276535,1.11684250831604,0.11215538531541824,0.827631950378418,3.6797051429748535,14.976978302001953,0.6581121683120728,398.7475280761719,0.01947089098393917,0.26821759252698796,12.533032587195816,-0.17776839568681294,-0.5213920295252078,-12.71080098288263,-2.7428519934814064,-2.3342166768618617,0.7332164645195007,1.0,1.0905159442131662e-08,-0.17776839435100555,-0.2830953598022461,-0.3662530183792114,-0.12774613499641418
tariff/fixed_base,test,5,7.942676544189453,59.57603454589844,0.4255952537059784,0.06804697960615158,1.0659148693084717,0.06625939905643463,0.7282696962356567,3.463500499725342,12.654304504394531,0.5621538758277893,270.4671630859375,0.01382894441485405,0.3088409480010912,6.343955841750331,-0.03915051680071007,-0.37263418502087825,-6.383106358551041,-0.8231655969712576,-1.2895364382534693,0.6613025665283203,1.0,9.466598172025442e-09,-0.03915051743388176,-0.192184180021286,-0.29397764801979065,-0.08207755535840988
tariff/fixed_base,test,6,7.48443603515625,70.67536926269531,0.4077380895614624,0.08920017629861832,1.0808714628219604,0.09876252710819244,0.8257333636283875,3.8233916759490967,15.559196472167969,0.6028907895088196,332.32366943359375,0.0156586654484272,0.28369327622891616,8.359824318247169,-0.11971510233687983,-0.34735120605830233,-8.479539420584048,-1.4989676186981926,-1.6380702485605012,0.6900737285614014,1.0,1.0150538187758684e-08,-0.11971510201692581,-0.19309549033641815,-0.3328979015350342,-0.113312728703022
tariff/fixed_base,test,7,6.50787353515625,77.86703491210938,0.4464285671710968,0.08586978167295456,1.0824590921401978,0.09978070110082626,0.8505027890205383,3.9759037494659424,15.739917755126953,0.6505783796310425,374.289306640625,0.013622685335576534,0.26963450367193,13.562307057814062,-0.1654020327528004,-0.5214353954046673,-13.727709090566862,-3.11808317073046,-2.260104729933552,0.7269835472106934,1.0,1.1890763040867114e-08,-0.16540203988552094,-0.27851423621177673,-0.3223772943019867,-0.1213524118065834
tariff/fixed_base,test,8,7.054805755615234,62.000274658203125,0.3988095223903656,0.07167869061231613,1.089156985282898,0.052474938333034515,0.7581693530082703,4.199542045593262,19.60134506225586,0.6863427758216858,218.0513458251953,0.008693297393620014,0.3509941254272534,4.859089919033576,0.043443074591914044,-0.24674361204163908,-4.8156468444416625,-1.981561219097969,-1.3976661856805017,0.6991581916809082,1.0,9.140451062705779e-09,0.04344307631254196,-0.1410270631313324,-0.21573413908481598,-0.13105863332748413
tariff/fixed_base,test,9,11.518478393554688,51.19132995605469,0.4211309552192688,0.041744764894247055,1.0531963109970093,0.018248746171593666,0.7051453590393066,3.428558588027954,9.027957916259766,0.5004199743270874,168.1316680908203,0.014655792154371738,0.3357708078477274,5.821238692336862,0.11505962621491307,-0.5126583303113506,-5.7061790661219485,-0.05890704474919378,-0.7028282396393671,0.5578209757804871,1.0,8.58424442640171e-09,0.11505962908267975,-0.26355159282684326,-0.30481576919555664,-0.01323727611452341
tariff/fixed_base,test,10,8.037090301513672,63.986778259277344,0.4211309552192688,0.06992393732070923,1.0851101875305176,0.052944861352443695,0.6867949366569519,3.8257315158843994,20.250320434570312,0.573524534702301,249.1284942626953,0.01567707769572735,0.3151170014296921,1.861607292395466,-0.014343137199272804,-0.38795691017306144,-1.875950429594739,-1.230583488330199,-1.0892768036938043,0.628925085067749,1.0,8.501090498214126e-09,-0.014343136921525002,-0.2035936713218689,-0.24059399962425232,-0.10138111561536789
tariff/fixed_base,test,11,8.65316390991211,73.23599243164062,0.4211309552192688,0.09265678375959396,1.1018027067184448,0.10737781971693039,0.8291860818862915,3.663348436355591,13.249397277832031,0.6327640414237976,350.4325866699219,0.02368232235312462,0.26752279353438857,9.117878508666886,-0.13628546028245142,-0.4301846445930378,-9.254163968949337,-0.7092306290557173,-1.3059923677757619,0.6369702816009521,1.0,1.0192115595941686e-08,-0.1362854540348053,-0.22860991954803467,-0.34115880727767944,-0.09494148939847946
tariff/fixed_base,test,12,9.810447692871094,55.982112884521484,0.424107164144516,0.05697237327694893,1.0675712823867798,0.042528193444013596,0.6465749740600586,3.383720874786377,15.820980072021484,0.5095371603965759,221.19784545898438,0.011352903209626675,0.31974035101083476,1.5334846345834405,0.003982487738810766,-0.41175857402313654,-1.5295021468446297,-0.4565884579788503,-0.7400182263369149,0.5616796016693115,1.0,9.690189983757591e-09,0.003982487600296736,-0.22169199585914612,-0.2484918087720871,-0.0675349310040474
tariff/fixed_base,test,13,7.192134857177734,62.93773651123047,0.4077380895614624,0.08399384468793869,1.102487564086914,0.07299498468637466,0.7577626705169678,3.6119484901428223,13.637542724609375,0.6260875463485718,292.89129638671875,0.01306888647377491,0.3011342936227902,3.809227312443561,-0.06359758287649878,-0.27727775291488094,-3.87282489532006,-2.9166444359274006,-1.558607821093866,0.6936872005462646,1.0,1.0395379668182159e-08,-0.06359758228063583,-0.16238947212696075,-0.30411481857299805,-0.11356163769960403
tariff/fixed_base,test,14,7.324695587158203,69.32640075683594,0.418154776096344,0.07769341766834259,1.0860861539840698,0.08654448390007019,0.7935548424720764,3.624255418777466,16.826629638671875,0.5531728267669678,333.61572265625,0.01618712954223156,0.28792922462029225,11.021655695867059,-0.12143973980215915,-0.42478919258129577,-11.143095435669219,-0.8089357497501054,-1.4337970484682696,0.6596716046333313,1.0,9.716059956588197e-09,-0.12143974006175995,-0.22805576026439667,-0.35209694504737854,-0.09163838624954224
tariff/fixed_base,test,15,6.046772003173828,66.39527893066406,0.4107142984867096,0.07512594759464264,1.0849250555038452,0.0669642835855484,0.8183109164237976,3.9271860122680664,17.177581787109375,0.6124904751777649,274.46600341796875,0.010023744776844978,0.31772681003551206,4.214342289872668,-0.03231862850248922,-0.3539583086070943,-4.246660918375158,-1.8825782334496064,-1.5885180913312869,0.7009443640708923,1.0,1.147383876798358e-08,-0.03231862932443619,-0.18490293622016907,-0.2804601490497589,-0.09633562713861465
tariff/fixed_base,test,16,10.12420654296875,67.03472137451172,0.4375,0.07831417769193649,1.0737073421478271,0.08576127886772156,0.8139178156852722,3.6552865505218506,16.124725341796875,0.5702672600746155,315.39697265625,0.01657184772193432,0.2983581029392811,11.098863139687952,-0.11966480794495621,-0.4292279738608172,-11.218527947632907,-0.6551978437483775,-1.2400343370810707,0.6268326640129089,1.0,7.838401039350629e-09,-0.11966481059789658,-0.223904550075531,-0.3066573441028595,-0.08487482368946075
tariff/fixed_base,test,17,5.584716796875,70.6634521484375,0.4255952537059784,0.08958373963832855,1.084914207458496,0.10087719559669495,0.7808170318603516,3.711125373840332,17.08364486694336,0.6521603465080261,369.1701354980469,0.013942643068730831,0.29470575407877775,14.003454244033382,-0.15983625810511495,-0.5526904865832285,-14.163290502138496,-2.3813109456462933,-2.3810555880839672,0.735385537147522,1.0,9.856496951954341e-09,-0.15983626246452332,-0.2816297709941864,-0.3479365110397339,-0.1046503558754921
tariff/fixed_base,test,18,7.4062347412109375,69.427490234375,0.40625,0.09150993824005127,1.118939995765686,0.09531641751527786,0.8234707713127136,3.4664101600646973,17.391681671142578,0.6050832867622375,362.2930603027344,0.020141152665019035,0.2679888025571757,8.928703213388582,-0.16302630892179293,-0.3395577918294111,-9.091729522310375,-1.0053048618082732,-1.3999216032910102,0.6404632925987244,1.0,9.445578541544819e-09,-0.16302630305290222,-0.22126102447509766,-0.34941864013671875,-0.11014397442340851
tariff/fixed_base,test,19,6.443977355957031,59.69429016113281,0.4404762089252472,0.06903987377882004,1.0756479501724243,0.057174183428287506,0.7104480266571045,3.735691547393799,13.834953308105469,0.6317263841629028,268.8270263671875,0.011928155086934566,0.3329692306222767,8.667639819261623,-0.027830396990670025,-0.5357299722576407,-8.695470216252293,-1.6880618712743507,-1.7090122917195538,0.7048697471618652,1.0,8.540357754327488e-09,-0.027830397710204124,-0.26940464973449707,-0.2516833245754242,-0.10117651522159576
tariff/tuned_base,test,0,9.798049926757812,56.92768096923828,0.4523809552192688,0.04394521936774254,1.060685634613037,0.023261278867721558,0.7451584935188293,3.7807884216308594,42.241573333740234,0.6749498248100281,183.72256469726562,0.006872545462101698,0.3272090113186784,1.1954702427307697,0.11953494570255342,-0.6415767048189422,-1.0759352970282163,-0.7444640908014832,-0.8223489902838254,0.5867639780044556,1.0,9.455799698798728e-09,0.1195349469780922,-0.3283410966396332,-0.1969861388206482,-0.10143621265888214
tariff/tuned_base,test,1,7.7362060546875,73.85444641113281,0.4642857313156128,0.07957793027162552,1.0767053365707397,0.10455826669931412,0.8026121854782104,3.3907015323638916,45.94850540161133,0.7262516021728516,389.8033447265625,0.00866888090968132,0.24614755333764038,18.42922597697439,-0.175820175192453,-0.6220990052493371,-18.605046152166842,-0.5356856237999901,-1.3411295086093422,0.5939340591430664,1.0,1.132370019973905e-08,-0.17582017183303833,-0.32103651762008667,-0.389358788728714,-0.09424661099910736
tariff/tuned_base,test,2,12.018203735351562,61.49768829345703,0.4538690447807312,0.053517814725637436,1.0620108842849731,0.048010651022195816,0.7701666951179504,3.3225133419036865,41.042327880859375,0.6571458578109741,252.77774047851562,0.011870878748595715,0.26998047306075823,4.889006143393714,0.002027935276623343,-0.5008994370135234,-4.886978208117091,-0.12334638622959485,-0.6758210840354139,0.5070328116416931,1.0,1.022006390627439e-08,0.0020279353484511375,-0.2443423569202423,-0.35000336170196533,-0.038656339049339294
tariff/tuned_base,test,3,6.727695465087891,61.783790588378906,0.4568452537059784,0.07482491433620453,1.0853686332702637,0.061090223491191864,0.7602420449256897,3.7064602375030518,49.869537353515625,0.788647472858429,281.4983825683594,0.002129861619323492,0.32142708822432764,6.376858654453928,0.005366053693088646,-0.35837071043040997,-6.371492600760839,-2.0575496003706855,-1.7989141920923668,0.7056214809417725,1.0,1.0994780197393084e-08,0.005366053897887468,-0.18444569408893585,-0.3067415654659271,-0.1197982057929039
tariff/tuned_base,test,4,6.350517272949219,75.38223266601562,0.4642857313156128,0.08906065672636032,1.1089465618133545,0.10079887509346008,0.8065289855003357,3.5294125080108643,53.59983444213867,0.8029884099960327,408.32110595703125,0.007422800175845623,0.26479987882812683,14.879229632627073,-0.14828410054460758,-0.514036156628687,-15.02751373317168,-3.098193546254711,-2.508779131120369,0.7352303266525269,1.0,1.2944274985215998e-08,-0.14828410744667053,-0.2791014015674591,-0.3819820284843445,-0.14517760276794434
tariff/tuned_base,test,5,8.057117462158203,58.23373794555664,0.4583333432674408,0.06071031466126442,1.061980962753296,0.056704260408878326,0.7184736132621765,3.3048207759857178,45.009613037109375,0.7145130634307861,275.0688781738281,0.0056925672106444836,0.30157106103060416,6.907446606227381,0.008993379330860758,-0.3959610292426034,-6.89845322689652,-0.6844629516754639,-1.2899623061975927,0.6416230797767639,1.0,1.1212827999429464e-08,0.008993379771709442,-0.2042148858308792,-0.3345426619052887,-0.08200102299451828
tariff/tuned_base,test,6,7.6751708984375,69.91529846191406,0.4642857313156128,0.07998938858509064,1.0780237913131714,0.08920739591121674,0.8155079483985901,3.700680732727051,52.85501480102539,0.7686052322387695,339.249267578125,0.005450319964438677,0.2791594993937667,9.103560968385619,-0.07733816220314543,-0.3297363358682512,-9.180899130588765,-1.515327695743876,-1.708424850242758,0.6821912527084351,1.0,1.2002096205776525e-08,-0.07733815908432007,-0.18330323696136475,-0.362211138010025,-0.1268957555294037
tariff/tuned_base,test,7,6.509304046630859,77.0010986328125,0.4657738208770752,0.07791171222925186,1.0788578987121582,0.08803258091211319,0.835392415523529,3.857527494430542,53.313255310058594,0.7845604419708252,379.0254211425781,0.007691840175539255,0.26611468624819845,16.746698666465587,-0.12795957308767797,-0.5323621073397057,-16.874658239553266,-2.7829285230765954,-2.3259332438824862,0.7212231755256653,1.0,1.3241550078646469e-08,-0.12795957922935486,-0.28435051441192627,-0.34618011116981506,-0.12787190079689026
tariff/tuned_base,test,8,7.054805755615234,62.17145919799805,0.4508928656578064,0.06319127231836319,1.0799434185028076,0.04558270797133446,0.7568419575691223,4.129782676696777,48.31647872924805,0.7724248170852661,221.6473388671875,0.0021593563724309206,0.34688607796892645,4.2940970816878306,0.09160939555471843,-0.23842061989236596,-4.202487686133112,-2.253040482540639,-1.4698940660025361,0.6905238032341003,1.0,1.0166938402278447e-08,0.0916093960404396,-0.13627003133296967,-0.222579687833786,-0.15713712573051453
tariff/tuned_base,test,9,11.517524719238281,52.486419677734375,0.449404776096344,0.03788614273071289,1.05125892162323,0.01300125289708376,0.7229579091072083,3.3800477981567383,36.66496276855469,0.6408790349960327,169.461181640625,0.00916631892323494,0.32421354334580466,5.373611362051872,0.13789826468902502,-0.54800116595401,-5.235713097362847,-0.025285887103004036,-0.6722903871772941,0.5353696942329407,1.0,8.663701756006503e-09,0.1378982663154602,-0.28172093629837036,-0.32916703820228577,-0.006423256825655699
tariff/tuned_base,test,10,8.663177490234375,63.747406005859375,0.4568452537059784,0.06349262595176697,1.080167531967163,0.04989035055041313,0.6946491599082947,3.73457407951355,45.76539993286133,0.6875041127204895,258.6114501953125,0.006728635635226965,0.30035637956046723,1.8373257198915458,0.029118542830274752,-0.38948088896830657,-1.808207177061271,-1.3377184461799783,-1.1315792001284748,0.6140743494033813,1.0,9.656927701939821e-09,0.02911854349076748,-0.2043934315443039,-0.2595716118812561,-0.12097599357366562
tariff/tuned_base,test,11,8.687019348144531,72.67713928222656,0.4642857313156128,0.08414582908153534,1.0946406126022339,0.09484648704528809,0.7995977997779846,3.524975299835205,52.88172149658203,0.7582396268844604,362.2557067871094,0.008155533112585545,0.2620973495233543,9.156802159298888,-0.10306890116501333,-0.4246867912913952,-9.259871060463901,-0.8353519909466566,-1.4162406402679641,0.6369435787200928,1.0,1.2403543969696784e-08,-0.10306890308856964,-0.22568823397159576,-0.3650417923927307,-0.11056511104106903
tariff/tuned_base,test,12,9.810924530029297,56.792259216308594,0.4538690447807312,0.05059053748846054,1.0647248029708862,0.036340851336717606,0.6604775190353394,3.349142551422119,43.787479400634766,0.641499400138855,223.6310577392578,0.00673475069925189,0.31307346237362854,1.555490435363577,0.05623238200164357,-0.4477778942728397,-1.4992580533619335,-0.5016087753696596,-0.7756355919733467,0.5494393110275269,1.0,1.0566076014129067e-08,0.056232381612062454,-0.24108488857746124,-0.2684319019317627,-0.07829172909259796
tariff/tuned_base,test,13,7.192134857177734,62.314510345458984,0.4598214328289032,0.0762932226061821,1.0970491170883179,0.06672932207584381,0.7360854148864746,3.501565456390381,51.22995376586914,0.7481346726417542,297.66204833984375,0.004745515063405037,0.2952173583728852,3.0868126247227585,-0.02024995657199394,-0.26461074006901214,-3.1070625812947523,-3.0815901127548067,-1.5498759362319658,0.6757078170776367,1.0,1.1842256064653611e-08,-0.020249957218766212,-0.1549709588289261,-0.3146516680717468,-0.1350829303264618
tariff/tuned_base,test,14,8.624553680419922,68.07899475097656,0.4627976417541504,0.0707172155380249,1.0789015293121338,0.07636278122663498,0.7704225182533264,3.4047417640686035,47.476768493652344,0.7357879877090454,339.97412109375,0.007409967482089996,0.27775902732450974,14.111845620860173,-0.08390580227194956,-0.42149224825334064,-14.195751423132123,-0.6112947618560302,-1.3513153009797494,0.6299939751625061,1.0,1.2249016911880517e-08,-0.08390580117702484,-0.22628572583198547,-0.3974859416484833,-0.09055662900209427
tariff/tuned_base,test,15,8.313655853271484,63.29345703125,0.4598214328289032,0.06679168343544006,1.0782594680786133,0.05552944913506508,0.7879305481910706,3.7040646076202393,45.418739318847656,0.7567948698997498,279.10626220703125,0.002465844387188554,0.31398603076796494,4.297973584463261,0.016502492439330295,-0.34612620442869646,-4.2814710920239305,-2.0344724447289844,-1.678960488132225,0.6944963335990906,1.0,1.2868974330615401e-08,0.016502492129802704,-0.1808115541934967,-0.3041177988052368,-0.1100299134850502
tariff/tuned_base,test,16,10.12420654296875,67.15583801269531,0.4598214328289032,0.07105627655982971,1.071911334991455,0.07620614022016525,0.8048312664031982,3.4857094287872314,44.0821647644043,0.7207469940185547,320.989501953125,0.006823115516453981,0.2870491626617845,14.176351324335629,-0.08078285163205512,-0.4521408081031096,-14.257134175967684,-0.48276810513673507,-1.1447227946172929,0.5909661054611206,1.0,9.002554257619977e-09,-0.08078285306692123,-0.23585690557956696,-0.34094932675361633,-0.08460083603858948
tariff/tuned_base,test,17,5.589485168457031,69.90670776367188,0.4627976417541504,0.08083733916282654,1.0804141759872437,0.09171365946531296,0.7603912353515625,3.5742762088775635,51.5141487121582,0.796210527420044,375.6174621582031,0.0057094283401966095,0.28912587120947053,17.20984211308416,-0.12565500833832244,-0.5482180233691564,-17.335497121422485,-1.9076200876814355,-2.3197756734018924,0.718532919883728,1.0,1.1801372323816395e-08,-0.12565501034259796,-0.27935075759887695,-0.37183019518852234,-0.11287542432546616
tariff/tuned_base,test,18,7.6961517333984375,69.20098876953125,0.4627976417541504,0.08400433510541916,1.1094439029693604,0.08646616339683533,0.7983818650245667,3.339397668838501,51.696773529052734,0.7693302035331726,372.1630859375,0.008077365346252918,0.2633107296893533,10.683908395986737,-0.12676138027182157,-0.3259622596334139,-10.810669776258559,-1.1090228717403146,-1.5140077844333595,0.6409862637519836,1.0,1.191432286162808e-08,-0.12676137685775757,-0.21240197122097015,-0.37856030464172363,-0.12316238135099411
tariff/tuned_base,test,19,6.445407867431641,62.28065490722656,0.4568452537059784,0.06140704080462456,1.0697269439697266,0.04714912176132202,0.7414132952690125,3.8282017707824707,49.546241760253906,0.7365777492523193,273.859375,0.006907061208039522,0.3280988683848006,7.367218120309176,0.02694669239704333,-0.5764555584445901,-7.340271427912133,-2.1811983244504565,-1.8724044627198164,0.7047951817512512,1.0,9.75994662866242e-09,0.026946691796183586,-0.289884477853775,-0.2585289776325226,-0.12254144996404648
fair_leg/tuned_family,test,0,9.549617767333984,56.55527114868164,0.4523809552192688,0.04835979640483856,1.0666546821594238,0.026472430676221848,0.7462784051895142,3.6834933757781982,6.793498992919922,0.6630567312240601,187.78939819335938,0.0056081730872392654,0.3127106951155222,1.2908629438645318,0.2226610245552016,-0.7828730527136407,-1.0682019193093302,-0.9177759145068447,-0.9314447468135455,0.5735870003700256,1.0,1.1139202449328423e-08,0.22266101837158203,-0.40065261721611023,-0.21702709794044495,-0.13162122666835785
fair_leg/tuned_family,test,1,7.625102996826172,73.59266662597656,0.4657738208770752,0.08223482966423035,1.077189326286316,0.10588972270488739,0.8051668405532837,3.3405234813690186,9.77468490600586,0.6946339011192322,394.498046875,0.0030657800380140543,0.24211228620587388,250491595.00339368,0.22342401733993275,-0.8051874427280981,-250491594.77996966,-0.5959974632667085,-1.8867393129787908,0.5866618752479553,1.0,1.390239123821857e-08,0.2234240174293518,-0.4155200123786926,-0.613749086856842,-0.11718830466270447
fair_leg/tuned_family,test,2,11.90948486328125,67.01231384277344,0.455357164144516,0.055891457945108414,1.0626212358474731,0.051456768065690994,0.7890245914459229,3.3443024158477783,10.113243103027344,0.6052806973457336,261.17816162109375,0.008375706151127815,0.25556761986080323,8.128487451115351,0.22401026939121021,-0.6338962805892305,-7.904477181724141,-0.15099668407189112,-0.914998363734246,0.5039029121398926,1.0,1.1618679351954597e-08,0.22401027381420135,-0.3092191815376282,-0.4946925938129425,-0.0490678995847702
fair_leg/tuned_family,test,3,6.8607330322265625,62.02554702758789,0.4568452537059784,0.07668300718069077,1.087030291557312,0.06242167949676514,0.7780793905258179,3.689249038696289,9.464263916015625,0.7743805050849915,286.1798400878906,8.21528345351652e-10,0.31594902316363094,12.523210083844559,0.2242208591088055,-0.30586269500752883,-12.298989224735752,-2.774311912557219,-2.3442212446205817,0.7048259973526001,1.0,1.3906318763190484e-08,0.2242208570241928,-0.15742094814777374,-0.3663121461868286,-0.19240498542785645
fair_leg/tuned_family,test,4,6.931781768798828,75.98924255371094,0.4657738208770752,0.09136761724948883,1.112013578414917,0.10557644069194794,0.8211060762405396,3.5457684993743896,10.712623596191406,0.7609464526176453,416.85333251953125,0.0017232656246051192,0.26320984313839024,206.4907392314738,0.22328231028758327,-0.563678417859667,-206.26745692118624,-7.090535112107474,-4.228824184616993,0.7652838826179504,1.0,1.5220841476093483e-08,0.22328230738639832,-0.3060552179813385,-0.5151331424713135,-0.24861660599708557
fair_leg/tuned_family,test,5,9.77468490600586,59.5850944519043,0.4598214328289032,0.06517724692821503,1.0645720958709717,0.06414473801851273,0.7562175989151001,3.3081483840942383,10.375022888183594,0.6980605125427246,278.4519348144531,0.0020144113805145025,0.2860566004774937,15.74536774094735,0.22319158234157213,-0.46535918753114863,-15.522176158605777,-0.5166354165656301,-1.4049622518876994,0.5982595086097717,1.0,1.4291374306196758e-08,0.22319158911705017,-0.24000665545463562,-0.46690040826797485,-0.09509328007698059
fair_leg/tuned_family,test,6,7.335186004638672,71.00486755371094,0.4642857313156128,0.08140845596790314,1.0796273946762085,0.08873746544122696,0.8385879397392273,3.7082111835479736,15.560150146484375,0.7373955845832825,343.38336181640625,0.0007094093016348779,0.27356116449557044,12.282904521526989,0.22279892992376932,-0.19653508761444385,-12.06010559160322,-2.1065308616357696,-2.2237303898441607,0.6677060127258301,1.0,1.280464623221178e-08,0.2227989286184311,-0.10925552994012833,-0.5072857141494751,-0.2060530036687851
fair_leg/tuned_family,test,7,7.925987243652344,76.6153335571289,0.4627976417541504,0.07985670864582062,1.0795660018920898,0.08803258091211319,0.8394679427146912,3.8191423416137695,9.073257446289062,0.759244978427887,380.9504699707031,0.004409116692841053,0.26279372836973314,145187935.728611,0.22452534701985966,-0.7697550512205728,-145187935.50408566,-2.5100595252384195,-2.98486076699647,0.7037088871002197,1.0,1.4596032826830196e-08,0.2245253473520279,-0.41114920377731323,-0.46338412165641785,-0.18904007971286774
fair_leg/tuned_family,test,8,6.8817138671875,63.2781982421875,0.4508928656578064,0.06550861150026321,1.0816270112991333,0.04605263099074364,0.7904099225997925,4.188859939575195,13.1988525390625,0.7638247609138489,225.51846313476562,0.0008918811799958348,0.3432059996727286,4.178606993875238,0.22392112594974856,-0.22280104499540274,-3.9546858679254897,-3.6917899781616716,-1.8229353468449532,0.6947362422943115,1.0,1.210950362207086e-08,0.22392112016677856,-0.1273426115512848,-0.2408616989850998,-0.2202417105436325
fair_leg/tuned_family,test,9,13.344764709472656,52.16693878173828,0.449404776096344,0.041704438626766205,1.0529147386550903,0.017935464158654213,0.7247216701507568,3.253105640411377,5.006313323974609,0.6097540259361267,171.71287536621094,0.0064612263813614845,0.3074937608292724,8.166180342625113,0.22443205228905433,-0.6650494492685474,-7.941748290336058,-0.001697137600280848,-0.7045451009839366,0.5103703141212463,1.0,1.0627979385446906e-08,0.2244320511817932,-0.3418940603733063,-0.3869633674621582,-0.000518722808919847
fair_leg/tuned_family,test,10,8.441925048828125,63.532352447509766,0.4568452537059784,0.06607107073068619,1.0807441473007202,0.05341478809714317,0.701072096824646,3.7129948139190674,11.012554168701172,0.6456750631332397,261.4999694824219,0.0032776000443845987,0.30002234254138405,2.4121566088310855,0.22280734626046986,-0.4231072304422011,-2.1893492625706155,-2.0570857813869288,-1.4760124099555654,0.6179714798927307,1.0,1.2175680019765878e-08,0.22280734777450562,-0.22204001247882843,-0.31351131200790405,-0.17656543850898743
fair_leg/tuned_family,test,11,10.879993438720703,72.67093658447266,0.4613095223903656,0.08585052937269211,1.0975011587142944,0.09625626355409622,0.818145215511322,3.4939348697662354,9.020328521728516,0.7089993357658386,366.888427734375,0.0011246780632063746,0.2594023516895868,19.340878035100104,0.22391943029648156,-0.40514798695356297,-19.11695860480362,-1.2846044467585276,-1.9780489241699857,0.6331919431686401,1.0,1.375092484323659e-08,0.22391943633556366,-0.21530486643314362,-0.5067545771598816,-0.18559350073337555
fair_leg/tuned_family,test,12,10.27059555053711,56.58769607543945,0.4508928656578064,0.05436715856194496,1.0688772201538086,0.03759398311376572,0.6655317544937134,3.3109052181243896,9.729862213134766,0.6373342275619507,228.38491821289062,0.0051966384053230286,0.30218910330063964,1.9680618065541937,0.22404341578025114,-0.5685438691682075,-1.7440183907739426,-0.6917977903115401,-0.966448722258512,0.5421459078788757,1.0,1.1051140447193575e-08,0.22404341399669647,-0.3061056435108185,-0.326283723115921,-0.11240292340517044
fair_leg/tuned_family,test,13,8.037090301513672,62.71505355834961,0.4583333432674408,0.07678835839033127,1.0973390340805054,0.0663377195596695,0.764857828617096,3.510730743408203,11.816978454589844,0.7251048684120178,301.2084045410156,0.002046736888587475,0.29105066286955794,6.891257964543903,0.22295078564053714,-0.19998925444612237,-3.044589038896148,-6.668307178903365,-2.0653570471735723,0.6746242046356201,1.0,1.3763339801187158e-08,0.2229507863521576,-0.11712497472763062,-0.35963377356529236,-0.2352556735277176
fair_leg/tuned_family,test,14,11.22903823852539,67.93498992919922,0.4613095223903656,0.07291014492511749,1.0808448791503906,0.0788690447807312,0.7832832932472229,3.3443398475646973,10.114192962646484,0.6804414987564087,342.5738525390625,0.0024588063824921846,0.2681361209193329,87.68143115236988,0.22283097176069788,-0.3885608350828185,-87.45860018060918,-0.5353596901472674,-1.6357618399108644,0.5963708758354187,1.0,1.3614586791277361e-08,0.22283096611499786,-0.20860590040683746,-0.6230400800704956,-0.10774985700845718
fair_leg/tuned_family,test,15,8.455753326416016,65.16456604003906,0.4598214328289032,0.06975382566452026,1.082306981086731,0.05819235369563103,0.8236244916915894,3.793466806411743,9.281158447265625,0.75617516040802,282.0885925292969,6.197174661792815e-05,0.3081735248208225,4.937445072727384,0.22284467029827243,-0.3531976516054258,-4.714600402429112,-2.6751597956171467,-2.050046238742102,0.6827420592308044,1.0,1.5054533619718313e-08,0.2228446751832962,-0.18450558185577393,-0.3818514049053192,-0.15818221867084503
fair_leg/tuned_family,test,16,10.144233703613281,67.4448013305664,0.4583333432674408,0.07384540140628815,1.0757105350494385,0.07777255773544312,0.8230106830596924,3.4432644844055176,9.262561798095703,0.6843740344047546,323.46441650390625,0.0024717790074646473,0.27632269623333805,202.3111307094663,0.223345518120752,-0.6119875760648303,-202.08778519134555,-0.49168808296559097,-1.4248252033147901,0.5636178255081177,1.0,1.3426798339821744e-08,0.22334551811218262,-0.31924015283584595,-0.4886597692966461,-0.11103854328393936
fair_leg/tuned_family,test,17,7.0209503173828125,70.58096313476562,0.4642857313156128,0.08294444531202316,1.0865885019302368,0.09022556245326996,0.7831680178642273,3.587674617767334,7.086753845214844,0.755235493183136,385.2036437988281,0.0013891722774133086,0.28249562760870506,193630197.5290709,0.22358786786691895,-0.548715190902633,-193630197.30548304,-3.0170073846652166,-3.625178081684877,0.7383957505226135,1.0,1.3616896943347001e-08,0.22358787059783936,-0.27960410714149475,-0.5451781153678894,-0.16900674998760223
fair_leg/tuned_family,test,18,7.950782775878906,68.88771057128906,0.4613095223903656,0.08543092757463455,1.112051010131836,0.09030388295650482,0.8148217797279358,3.3141753673553467,11.658191680908203,0.7211018204689026,379.4069519042969,0.0011720680631697178,0.2604497152333044,36.49196810526379,0.22322616461593933,-0.21660269271154856,-36.26874194064785,-1.86820359215716,-2.2664920780489126,0.6506472826004028,1.0,1.2963049300651619e-08,0.2232261598110199,-0.1411416083574295,-0.5419270992279053,-0.2101495862007141
fair_leg/tuned_family,test,19,6.246089935302734,61.81669235229492,0.4568452537059784,0.06686282902956009,1.0761690139770508,0.05239661782979965,0.7507596611976624,3.6785101890563965,7.086753845214844,0.7318578958511353,286.65570068359375,0.0050216917879879475,0.3059656230800829,5.899298563870275,0.22350019173727134,-0.758860998263704,-5.675798372133004,-3.164333661283938,-2.2740972857312154,0.6911525726318359,1.0,1.1331091620547795e-08,0.22350019216537476,-0.3816114068031311,-0.28753191232681274,-0.18643178045749664
tariff/tuned_family,test,0,9.098529815673828,49.09467697143555,0.4523809552192688,0.03975092992186546,1.0555438995361328,0.018483709543943405,0.6412791013717651,3.336345672607422,12.112617492675781,0.6562342643737793,186.4466552734375,0.006999691482633352,0.3407818955402021,1.5505317961572687,0.14708752538285957,-0.6543022481955258,-1.403444270774409,-1.1021927056431244,-1.035451751340186,0.6279390454292297,1.0,1.058022380817647e-08,0.14708752930164337,-0.3348536789417267,-0.20179282128810883,-0.11469767242670059
tariff/tuned_family,test,1,7.147312164306641,69.32305908203125,0.4657738208770752,0.07753241062164307,1.0733222961425781,0.09766604006290436,0.7714095711708069,3.299665689468384,13.942718505859375,0.6655277013778687,391.3716735839844,0.00988153275102377,0.25367647094296253,9260.471354773083,-0.18141423864718959,-0.5635887906427245,-9260.65276901173,-0.7019491155916049,-1.5694807254724672,0.6315315365791321,1.0,1.274378202964499e-08,-0.18141423165798187,-0.29084211587905884,-0.38279736042022705,-0.10301105678081512
tariff/tuned_family,test,2,11.742115020751953,60.156822204589844,0.455357164144516,0.05069520324468613,1.0595570802688599,0.036575812846422195,0.7432366013526917,3.3021955490112305,13.336658477783203,0.6281133890151978,254.1348876953125,0.012623311951756477,0.28083001800058793,7.504932477724413,0.019684924170554646,-0.4767185876770748,-7.485247553553858,-0.16185503852246616,-0.7712224688430064,0.5320720672607422,1.0,1.0717846166130585e-08,0.019684923812747,-0.23254677653312683,-0.35825803875923157,-0.04601326957345009
tariff/tuned_family,test,3,6.110191345214844,58.27617645263672,0.4568452537059784,0.07089997082948685,1.078091025352478,0.053963031619787216,0.7104623317718506,3.5084004402160645,17.73977279663086,0.7544817328453064,283.6191711425781,0.0027147806249558926,0.33032198732941254,13.643069527486794,0.04090758776316023,-0.3236599231221916,-13.602161939723635,-4.485010243849298,-2.4656749914299283,0.756964385509491,1.0,1.293988649564426e-08,0.040907587856054306,-0.16658079624176025,-0.3167315721511841,-0.13553443551063538
tariff/tuned_family,test,4,5.660057067871094,74.85342407226562,0.4657738208770752,0.08776061981916428,1.099693775177002,0.09328007698059082,0.8097288608551025,3.602935314178467,18.791675567626953,0.7544897794723511,409.4059143066406,0.008529804646968842,0.27152774812730185,66.1678961500736,-0.15957519853773536,-0.44915200272239425,-66.32747134861134,-7.90745649352307,-3.2158301428485583,0.7822900414466858,1.0,1.3513417052024579e-08,-0.1595751941204071,-0.24387186765670776,-0.37525638937950134,-0.15251363813877106
tariff/tuned_family,test,5,8.02469253540039,53.801536560058594,0.4598214328289032,0.0575515441596508,1.0586540699005127,0.04284147918224335,0.6678664088249207,3.108659505844116,10.085582733154297,0.6794854402542114,277.71490478515625,0.0061937542632222176,0.3138209804860419,14.29826138829976,0.03227146358756795,-0.36718017359208915,-14.265989924712192,-1.2032212522204584,-1.7316981626182886,0.6976112723350525,1.0,1.2364053780800077e-08,0.03227146342396736,-0.18937131762504578,-0.3454880714416504,-0.09233572334051132
tariff/tuned_family,test,6,6.691455841064453,69.12994384765625,0.4642857313156128,0.07643768936395645,1.0735564231872559,0.0812186747789383,0.8067131042480469,3.728466510772705,14.194488525390625,0.7165253758430481,341.38116455078125,0.006449613720178604,0.2875311802359869,26.770990945466643,-0.06693675439745841,-0.29899902221180946,-26.837927699864103,-2.63956346329515,-2.1899775455383095,0.7295642495155334,1.0,1.3359466422002697e-08,-0.06693675369024277,-0.16621610522270203,-0.3600066006183624,-0.1398579478263855
tariff/tuned_family,test,7,5.738735198974609,74.59878540039062,0.4642857313156128,0.07507045567035675,1.0753593444824219,0.07863408327102661,0.820996105670929,3.8416006565093994,14.53256607055664,0.7380743026733398,380.8155822753906,0.008274942636489868,0.27440078456986106,952.8833882311103,-0.12380755852683512,-0.4781683904797383,-953.0071957896372,-11.48805481850643,-3.184610384304664,0.7781265377998352,1.0,1.4267113712662649e-08,-0.12380755692720413,-0.2554040253162384,-0.3468390703201294,-0.13812454044818878
tariff/tuned_family,test,8,7.115840911865234,56.90288543701172,0.4508928656578064,0.059061985462903976,1.075218915939331,0.03923872113227844,0.7198300957679749,3.8911352157592773,16.946792602539062,0.7497792840003967,224.19509887695312,0.0022849251981824636,0.3569080700453623,10.629769045891756,0.12122513559915782,-0.21962868585518913,-10.508543910292598,-4.320439915200683,-1.9878725669014832,0.7409752607345581,1.0,1.0084246326869106e-08,0.12122513353824615,-0.1255294382572174,-0.22897160053253174,-0.17382510006427765
tariff/tuned_family,test,9,11.860847473144531,48.15483093261719,0.4523809552192688,0.0357176698744297,1.0478301048278809,0.005247493740171194,0.6725327372550964,3.179351568222046,7.554054260253906,0.6201717257499695,172.15318298339844,0.009556613862514496,0.33757503894372076,10.116578159001792,0.1645674364262128,-0.559981874745124,-9.95201072257558,-0.05102115499635259,-0.8196123776932838,0.5704354643821716,1.0,8.69881144893725e-09,0.16456744074821472,-0.2878800630569458,-0.34484580159187317,-0.011113937012851238
tariff/tuned_family,test,10,7.620334625244141,56.937217712402344,0.4568452537059784,0.06049255281686783,1.076187252998352,0.040256891399621964,0.6274605393409729,3.4433178901672363,10.996341705322266,0.6709229350090027,260.72979736328125,0.007356811314821243,0.3114514243793747,2.4234866989617676,0.05351868807303121,-0.37046870787979563,-2.369968010888736,-2.2127835010935115,-1.4245983229168617,0.6577864289283752,1.0,1.0639181979854584e-08,0.053518686443567276,-0.1944161355495453,-0.2675867974758148,-0.13193823397159576
tariff/tuned_family,test,11,8.105754852294922,69.28968811035156,0.4642857313156128,0.08212936669588089,1.0875835418701172,0.08787593990564346,0.7768993377685547,3.4174768924713135,14.490604400634766,0.715086817741394,363.4424743652344,0.009540850296616554,0.2695620834269452,24.07862063978925,-0.10294017952010638,-0.380018735088082,-24.181560819309357,-1.0704038620605796,-1.65424644332672,0.6711997985839844,1.0,1.3747229132832217e-08,-0.10294017940759659,-0.20195060968399048,-0.36443808674812317,-0.11730193346738815
tariff/tuned_family,test,12,9.71841812133789,52.176475524902344,0.4568452537059784,0.04657191038131714,1.0585150718688965,0.027412280440330505,0.6328839659690857,3.202092409133911,12.519359588623047,0.6238285303115845,226.67660522460938,0.00692941015586257,0.32491464416589066,2.027809705972039,0.08773690980645106,-0.43716667045141405,-1.9400727961655881,-0.7225763730279546,-0.9538814173723348,0.5854430794715881,1.0,1.015123096692605e-08,0.08773691207170486,-0.23537178337574005,-0.279804527759552,-0.09077224880456924
tariff/tuned_family,test,13,7.1277618408203125,62.62016296386719,0.4598214328289032,0.07264991104602814,1.0908503532409668,0.05858395993709564,0.7471750378608704,3.557487964630127,12.569904327392578,0.7040839791297913,299.594970703125,0.005846304818987846,0.30503249298162716,9.62703823713854,0.008331757211692875,-0.23401144902150076,-5.008416053532919,-9.618706479926848,-2.0762633350992115,0.7275846004486084,1.0,1.3064847870225549e-08,0.00833175703883171,-0.13705028593540192,-0.32289013266563416,-0.1498039960861206
tariff/tuned_family,test,14,7.781028747558594,65.71197509765625,0.4657738208770752,0.06797273457050323,1.073987603187561,0.06453634053468704,0.7321776151657104,3.319439649581909,14.066219329833984,0.6940470337867737,342.3055419921875,0.008348705247044563,0.2874986641889241,53.175223542325625,-0.07931360129087471,-0.3816151893800706,-53.2545371436165,-0.9409295556519318,-1.6964034836228834,0.678381085395813,1.0,1.2332170840068102e-08,-0.07931359857320786,-0.20487701892852783,-0.39393872022628784,-0.1016734316945076
tariff/tuned_family,test,15,8.452415466308594,59.504032135009766,0.4598214328289032,0.06388796865940094,1.0727938413619995,0.04832393303513527,0.7538605332374573,3.5419561862945557,11.97671890258789,0.7287729978561401,281.53692626953125,0.002708771266043186,0.3227934661930023,7.032704127659804,0.037965677626749475,-0.3080334602667489,-6.994738450033055,-4.386442620403018,-2.215700863963549,0.7430216670036316,1.0,1.2196353260662818e-08,0.03796567767858505,-0.160912424325943,-0.3132885992527008,-0.12087259441614151
tariff/tuned_family,test,16,10.143756866455078,65.29664611816406,0.4613095223903656,0.06806808710098267,1.0676522254943848,0.06688596308231354,0.7870333194732666,3.4520328044891357,15.178203582763672,0.6795694828033447,323.1961975097656,0.007686153054237366,0.2974281847161744,113.36668247807663,-0.07740736087664726,-0.40226564116169883,-113.44408983895327,-0.712776845613075,-1.4039600455729049,0.6365286111831665,1.0,1.134425708926301e-08,-0.0774073600769043,-0.20983979105949402,-0.3397634029388428,-0.09558932483196259
tariff/tuned_family,test,17,4.845142364501953,69.55290222167969,0.4642857313156128,0.07753167301416397,1.073755145072937,0.08020050078630447,0.7605112791061401,3.6288247108459473,19.258499145507812,0.7572652101516724,377.345947265625,0.006720515433698893,0.2984677623320815,1212.6092981503164,-0.12073054906869964,-0.4924026942904664,-1212.730028699385,-5.695399378535152,-3.3568078910096073,0.7851805090904236,1.0,1.3258411257766056e-08,-0.12073054909706116,-0.2509094178676605,-0.36695343255996704,-0.1249818354845047
tariff/tuned_family,test,18,7.045745849609375,67.4490966796875,0.4627976417541504,0.08213558048009872,1.100251317024231,0.07753759622573853,0.8191632032394409,3.398176431655884,12.257575988769531,0.7195287942886353,373.09912109375,0.009176407940685749,0.27078271253881747,24.70841950040572,-0.1255610795267209,-0.29582185468098243,-24.833980579932444,-1.5486593378394826,-1.7792858958314755,0.6762961745262146,1.0,1.2691414141841051e-08,-0.12556107342243195,-0.19276203215122223,-0.37352487444877625,-0.1318596452474594
tariff/tuned_family,test,19,6.245136260986328,54.111480712890625,0.4598214328289032,0.05701233819127083,1.0640010833740234,0.0401785708963871,0.6491437554359436,3.393885612487793,10.650157928466797,0.7176682353019714,275.5181884765625,0.007171886507421732,0.33798510021797146,35.058170002570066,0.05526973476119089,-0.5581391582370725,-35.002900267808876,-4.4280453884604425,-2.5440918333218168,0.756885826587677,1.0,1.1591177795367003e-08,0.05526973307132721,-0.280673623085022,-0.2627337574958801,-0.13614222407341003
tariff/voltage_family,test,0,9.098529815673828,49.09467697143555,0.4523809552192688,0.03975092992186546,1.0555438995361328,0.018483709543943405,0.6412791013717651,3.336345672607422,12.112617492675781,0.6562342643737793,186.4466552734375,0.006999691482633352,0.3407818955402021,1.5505317961572687,0.14708752538285957,-0.6543022481955258,-1.403444270774409,-1.1021927056431244,-1.035451751340186,0.6279390454292297,1.0,1.058022380817647e-08,0.14708752930164337,-0.3348536789417267,-0.20179282128810883,-0.11469767242670059
tariff/voltage_family,test,1,7.147312164306641,69.32305908203125,0.4657738208770752,0.07753241062164307,1.0733222961425781,0.09766604006290436,0.7714095711708069,3.299665689468384,13.942718505859375,0.6655277013778687,391.3716735839844,0.00988153275102377,0.25367647094296253,9260.471354773083,-0.18141423864718959,-0.5635887906427245,-9260.65276901173,-0.7019491155916049,-1.5694807254724672,0.6315315365791321,1.0,1.274378202964499e-08,-0.18141423165798187,-0.29084211587905884,-0.38279736042022705,-0.10301105678081512
tariff/voltage_family,test,2,11.742115020751953,60.156822204589844,0.455357164144516,0.05069520324468613,1.0595570802688599,0.036575812846422195,0.7432366013526917,3.3021955490112305,13.336658477783203,0.6281133890151978,254.1348876953125,0.012623311951756477,0.28083001800058793,7.504932477724413,0.019684924170554646,-0.4767185876770748,-7.485247553553858,-0.16185503852246616,-0.7712224688430064,0.5320720672607422,1.0,1.0717846166130585e-08,0.019684923812747,-0.23254677653312683,-0.35825803875923157,-0.04601326957345009
tariff/voltage_family,test,3,6.110191345214844,58.27617645263672,0.4568452537059784,0.07089997082948685,1.078091025352478,0.053963031619787216,0.7104623317718506,3.5084004402160645,17.73977279663086,0.7544817328453064,283.6191711425781,0.0027147806249558926,0.33032198732941254,13.643069527486794,0.04090758776316023,-0.3236599231221916,-13.602161939723635,-4.485010243849298,-2.4656749914299283,0.756964385509491,1.0,1.293988649564426e-08,0.040907587856054306,-0.16658079624176025,-0.3167315721511841,-0.13553443551063538
tariff/voltage_family,test,4,5.660057067871094,74.85342407226562,0.4657738208770752,0.08776061981916428,1.099693775177002,0.09328007698059082,0.8097288608551025,3.602935314178467,18.791675567626953,0.7544897794723511,409.4059143066406,0.008529804646968842,0.27152774812730185,66.1678961500736,-0.15957519853773536,-0.44915200272239425,-66.32747134861134,-7.90745649352307,-3.2158301428485583,0.7822900414466858,1.0,1.3513417052024579e-08,-0.1595751941204071,-0.24387186765670776,-0.37525638937950134,-0.15251363813877106
tariff/voltage_family,test,5,8.02469253540039,53.801536560058594,0.4598214328289032,0.0575515441596508,1.0586540699005127,0.04284147918224335,0.6678664088249207,3.108659505844116,10.085582733154297,0.6794854402542114,277.71490478515625,0.0061937542632222176,0.3138209804860419,14.29826138829976,0.03227146358756795,-0.36718017359208915,-14.265989924712192,-1.2032212522204584,-1.7316981626182886,0.6976112723350525,1.0,1.2364053780800077e-08,0.03227146342396736,-0.18937131762504578,-0.3454880714416504,-0.09233572334051132
tariff/voltage_family,test,6,6.691455841064453,69.12994384765625,0.4642857313156128,0.07643768936395645,1.0735564231872559,0.0812186747789383,0.8067131042480469,3.728466510772705,14.194488525390625,0.7165253758430481,341.38116455078125,0.006449613720178604,0.2875311802359869,26.770990945466643,-0.06693675439745841,-0.29899902221180946,-26.837927699864103,-2.63956346329515,-2.1899775455383095,0.7295642495155334,1.0,1.3359466422002697e-08,-0.06693675369024277,-0.16621610522270203,-0.3600066006183624,-0.1398579478263855
tariff/voltage_family,test,7,5.738735198974609,74.59878540039062,0.4642857313156128,0.07507045567035675,1.0753593444824219,0.07863408327102661,0.820996105670929,3.8416006565093994,14.53256607055664,0.7380743026733398,380.8155822753906,0.008274942636489868,0.27440078456986106,952.8833882311103,-0.12380755852683512,-0.4781683904797383,-953.0071957896372,-11.48805481850643,-3.184610384304664,0.7781265377998352,1.0,1.4267113712662649e-08,-0.12380755692720413,-0.2554040253162384,-0.3468390703201294,-0.13812454044818878
tariff/voltage_family,test,8,7.115840911865234,56.90288543701172,0.4508928656578064,0.059061985462903976,1.075218915939331,0.03923872113227844,0.7198300957679749,3.8911352157592773,16.946792602539062,0.7497792840003967,224.19509887695312,0.0022849251981824636,0.3569080700453623,10.629769045891756,0.12122513559915782,-0.21962868585518913,-10.508543910292598,-4.320439915200683,-1.9878725669014832,0.7409752607345581,1.0,1.0084246326869106e-08,0.12122513353824615,-0.1255294382572174,-0.22897160053253174,-0.17382510006427765
tariff/voltage_family,test,9,11.860847473144531,48.15483093261719,0.4523809552192688,0.0357176698744297,1.0478301048278809,0.005247493740171194,0.6725327372550964,3.179351568222046,7.554054260253906,0.6201717257499695,172.15318298339844,0.009556613862514496,0.33757503894372076,10.116578159001792,0.1645674364262128,-0.559981874745124,-9.95201072257558,-0.05102115499635259,-0.8196123776932838,0.5704354643821716,1.0,8.69881144893725e-09,0.16456744074821472,-0.2878800630569458,-0.34484580159187317,-0.011113937012851238
tariff/voltage_family,test,10,7.620334625244141,56.937217712402344,0.4568452537059784,0.06049255281686783,1.076187252998352,0.040256891399621964,0.6274605393409729,3.4433178901672363,10.996341705322266,0.6709229350090027,260.72979736328125,0.007356811314821243,0.3114514243793747,2.4234866989617676,0.05351868807303121,-0.37046870787979563,-2.369968010888736,-2.2127835010935115,-1.4245983229168617,0.6577864289283752,1.0,1.0639181979854584e-08,0.053518686443567276,-0.1944161355495453,-0.2675867974758148,-0.13193823397159576
tariff/voltage_family,test,11,8.105754852294922,69.28968811035156,0.4642857313156128,0.08212936669588089,1.0875835418701172,0.08787593990564346,0.7768993377685547,3.4174768924713135,14.490604400634766,0.715086817741394,363.4424743652344,0.009540850296616554,0.2695620834269452,24.07862063978925,-0.10294017952010638,-0.380018735088082,-24.181560819309357,-1.0704038620605796,-1.65424644332672,0.6711997985839844,1.0,1.3747229132832217e-08,-0.10294017940759659,-0.20195060968399048,-0.36443808674812317,-0.11730193346738815
tariff/voltage_family,test,12,9.71841812133789,52.176475524902344,0.4568452537059784,0.04657191038131714,1.0585150718688965,0.027412280440330505,0.6328839659690857,3.202092409133911,12.519359588623047,0.6238285303115845,226.67660522460938,0.00692941015586257,0.32491464416589066,2.027809705972039,0.08773690980645106,-0.43716667045141405,-1.9400727961655881,-0.7225763730279546,-0.9538814173723348,0.5854430794715881,1.0,1.015123096692605e-08,0.08773691207170486,-0.23537178337574005,-0.279804527759552,-0.09077224880456924
tariff/voltage_family,test,13,7.1277618408203125,62.62016296386719,0.4598214328289032,0.07264991104602814,1.0908503532409668,0.05858395993709564,0.7471750378608704,3.557487964630127,12.569904327392578,0.7040839791297913,299.594970703125,0.005846304818987846,0.30503249298162716,9.62703823713854,0.008331757211692875,-0.23401144902150076,-5.008416053532919,-9.618706479926848,-2.0762633350992115,0.7275846004486084,1.0,1.3064847870225549e-08,0.00833175703883171,-0.13705028593540192,-0.32289013266563416,-0.1498039960861206
tariff/voltage_family,test,14,7.781028747558594,65.71197509765625,0.4657738208770752,0.06797273457050323,1.073987603187561,0.06453634053468704,0.7321776151657104,3.319439649581909,14.066219329833984,0.6940470337867737,342.3055419921875,0.008348705247044563,0.2874986641889241,53.175223542325625,-0.07931360129087471,-0.3816151893800706,-53.2545371436165,-0.9409295556519318,-1.6964034836228834,0.678381085395813,1.0,1.2332170840068102e-08,-0.07931359857320786,-0.20487701892852783,-0.39393872022628784,-0.1016734316945076
tariff/voltage_family,test,15,8.452415466308594,59.504032135009766,0.4598214328289032,0.06388796865940094,1.0727938413619995,0.04832393303513527,0.7538605332374573,3.5419561862945557,11.97671890258789,0.7287729978561401,281.53692626953125,0.002708771266043186,0.3227934661930023,7.032704127659804,0.037965677626749475,-0.3080334602667489,-6.994738450033055,-4.386442620403018,-2.215700863963549,0.7430216670036316,1.0,1.2196353260662818e-08,0.03796567767858505,-0.160912424325943,-0.3132885992527008,-0.12087259441614151
tariff/voltage_family,test,16,10.143756866455078,65.29664611816406,0.4613095223903656,0.06806808710098267,1.0676522254943848,0.06688596308231354,0.7870333194732666,3.4520328044891357,15.178203582763672,0.6795694828033447,323.1961975097656,0.007686153054237366,0.2974281847161744,113.36668247807663,-0.07740736087664726,-0.40226564116169883,-113.44408983895327,-0.712776845613075,-1.4039600455729049,0.6365286111831665,1.0,1.134425708926301e-08,-0.0774073600769043,-0.20983979105949402,-0.3397634029388428,-0.09558932483196259
tariff/voltage_family,test,17,4.845142364501953,69.55290222167969,0.4642857313156128,0.07753167301416397,1.073755145072937,0.08020050078630447,0.7605112791061401,3.6288247108459473,19.258499145507812,0.7572652101516724,377.345947265625,0.006720515433698893,0.2984677623320815,1212.6092981503164,-0.12073054906869964,-0.4924026942904664,-1212.730028699385,-5.695399378535152,-3.3568078910096073,0.7851805090904236,1.0,1.3258411257766056e-08,-0.12073054909706116,-0.2509094178676605,-0.36695343255996704,-0.1249818354845047
tariff/voltage_family,test,18,7.045745849609375,67.4490966796875,0.4627976417541504,0.08213558048009872,1.100251317024231,0.07753759622573853,0.8191632032394409,3.398176431655884,12.257575988769531,0.7195287942886353,373.09912109375,0.009176407940685749,0.27078271253881747,24.70841950040572,-0.1255610795267209,-0.29582185468098243,-24.833980579932444,-1.5486593378394826,-1.7792858958314755,0.6762961745262146,1.0,1.2691414141841051e-08,-0.12556107342243195,-0.19276203215122223,-0.37352487444877625,-0.1318596452474594
tariff/voltage_family,test,19,6.245136260986328,54.111480712890625,0.4598214328289032,0.05701233819127083,1.0640010833740234,0.0401785708963871,0.6491437554359436,3.393885612487793,10.650157928466797,0.7176682353019714,275.5181884765625,0.007171886507421732,0.33798510021797146,35.058170002570066,0.05526973476119089,-0.5581391582370725,-35.002900267808876,-4.4280453884604425,-2.5440918333218168,0.756885826587677,1.0,1.1591177795367003e-08,0.05526973307132721,-0.280673623085022,-0.2627337574958801,-0.13614222407341003
tariff/voltage_off_matched,test,0,9.549140930175781,49.43561553955078,0.4538690447807312,0.04060666263103485,1.0563440322875977,0.019031954929232597,0.6518827080726624,3.2878520488739014,12.12310791015625,0.6500372290611267,186.03277587890625,0.006467868573963642,0.33495730532572143,1.373907097533501,0.1425929803977675,-0.6516991609453995,-1.2313141171357336,-1.0037484331574085,-0.9609213989985916,0.6124776005744934,1.0,1.1745301620180726e-08,0.14259298145771027,-0.3335214853286743,-0.2013321965932846,-0.11242030560970306
tariff/voltage_off_matched,test,1,7.1849822998046875,70.71923828125,0.4657738208770752,0.07784462720155716,1.0724785327911377,0.09985902160406113,0.7866540551185608,3.315938711166382,13.729095458984375,0.6974428296089172,392.9722595214844,0.006910328287631273,0.2513447636681927,157025125.98033863,-0.18658095909621006,-0.5709927437601965,-157025126.1669196,-0.647290030316569,-1.5108605932003778,0.622804582118988,1.0,1.4190658426116443e-08,-0.18658095598220825,-0.2946629524230957,-0.38473954796791077,-0.10091712325811386
tariff/voltage_off_matched,test,2,11.908531188964844,59.14592742919922,0.4568452537059784,0.05156513676047325,1.0592002868652344,0.039082080125808716,0.7351165413856506,3.213151216506958,10.848522186279297,0.6283440589904785,255.7525177001953,0.01108406949788332,0.2746064041759043,7.088778033482825,0.01277545716647808,-0.4779949962791592,-7.0760025763163465,-0.15002679103255548,-0.7445766986845239,0.5243105292320251,1.0,1.171199670579881e-08,0.012775457464158535,-0.23316940665245056,-0.3586006164550781,-0.044369518756866455
tariff/voltage_off_matched,test,3,6.161689758300781,55.54008483886719,0.4568452537059784,0.0713006854057312,1.0793958902359009,0.053493108600378036,0.7065661549568176,3.4120779037475586,13.092994689941406,0.7624038457870483,284.1893310546875,0.001635541208088398,0.32820183021349314,12.49172720902633,0.03403999627605349,-0.3327250199219647,-12.457687212750276,-3.699489784222406,-2.3373369080393664,0.7482773661613464,1.0,1.4529048186773252e-08,0.034039996564388275,-0.17124640941619873,-0.31708237528800964,-0.13210557401180267
tariff/voltage_off_matched,test,4,5.660057067871094,72.85690307617188,0.4657738208770752,0.087676040828228,1.1010334491729736,0.09421992301940918,0.7985219359397888,3.4991824626922607,20.427227020263672,0.7724855542182922,411.49859619140625,0.0061864894814789295,0.27042466914692875,164.4914483280061,-0.15898427615879937,-0.45766763560264045,-164.6504326041649,-6.986379663869433,-3.2267868891873777,0.7817342877388,1.0,1.3993861180949807e-08,-0.15898427367210388,-0.24849551916122437,-0.37865737080574036,-0.15235917270183563
tariff/voltage_off_matched,test,5,8.02469253540039,53.03525924682617,0.4598214328289032,0.05817028880119324,1.0588082075119019,0.045269422233104706,0.662979245185852,3.0269036293029785,14.284133911132812,0.691623330116272,278.16131591796875,0.004577771294862032,0.30848687797578067,12.969594913196698,0.025090891161029222,-0.37445928942891304,-12.944504022035668,-0.9235138999083944,-1.5571318039197366,0.6765039563179016,1.0,1.3631686890391848e-08,0.025090891867876053,-0.19312548637390137,-0.34553590416908264,-0.0886937603354454
tariff/voltage_off_matched,test,6,7.0743560791015625,69.41748046875,0.4642857313156128,0.07689164578914642,1.0732057094573975,0.08341165632009506,0.8192510604858398,3.696755886077881,17.292022705078125,0.736204206943512,342.36370849609375,0.004246494732797146,0.28491496524783533,22.13652938446179,-0.07193898018806771,-0.30575476562170034,-22.20846836464986,-2.260481755627387,-2.07731272816575,0.7196342349052429,1.0,1.4916752277827072e-08,-0.07193897664546967,-0.16997167468070984,-0.3615654706954956,-0.1368420124053955
tariff/voltage_off_matched,test,7,5.984306335449219,72.32189178466797,0.4642857313156128,0.07504838705062866,1.0737406015396118,0.08020050078630447,0.8055586218833923,3.6990597248077393,10.738372802734375,0.7515782713890076,381.8465270996094,0.006850135046988726,0.2723419669271069,109258132.68342459,-0.1269445238734713,-0.48360719531546026,-109258132.81036912,-6.720630456124198,-3.0020857976848037,0.7678369879722595,1.0,1.5512572559828186e-08,-0.12694452702999115,-0.2583090662956238,-0.34871000051498413,-0.13609455525875092
tariff/voltage_off_matched,test,8,6.880283355712891,55.29642105102539,0.4508928656578064,0.05933629721403122,1.0750623941421509,0.038847118616104126,0.7123456597328186,3.773040771484375,15.316963195800781,0.7453687191009521,224.31240844726562,0.001716970931738615,0.355035091339587,7.978166764174753,0.11903237200015805,-0.22123648546554617,-7.859134392174594,-3.9512491475004348,-1.8930488948957482,0.7320197820663452,1.0,1.149231732000544e-08,0.1190323755145073,-0.126448392868042,-0.22893576323986053,-0.1726643294095993
tariff/voltage_off_matched,test,9,11.860370635986328,47.801971435546875,0.4523809552192688,0.03621046245098114,1.0482534170150757,0.005717418622225523,0.6915916800498962,3.1360745429992676,8.23974609375,0.6190224289894104,172.08901977539062,0.008414036594331264,0.33233500101608626,8.818076656933046,0.15855864725549945,-0.5568477299263964,-8.659518009677546,-0.040097663912298714,-0.7733250846255875,0.558617889881134,1.0,9.473065887277698e-09,0.158558651804924,-0.28626883029937744,-0.34367531538009644,-0.009304910898208618
tariff/voltage_off_matched,test,10,8.376598358154297,56.23197555541992,0.4568452537059784,0.061198435723781586,1.0760829448699951,0.041040100157260895,0.6106385588645935,3.2811620235443115,11.742115020751953,0.6669637560844421,261.3342590332031,0.005856816656887531,0.3071274730278879,2.173230600245309,0.04782981558693172,-0.3726594487111569,-2.125400784658377,-1.9422412606566883,-1.3310013581548628,0.6436006426811218,1.0,1.1200008920297932e-08,0.04782981425523758,-0.19556580483913422,-0.26585033535957336,-0.13090823590755463
tariff/voltage_off_matched,test,11,8.811473846435547,68.07852172851562,0.4642857313156128,0.08250675350427628,1.0899068117141724,0.08912907540798187,0.7728217244148254,3.3670871257781982,14.301776885986328,0.731610894203186,365.4268798828125,0.006363884545862675,0.26732579419835234,18.836925987303662,-0.10554216276136878,-0.38767702548649974,-18.942468150065032,-1.0411178477102623,-1.6254642718586128,0.6666618585586548,1.0,1.3747229132832217e-08,-0.10554216057062149,-0.20602039992809296,-0.36647745966911316,-0.11634482443332672
tariff/voltage_off_matched,test,12,9.71841812133789,51.03158950805664,0.4538690447807312,0.04744168370962143,1.0590301752090454,0.027333959937095642,0.6182262897491455,3.0681517124176025,15.358924865722656,0.6168215870857239,226.29299926757812,0.006210430059581995,0.31990213655962696,1.8183925958154388,0.08038422665641427,-0.4384158786742046,-1.7380083691590245,-0.663396599731467,-0.8964847467423969,0.5733508467674255,1.0,1.1516801734501314e-08,0.08038422465324402,-0.23604436218738556,-0.2776961922645569,-0.08805585652589798
tariff/voltage_off_matched,test,13,7.1277618408203125,61.840057373046875,0.4598214328289032,0.07325952500104904,1.090954303741455,0.05905388295650482,0.7404874563217163,3.515251874923706,15.130043029785156,0.7116034030914307,300.00531005859375,0.004265580326318741,0.30218275971160735,7.573536693346102,0.0012824371739472307,-0.24046432973038448,-4.049295211981809,-7.572254256172155,-1.9241130873528098,0.7138262391090393,1.0,1.4678032123072171e-08,0.001282437122426927,-0.14082945883274078,-0.32138362526893616,-0.1470714956521988
tariff/voltage_off_matched,test,14,8.890151977539062,63.826560974121094,0.4627976417541504,0.06827926635742188,1.074400782585144,0.06578947603702545,0.7316917777061462,3.2362401485443115,13.111114501953125,0.7059713006019592,342.88580322265625,0.0063237715512514114,0.28308612334777106,55.34523628770624,-0.08553955178591797,-0.38932032125569754,-55.43077583949216,-0.7698845115121883,-1.5492448837981012,0.6595962047576904,1.0,1.409503092020259e-08,-0.0855395495891571,-0.2090136557817459,-0.3948793411254883,-0.09814885258674622
tariff/voltage_off_matched,test,15,8.45479965209961,58.045387268066406,0.4598214328289032,0.06405796855688095,1.0734539031982422,0.04730576276779175,0.7540403604507446,3.492053508758545,10.251522064208984,0.7318365573883057,281.9253845214844,0.0016894531436264515,0.32107454309583217,6.166956208462367,0.03621334991709435,-0.3115298459886707,-6.130742858545273,-4.136444183674503,-2.138813285947852,0.7364097237586975,1.0,1.3907473395136094e-08,0.03621334955096245,-0.1627388894557953,-0.31259801983833313,-0.12060952931642532
tariff/voltage_off_matched,test,16,10.144710540771484,62.62397766113281,0.4613095223903656,0.06882061064243317,1.068215250968933,0.06766917556524277,0.7656785249710083,3.2870054244995117,16.053199768066406,0.6935260891914368,323.89044189453125,0.005718919914215803,0.29257083846405874,143.26361865919526,-0.0821469424849645,-0.41024717223900786,-143.34576560168023,-0.5915380926625501,-1.299014146370567,0.6192108988761902,1.0,1.2587868525315571e-08,-0.08214694261550903,-0.2140033096075058,-0.34307029843330383,-0.09123996645212173
tariff/voltage_off_matched,test,17,5.124092102050781,69.12850952148438,0.4642857313156128,0.07808248698711395,1.0749406814575195,0.08208020031452179,0.7589199542999268,3.5658562183380127,16.971588134765625,0.7761372327804565,378.8968505859375,0.004796687513589859,0.2951509055010728,131429859.80226812,-0.1246248301157146,-0.5040968772971889,-131429859.92689295,-3.5717335145948717,-3.0382303215149813,0.7678106427192688,1.0,1.4489088151492524e-08,-0.1246248334646225,-0.2568683326244354,-0.3700491189956665,-0.12224018573760986
tariff/voltage_off_matched,test,18,7.381916046142578,66.71762084960938,0.4627976417541504,0.08243320882320404,1.1008883714675903,0.07777255773544312,0.8011165261268616,3.304955005645752,14.434337615966797,0.7371070384979248,375.21356201171875,0.006660521496087313,0.2687193615007045,27.869341956188816,-0.12882220877797465,-0.30257862215786163,-27.99816416496679,-1.4780027028047324,-1.767652243779995,0.6742722392082214,1.0,1.4066223741338035e-08,-0.1288222074508667,-0.19716483354568481,-0.37628549337387085,-0.13036112487316132
tariff/voltage_off_matched,test,19,6.246089935302734,53.4825325012207,0.4598214328289032,0.05766427889466286,1.0647603273391724,0.040256891399621964,0.6353873014450073,3.2663581371307373,10.444164276123047,0.7131523489952087,277.2685546875,0.006382064428180456,0.3353169206603682,27.2185870086875,0.05206348377170167,-0.5643603721725776,-27.1665235249158,-4.397951519330351,-2.523359295438685,0.7550076246261597,1.0,1.1301525937312817e-08,0.052063483744859695,-0.2838021218776703,-0.2637554407119751,-0.13558225333690643
