,,transformer_draw_peak_kw,transformer_draw_peak_kw,transformer_export_peak_kw,transformer_export_peak_kw,reverse_flow_share,reverse_flow_share,losses_share,losses_share,voltage_p99_pu,voltage_p99_pu,over_voltage_share,over_voltage_share,coincidence_factor,coincidence_factor,peak_to_average,peak_to_average,max_ramp_kw,max_ramp_kw,flex_synchrony,flex_synchrony,community_settlement_chf,community_settlement_chf,curtailed_share,curtailed_share,self_consumption_share,self_consumption_share,cost_per_kwh_spread_chf,cost_per_kwh_spread_chf,tenant_cost_per_kwh_chf,tenant_cost_per_kwh_chf,pv_only_cost_per_kwh_chf,pv_only_cost_per_kwh_chf,pv_battery_cost_per_kwh_chf,pv_battery_cost_per_kwh_chf,large_flex_cost_per_kwh_chf,large_flex_cost_per_kwh_chf,owner_cost_per_kwh_chf,owner_cost_per_kwh_chf,tenant_import_share,tenant_import_share
,,mean,std,mean,std,mean,std,mean,std,mean,std,mean,std,mean,std,mean,std,mean,std,mean,std,mean,std,mean,std,mean,std,mean,std,mean,std,mean,std,mean,std,mean,std,mean,std,mean,std
split,run,,,,,,,,,,,,,,,,,,,,,,,,,,,,,,,,,,,,,,,,
test,fair_leg/default_base,7.895112037658691,1.6605241433217772,65.30489883422851,7.502285208105379,0.42172619700431824,0.012575112589637607,0.07587669119238853,0.015241042582588783,1.083418607711792,0.01716394844346152,0.07427161568775772,0.027828149518768063,0.7682901978492737,0.058020549425283306,3.6697436571121216,0.21208226260139412,15.279912948608398,2.787619691537706,0.5959129840135574,0.05591904160622876,294.27956466674806,67.82366849417777,0.014975375216454267,0.004138301094877671,0.3009249860204282,0.02828991993272824,11.350011207193958,6.8862076781665715,0.2231269288334566,0.0005574641221317284,-0.5001674039248015,0.20669193186492107,-11.065538408266617,6.941527889641379,-2.240532635235743,1.6845157811083928,-2.0274144054014247,0.759155187650478,0.6554691106081009,0.061944007328567814
test,fair_leg/tuned_family,8.840775489807129,1.9528233230047345,65.75806179046631,6.661991165589068,0.4586309626698494,0.00498479766047134,0.07115084305405617,0.013296499669401926,1.0810974419116974,0.015137651956916288,0.06790413474664092,0.025333868659180997,0.7808667600154877,0.04650257422525142,3.553540062904358,0.23512034650363986,9.807062339782714,2.3354985453255415,0.7056438773870468,0.05230893579482898,305.1945381164551,70.61846637261155,0.002874005666275478,0.002284971496975614,0.28584342448128863,0.02572030631513517,29465518.250053145,73967949.6484923,0.22347619402921642,0.0005824630602099946,-0.4942855497584667,0.2062364971463851,-29465517.845391046,73967949.72435293,-2.1404938704954293,1.9642827497306694,-1.960476477015589,0.890632457464862,0.6349951267242432,0.07427769025645752
test,tariff/fixed_base,7.895112037658691,1.6605241433217772,65.30489883422851,7.502285208105379,0.42172619700431824,0.012575112589637607,0.07587669119238853,0.015241042582588783,1.083418607711792,0.01716394844346152,0.07427161568775772,0.027828149518768063,0.7682901978492737,0.058020549425283306,3.6697436571121216,0.21208226260139412,15.279912948608398,2.787619691537706,0.5959129840135574,0.05591904160622876,294.2795829772949,67.82366105593577,0.014975375216454267,0.004138301094877671,0.3009249860204282,0.02828991993272824,4.069700637855123,2.126440735386076,-0.3613834012567121,0.18024017019001423,-0.3721873005319122,0.08987511604472612,-4.3174667377704745,2.188031069823942,-0.4879776179600288,0.3560080515089691,-0.8324826275852499,0.2619913440068375,0.6554691106081009,0.061944007328567814
test,tariff/tuned_base,8.229398727416992,1.7241521799051347,39.03963565826416,2.546510450159559,0.45900298804044726,0.004981878365569836,0.038001134525984526,0.007246137051723035,1.0512112140655518,0.005228309575780911,0.01415256870968733,0.010078991657613076,0.8513384133577346,0.04415091304081753,2.6842758536338804,0.1529562524952381,24.613261222839355,3.9349656508396786,0.5189997896552085,0.042779298796033594,187.03840599060058,46.69003235150815,0.1911216452717781,0.029481748886084683,0.3607603500458586,0.022520210287510695,7.541667755974503,4.692256204190451,0.14429542965695827,0.06387060744854652,-0.33493917006427903,0.12253110100814654,-7.370104576150373,4.774899049075202,-1.2369605503449528,0.9415186051153951,-1.2329287623268725,0.43015543879069484,0.6434592723846435,0.06673118781133756
test,tariff/tuned_family,8.028340339660645,1.9209177458992044,37.87808418273926,2.60077788803168,0.45982143878936765,0.004605640322342506,0.03849582374095917,0.007479514209112172,1.0505119025707246,0.005378413432371443,0.013259711653518025,0.01011595271912187,0.8614708095788955,0.05156163121082537,2.635764741897583,0.13653615254373772,7.138180732727051,1.7434556189878947,0.5335695996880532,0.043385973287670854,191.96081581115723,47.01860983503314,0.18678361251950265,0.029854297631173764,0.3667264297228259,0.023056410162194268,16811970.880412713,41754938.116255306,0.15176554470678388,0.064274769761616,-0.3345017420195329,0.12466552481691999,-16811970.52847516,41754938.24902996,-2.2691355661481762,2.158073156721266,-1.5268127088774608,0.6121941828728662,0.6777611434459686,0.07557267788420685
test,tariff/voltage_family,8.152627944946289,2.0861184114071123,37.30120658874512,2.8377771999841257,0.4600446537137032,0.004712578347922572,0.03755761738866568,0.00756224608402082,1.0496815979480743,0.005627972620795155,0.012124059982670587,0.010351503175011156,0.8551376670598984,0.057654726615141434,2.65634229183197,0.15170516672510856,6.84964656829834,1.2039932437567025,0.5851544320583344,0.04574535489351395,188.68208084106445,45.86065721985053,0.19233409091830253,0.03007931508040602,0.37228533547723747,0.023728343051185784,5530730.305135147,24732854.330560964,0.15908636510734642,0.06270586957382485,-0.33657883485672696,0.12743765612006214,-5530729.898709766,24732854.41189632,-2.5729076956670376,2.5562284218114018,-1.5696741040631452,0.617096990255618,0.6853852331638336,0.07202187990852708
test,tariff/voltage_off_matched,8.028340339660645,1.9209177458992044,37.87808418273926,2.60077788803168,0.45982143878936765,0.004605640322342506,0.03849582374095917,0.007479514209112172,1.0505119025707246,0.005378413432371443,0.013259711653518025,0.01011595271912187,0.8614708095788955,0.05156163121082537,2.635764741897583,0.13653615254373772,7.138180732727051,1.7434556189878947,0.5335695996880532,0.043385973287670854,191.96081581115723,47.01860983503314,0.18678361251950265,0.029854297631173764,0.3667264297228259,0.023056410162194268,16811970.880412713,41754938.116255306,0.15176554470678388,0.064274769761616,-0.3345017420195329,0.12466552481691999,-16811970.52847516,41754938.24902996,-2.2691355661481762,2.158073156721266,-1.5268127088774608,0.6121941828728662,0.6777611434459686,0.07557267788420685
validation,export_30kw_0.05,7.688343524932861,1.2560255374921443,60.380101680755615,6.560008249327498,0.4603794738650322,0.004701566789402466,0.06584421545267105,0.013217619917618242,1.0721373707056046,0.01100784090429375,0.0560972741805017,0.026010112537396164,0.7210002988576889,0.04786442607096276,3.3856402039527893,0.1887948226265515,13.226926326751709,4.161186659483645,0.6966892257332802,0.04975505300914532,297.2932872772217,73.4976424750937,0.003794290456426097,0.002010609648028148,0.3071623829524064,0.025565552884958886,37029669.115895644,69745468.14904355,0.14867762306635912,0.03508575501963502,-0.3693330732767964,0.23786581701593618,-37029668.96721802,69745468.17387259,-3.7620180223461945,4.343001470702215,-2.307624939997617,1.1520315555099117,0.6869873255491257,0.07433509032130438
validation,export_30kw_0.15,7.385849952697754,1.1014895226742707,59.95202016830444,9.229471148550234,0.4611235223710537,0.0046677978546181016,0.06443556491285563,0.01348828632063653,1.0701498240232468,0.011214182285815713,0.05358121846802533,0.025878543441310506,0.7133114188909531,0.07332061947871478,3.437301367521286,0.23982437937801745,14.12057876586914,2.5633730632298217,0.7012583687901497,0.037257932217932284,295.4213047027588,72.39107104499186,0.006580701476195827,0.0029096790736870817,0.31465322227074777,0.027089354603261326,315.2225019311998,760.6879476777546,0.007769261343907641,0.10816628474168766,-0.34661651677237115,0.17470561701873438,-315.2147326698559,760.7730522131925,-5.4253885314246775,7.88449852286273,-2.1109398605536147,0.8469355570836814,0.7100849598646164,0.06561419124809072
validation,export_30kw_0.3,7.594048976898193,1.151296447322625,37.7538800239563,2.416342403850125,0.4603794738650322,0.004701566789402466,0.03793741622939706,0.007159865881975892,1.0499321222305298,0.0036527509600889543,0.010749530221801251,0.008439018015596302,0.8554679229855537,0.029991049421286973,2.6740145683288574,0.12016762779201375,7.724523544311523,2.528545177269178,0.5444963872432709,0.03156920095845122,190.34451007843018,46.6054613404263,0.17971608601510525,0.030605522945061543,0.37653615165186893,0.02203576428104209,24879710.26994639,46218069.69521632,0.1629698640721134,0.059074080420673296,-0.26290823762722004,0.18478322284491228,-24879710.106976524,46218069.73868888,-2.7509740663690248,3.0672042451324444,-1.6788994023372752,0.7016960776115017,0.6960003152489662,0.06991544463723935
validation,export_45kw_0.05,7.973611354827881,1.3591407371573607,58.36606025695801,6.746365905266328,0.4603794738650322,0.00470156678940248,0.06561028538271785,0.013510721120527359,1.0697836428880692,0.010480689282062241,0.0575559982098639,0.02672333220868628,0.7136711180210114,0.049381618977678336,3.2468832433223724,0.17194246548375666,7.850706577301025,3.619601230534588,0.7602918967604637,0.03948850434464151,297.96483421325684,73.73982401629648,0.0030184937440935755,0.002007456162665486,0.3035961656659809,0.02353745965745861,436.82281894507946,1086.3918451744055,0.20195781031672946,0.027367434703192958,-0.3773948796104086,0.26887545550384456,-436.62086113476266,1086.4178585247876,-3.4744231750236136,4.229834811766116,-2.3434717097974773,1.2166502882900352,0.6758133172988892,0.07949274478628557
validation,export_45kw_0.15,7.973611354827881,1.3591407371573607,58.36606025695801,6.746365905266328,0.4603794738650322,0.00470156678940248,0.06561028538271785,0.013510721120527359,1.0697836428880692,0.010480689282062241,0.0575559982098639,0.02672333220868628,0.7136711180210114,0.049381618977678336,3.2468832433223724,0.17194246548375666,7.850706577301025,3.619601230534588,0.7602918967604637,0.03948850434464151,297.9648380279541,73.73983826501106,0.0030184937440935755,0.002007456162665486,0.3035961656659809,0.02353745965745861,381.7187681719389,932.8732727860657,0.1595227955528543,0.08186942608985624,-0.38086172810658836,0.25507270673689836,-381.55924537638606,932.9508185898721,-3.1332481499999436,3.5407151634273126,-2.2206089005957064,1.056770883986028,0.6758133172988892,0.07949274478628557
validation,export_45kw_0.3,7.593870162963867,1.1514006504555405,55.61208772659302,5.989361939905611,0.4603794738650322,0.004701566789402466,0.0625444371253252,0.012661690924650077,1.0676965415477753,0.008611870727322482,0.05059523764066398,0.024876864659643363,0.758944496512413,0.06089806871179515,3.179471105337143,0.15623659404898618,13.124644756317139,2.507722759143078,0.6979924812912941,0.04515915518113925,287.92859649658203,69.64392040993903,0.018842464545741677,0.006918984845967868,0.31464284619320704,0.025464984521916693,31395345.775952894,58153608.5907319,0.13011899942170338,0.12547990577487605,-0.38486537546808697,0.2503765511228199,-31395345.645833895,58153608.67553878,-3.6064653601880616,3.9030215578197183,-2.2377936680425994,0.9010703633358945,0.6959897801280022,0.06991993385601862
validation,fair_leg,9.377837181091309,2.034913935842288,63.93289613723755,6.4102823933991315,0.4596354179084301,0.004801434294493768,0.07081815367564559,0.012174969279906595,1.0800153762102127,0.011845097268211388,0.06520206714048982,0.023946887725261812,0.7637733221054077,0.04562020965321338,3.519452780485153,0.15743385680673,10.187506675720215,2.488406689275894,0.7172819897532463,0.044034083398285344,297.9040050506592,74.06362416179911,0.0023024828513484863,0.0023291421444605483,0.29287162451645904,0.021776619999133124,24238745.330173545,68557399.17283997,0.2231858458264576,0.0006840489093021261,-0.37582978650027526,0.27761460475844857,-24238745.1069877,68557399.17300802,-2.029241815169291,2.1395344759198793,-2.0212395461662522,1.1054139645112975,0.6393399015069008,0.07819488545623082
