interval,day,day_step,hour,transformer_kw,transformer_kvar,losses_kw,voltage_max_pu,voltage_min_pu,curtailed_kw
0,0,59,14.75,-16.36076,19.500732,1.6162217,1.0209126,0.9987686,7.1213503
1,0,60,15.0,-18.286705,3.6149025,0.50798523,1.028548,1.0,10.750676
2,0,61,15.25,-17.437935,3.5924911,0.47126693,1.0275143,1.0,9.333691
3,0,62,15.5,-17.42506,3.4098625,0.4691081,1.0275592,1.0,8.225525
4,0,63,15.75,-17.169952,3.4070015,0.46426174,1.0275115,1.0,6.2888613
5,0,64,16.0,-16.769886,3.44944,0.44855615,1.0269037,1.0,4.4590096
6,0,65,16.25,-15.726566,3.616333,0.40448153,1.0250505,1.0,2.421475
7,0,66,16.5,-13.637066,3.501892,0.31973353,1.023283,0.99999326,0.8220968
8,0,67,16.75,-10.654449,3.7641525,0.21616393,1.0181683,0.99991244,4.172325e-07
9,0,68,17.0,-7.431984,3.7817955,0.1257509,1.013839,0.99984634,0.0
10,0,69,17.25,-4.0922165,4.0216446,0.0627361,1.0091926,0.99976015,0.0
11,0,70,17.5,-0.13065338,4.3497086,0.023319095,1.0014063,0.9991797,0.0
12,0,71,17.75,2.6006699,4.482746,0.019084342,1.0,0.9957529,0.0
13,0,72,18.0,4.2181015,4.5638084,0.025068276,1.0,0.99379295,0.0
14,0,73,18.25,4.6725273,4.7979355,0.029642452,1.0,0.993105,0.0
15,0,74,18.5,4.6725273,4.7979355,0.030060127,1.0,0.99310505,0.0
16,0,75,18.75,4.6830177,4.8007965,0.029881435,1.0,0.9929839,0.0
17,0,76,19.0,4.6830177,4.8007965,0.029910149,1.0,0.99298394,0.0
18,0,77,19.25,4.7822,4.945278,0.032209035,1.0,0.9928854,0.0
19,0,78,19.5,4.781723,4.945755,0.032088093,1.0,0.9928854,0.0
20,0,79,19.75,4.5809746,4.6639442,0.030249154,1.0,0.993064,0.0
21,0,80,20.0,4.5809746,4.6639442,0.030834293,1.0,0.99306405,0.0
22,0,81,20.25,4.5542717,4.59671,0.028593037,1.0,0.9930773,0.0
23,0,82,20.5,4.5542717,4.59671,0.028627299,1.0,0.99307734,0.0
24,0,83,20.75,4.3959618,4.377842,0.025921745,1.0,0.99357396,0.0
25,0,84,21.0,4.3959618,4.3768883,0.026252002,1.0,0.9935739,0.0
26,0,85,21.25,4.2409897,4.365444,0.025889233,1.0,0.9934959,0.0
27,0,86,21.5,4.1947365,4.234314,0.02370897,1.0,0.99377996,0.0
28,0,87,21.75,4.1475296,4.160404,0.023422278,1.0,0.9939821,0.0
29,0,88,22.0,5.903721,4.2920113,0.043107815,1.0,0.98835915,0.0
30,0,89,22.25,5.903721,4.2920113,0.043492995,1.0,0.9883591,0.0
31,0,90,22.5,6.1945915,4.2390823,0.044860292,1.0,0.9882566,0.0
32,0,91,22.75,6.193638,4.2386055,0.043949537,1.0,0.9882565,0.0
33,0,92,23.0,5.3625107,3.6110878,0.031968895,1.0,0.98938113,0.0
34,0,93,23.25,4.9562454,3.3903122,0.027897703,1.0,0.99037373,0.0
35,0,94,23.5,4.8103333,3.2138824,0.0237036,1.0,0.99101907,0.0
36,0,95,23.75,4.8189163,3.297329,0.02883174,1.0,0.989919,0.0
37,1,0,0.0,4.432678,3.0112267,0.022426702,1.0,0.9908446,0.0
38,1,1,0.25,4.5671463,2.8448105,0.024514915,1.0,0.9899605,0.0
39,1,2,0.5,4.5671463,2.8448105,0.024662646,1.0,0.9899605,0.0
40,1,3,0.75,4.0507317,2.667904,0.020365514,1.0,0.99100745,0.0
41,1,4,1.0,3.8733482,2.5753975,0.016893847,1.0,0.9916414,0.0
42,1,5,1.25,3.5848618,2.453804,0.01270866,1.0,0.99285847,0.0
43,1,6,1.5,3.382206,2.2630692,0.010238961,1.0,0.9936581,0.0
44,1,7,1.75,3.382206,2.2630692,0.009998828,1.0,0.9936581,0.0
45,1,8,2.0,3.4704208,2.2559166,0.011205224,1.0,0.99339867,0.0
46,1,9,2.25,3.5824776,2.301693,0.013248731,1.0,0.99281996,0.0
47,1,10,2.5,3.5829544,2.3021698,0.013524864,1.0,0.99282,0.0
48,1,11,2.75,3.5824776,2.3026466,0.013775314,1.0,0.9928201,0.0
49,1,12,3.0,3.5824776,2.3026466,0.0137752555,1.0,0.9928201,0.0
50,1,13,3.25,3.4632683,2.2220612,0.013549572,1.0,0.9923667,0.0
51,1,14,3.5,3.4632683,2.2211075,0.013748173,1.0,0.9923667,0.0
52,1,15,3.75,3.276825,2.2568703,0.013229756,1.0,0.99287325,0.0
53,1,16,4.0,3.276825,2.257824,0.013426204,1.0,0.99287325,0.0
54,1,17,4.25,3.276825,2.257824,0.01294467,1.0,0.99287325,0.0
55,1,18,4.5,3.5300255,2.3827553,0.01501551,1.0,0.99248135,0.0
56,1,19,4.75,3.5300255,2.3827553,0.014980688,1.0,0.99248135,0.0
57,1,20,5.0,3.8905144,2.5496483,0.016945487,1.0,0.9918916,0.0
58,1,21,5.25,3.8905144,2.5486946,0.017295586,1.0,0.9918916,0.0
59,1,22,5.5,3.8900375,2.5482178,0.01746783,1.0,0.9918916,0.0
60,1,23,5.75,4.517555,2.8266907,0.023480188,1.0,0.9912537,0.0
61,1,24,6.0,4.517555,2.8276443,0.023159312,1.0,0.9912537,0.0
62,1,25,6.25,4.580021,3.0784607,0.023990186,1.0,0.99117494,0.0
63,1,26,6.5,2.4094582,3.0908585,0.010726242,1.0,0.9954311,0.0
64,1,27,6.75,-0.6752014,3.0670166,0.012344419,1.0011698,0.9996242,0.0
65,1,28,7.0,-4.2071342,3.0727386,0.04331814,1.0062991,0.99983835,0.0
66,1,29,7.25,-7.1792603,3.170967,0.09663916,1.0115224,0.9998901,1.1920929e-07
67,1,30,7.5,-10.030746,3.2310486,0.16504619,1.0157832,0.99994254,0.0
68,1,31,7.75,-12.399197,3.3335686,0.23992173,1.020637,0.9999819,0.0
69,1,32,8.0,-14.32991,3.4089088,0.30386308,1.022225,1.0,0.0
70,1,33,8.25,-16.318321,3.5448074,0.38503507,1.0242033,1.0,0.0
71,1,34,8.5,-17.42506,3.7975311,0.43666038,1.0263327,1.0,0.0
72,1,35,8.75,-18.990517,3.870964,0.51364166,1.029336,1.0,0.0
73,1,36,9.0,-20.476818,3.9095879,0.59495026,1.0313209,1.0,0.0
74,1,37,9.25,-21.310806,4.2123795,0.63948125,1.0318547,1.0,0.0
75,1,38,9.5,-21.861076,4.4546127,0.6683485,1.0323358,1.0,0.1517415
76,1,39,9.75,-21.970749,4.5399666,0.67450154,1.0329969,1.0,0.5888171
77,1,40,10.0,-22.62497,4.7655106,0.71128833,1.033457,1.0,1.3425717
78,1,41,10.25,-23.024559,4.7721863,0.74183846,1.0342625,1.0,1.4014649
79,1,42,10.5,-22.294044,5.17416,0.69816273,1.0327318,1.0,1.4686742
80,1,43,10.75,-22.123814,4.576683,0.6718528,1.0322542,1.0,4.877591
81,1,44,11.0,-21.060467,4.415989,0.60710895,1.0314492,1.0,5.2826056
82,1,45,11.25,-20.003796,4.310131,0.5424854,1.0289365,1.0,5.5437045
83,1,46,11.5,-17.656326,4.1747093,0.4225648,1.0247492,1.0,9.18804
84,1,47,11.75,-16.949654,4.1279793,0.39337483,1.0242993,1.0,10.695396
85,1,48,12.0,-19.00816,4.278183,0.51641184,1.0297905,1.0,13.221888
86,1,49,12.25,-18.8241,4.122734,0.51743025,1.0301696,1.0,14.501183
87,1,50,12.5,-18.517017,4.2324066,0.5102491,1.0298657,1.0,14.043245
88,1,51,12.75,-21.44146,4.0664673,0.6554928,1.0341512,1.0,14.720594
89,1,52,13.0,-25.309086,4.98724,0.92317283,1.0386497,1.0,14.736397
90,1,53,13.25,-24.532795,8.644581,0.9565505,1.0360272,0.9998014,13.594921
91,1,54,13.5,-24.626732,5.73349,0.9041447,1.0396518,1.0,12.887854
92,1,55,13.75,-24.15514,7.871628,0.9277067,1.0376611,0.9998555,12.034685
93,1,56,14.0,-24.018288,6.0782433,0.8726623,1.0388784,0.9999962,10.7560425
94,1,57,14.25,-23.725033,6.7367554,0.86883503,1.0389678,0.99993765,9.219933
95,1,58,14.5,-22.96114,6.225109,0.8098814,1.0380232,0.99996316,8.169783
96,1,59,14.75,-22.745132,5.806446,0.7881159,1.0379355,0.9999923,6.648715
97,1,60,15.0,-22.377491,5.8732033,0.77658564,1.0388585,0.99997956,4.75038
98,1,61,15.25,-21.873474,6.0477257,0.7563094,1.0376877,0.9999555,3.3110685
99,1,62,15.5,-20.328522,5.485058,0.65663457,1.0349815,0.9999693,2.4890177
100,1,63,15.75,-19.073486,4.4164658,0.5615086,1.0323894,1.0,1.264286
101,1,64,16.0,-17.09652,3.6702156,0.45558742,1.0284234,1.0,0.3785696
102,1,65,16.25,-14.6455765,3.3974648,0.34818542,1.024593,1.0,0.0
103,1,66,16.5,-11.881828,3.5352707,0.24452573,1.0203205,0.99995536,0.0
104,1,67,16.75,-9.137154,3.3817291,0.15584542,1.0151684,0.99991256,2.3841858e-07
105,1,68,17.0,-5.5999756,3.5157204,0.07506344,1.0094465,0.99983084,2.3841858e-07
106,1,69,17.25,-1.9397736,3.689289,0.026473543,1.003266,0.9997437,5.9604645e-08
107,1,70,17.5,1.6918182,3.9048195,0.016921753,1.0,0.99428374,5.9604645e-08
108,1,71,17.75,3.8051605,3.8466454,0.024851607,1.0,0.99099797,0.0
109,1,72,18.0,5.818367,4.175663,0.043768387,1.0,0.98754656,4.4703484e-08
110,1,73,18.25,7.543564,4.5576096,0.06985495,1.0,0.9846861,0.0
111,1,74,18.5,7.528305,4.5084953,0.06712885,1.0,0.98508924,0.0
112,1,75,18.75,7.663727,4.4574738,0.07190744,1.0,0.9839955,0.0
113,1,76,19.0,7.616997,4.5785904,0.06681994,1.0,0.98489136,0.0
114,1,77,19.25,7.364273,4.4374466,0.058247395,1.0,0.9863132,0.0
115,1,78,19.5,7.674217,4.521847,0.061847676,1.0,0.9857644,0.0
116,1,79,19.75,7.6265335,4.4956207,0.06102456,1.0,0.98610175,0.0
117,1,80,20.0,7.340431,4.45652,0.057038277,1.0,0.9868302,0.0
118,1,81,20.25,7.288933,4.368305,0.05422802,1.0,0.9873302,0.0
119,1,82,20.5,7.522583,4.5371056,0.059311204,1.0,0.98705953,0.0
120,1,83,20.75,8.769989,4.992485,0.08334325,1.0,0.9847932,0.0
121,1,84,21.0,8.769512,4.9934387,0.083258316,1.0,0.9847932,0.0
122,1,85,21.25,8.368969,4.9648285,0.07275661,1.0,0.9859405,0.0
123,1,86,21.5,8.400917,4.883766,0.07676685,1.0,0.98472816,0.0
124,1,87,21.75,8.400917,4.883766,0.07712134,1.0,0.9847281,0.0
125,1,88,22.0,8.400917,4.883766,0.0771278,1.0,0.98472804,0.0
126,1,89,22.25,8.171082,4.5666695,0.06769245,1.0,0.98588294,0.0
127,1,90,22.5,7.6580048,4.4059753,0.060647994,1.0,0.9861109,0.0
128,1,91,22.75,7.1310997,4.122257,0.04896941,1.0,0.98826146,0.0
129,1,92,23.0,6.8969727,3.9672852,0.04422646,1.0,0.98906505,0.0
130,1,93,23.25,6.295204,3.4389496,0.03560972,1.0,0.99034584,0.0
131,1,94,23.5,6.03199,3.2448769,0.031169321,1.0,0.9908708,0.0
132,1,95,23.75,6.03199,3.2448769,0.031373337,1.0,0.99087083,0.0
133,2,0,0.0,5.690098,3.1738281,0.029635627,1.0,0.9911863,0.0
134,2,1,0.25,5.628109,3.1366348,0.030157195,1.0,0.99097496,0.0
135,2,2,0.5,5.170822,2.9377937,0.02425388,1.0,0.9919512,0.0
136,2,3,0.75,4.671097,2.819538,0.021524953,1.0,0.9924389,0.0
137,2,4,1.0,4.41885,2.6111603,0.01749321,1.0,0.99334407,0.0
138,2,5,1.25,4.41885,2.612114,0.017507922,1.0,0.993344,0.0
139,2,6,1.5,4.419327,2.6125908,0.017367642,1.0,0.99334407,0.0
140,2,7,1.75,4.096508,2.4027824,0.0140704,1.0,0.9938908,0.0
141,2,8,2.0,4.096031,2.4032593,0.013763365,1.0,0.9938908,0.0
142,2,9,2.25,4.0950775,2.4027824,0.013861278,1.0,0.9938908,0.0
143,2,10,2.5,3.704071,2.2468567,0.010502979,1.0,0.994489,0.0
144,2,11,2.75,3.9496422,2.4032593,0.013938574,1.0,0.99358225,0.0
145,2,12,3.0,3.9496422,2.404213,0.013849021,1.0,0.99358225,0.0
146,2,13,3.25,3.8051605,2.400875,0.01128433,1.0,0.9940646,0.0
147,2,14,3.5,3.8056374,2.401352,0.011364973,1.0,0.9940646,0.0
148,2,15,3.75,3.909111,2.2702217,0.012761892,1.0,0.9936665,0.0
149,2,16,4.0,3.909111,2.2702217,0.012902874,1.0,0.9936665,0.0
150,2,17,4.25,3.7837029,2.2473335,0.0109786345,1.0,0.99437934,0.0
151,2,18,4.5,3.7837029,2.2473335,0.010877768,1.0,0.99437934,0.0
152,2,19,4.75,3.7903786,2.298832,0.010648091,1.0,0.99483275,0.0
153,2,20,5.0,3.7908554,2.298355,0.010604115,1.0,0.9948328,0.0
154,2,21,5.25,3.868103,2.4175644,0.012131364,1.0,0.9945547,0.0
155,2,22,5.5,3.8676262,2.418518,0.011274482,1.0,0.99455464,0.0
156,2,23,5.75,4.146099,2.5610924,0.01419535,1.0,0.99425906,0.0
157,2,24,6.0,4.4112206,2.6726723,0.015136917,1.0,0.9937423,0.0
158,2,25,6.25,4.357815,2.9468536,0.018309202,1.0,0.993655,0.0
159,2,26,6.5,3.247261,3.1399727,0.012883483,1.0,0.9944678,0.0
160,2,27,6.75,0.71525574,3.2281876,0.009998534,1.0,0.9975514,0.0
161,2,28,7.0,-2.6025772,3.1642914,0.030510928,1.0069449,0.99979895,0.0
162,2,29,7.25,-5.7849884,3.2582283,0.07275579,1.0121608,0.99985516,0.0
163,2,30,7.5,-8.345127,3.4484863,0.12803636,1.0160463,0.99989134,0.0
164,2,31,7.75,-10.688782,3.56102,0.19187398,1.0195314,0.9999293,1.1920929e-07
165,2,32,8.0,-13.128757,3.6501884,0.2703024,1.0236262,0.99997115,0.0
166,2,33,8.25,-15.469551,3.622055,0.36310613,1.0288035,1.0,0.0
167,2,34,8.5,-17.977715,3.7202835,0.4739829,1.0329047,1.0,0.0
168,2,35,8.75,-19.900322,4.29821,0.5906792,1.0368215,1.0,0.0
169,2,36,9.0,-21.503448,5.4216385,0.70410967,1.0383596,0.99999803,0.14571142
170,2,37,9.25,-22.157192,6.093502,0.75731426,1.0369471,0.99995744,0.79349613
171,2,38,9.5,-23.478031,5.666733,0.83563966,1.0401719,1.0,0.98389196
172,2,39,9.75,-24.25003,7.2460175,0.93641365,1.0416226,0.99990743,1.2193284
173,2,40,10.0,-24.259567,7.631302,0.9622779,1.0424784,0.99987686,1.4909172
174,2,41,10.25,-24.478436,7.7929497,0.98185986,1.0422966,0.99986833,1.7590647
175,2,42,10.5,-24.690628,7.9550743,1.0015024,1.0436654,0.9998597,1.8445139
176,2,43,10.75,-23.610115,8.37183,0.9276448,1.0397532,0.9998046,1.9172859
177,2,44,11.0,-21.942616,6.586075,0.7549445,1.0374936,0.9999139,4.89416
178,2,45,11.25,-20.122051,5.9571266,0.61679256,1.0330058,0.99992734,5.9276867
179,2,46,11.5,-17.544746,4.6229362,0.4386102,1.0277787,0.99998224,6.242062
180,2,47,11.75,-15.389442,4.005432,0.32415363,1.022004,0.99998826,6.4564824
181,2,48,12.0,-16.020775,4.009247,0.35723996,1.025146,1.0,6.574164
182,2,49,12.25,-15.193939,4.175663,0.3224425,1.0217149,0.9999707,11.435316
183,2,50,12.5,-16.263008,4.180908,0.3610795,1.0219057,0.9999918,11.170481
184,2,51,12.75,-17.499447,4.005432,0.41248888,1.0222882,1.0,11.053322
185,2,52,13.0,-22.050858,4.0130615,0.7116627,1.0433164,1.0,12.072649
186,2,53,13.25,-21.07811,7.889271,0.76296544,1.0385017,0.99979216,11.33994
187,2,54,13.5,-21.080494,5.980015,0.6923139,1.0401524,0.99994487,10.061749
188,2,55,13.75,-24.08266,6.7253113,0.9153576,1.0418236,0.9999457,9.745224
189,2,56,14.0,-23.68784,7.839203,0.9167346,1.0406806,0.9998488,8.721551
190,2,57,14.25,-23.261547,6.9470406,0.8665072,1.0410135,0.9999114,7.5173273
191,2,58,14.5,-21.895885,6.910801,0.77556866,1.0374752,0.9998869,6.3029327
192,2,59,14.75,-20.928383,5.4736137,0.66135055,1.0356221,0.9999823,5.076553
193,2,60,15.0,-19.866467,5.01585,0.5872396,1.0345628,0.9999975,4.1017337
194,2,61,15.25,-18.859863,5.004883,0.52443707,1.0319905,0.9999781,2.9399457
195,2,62,15.5,-17.960072,4.266262,0.457932,1.029613,1.0,1.9008837
196,2,63,15.75,-16.409874,3.9892197,0.37816703,1.0258178,1.0,0.7310953
197,2,64,16.0,-14.823437,4.119873,0.31833047,1.0238687,0.99996763,2.3841858e-07
198,2,65,16.25,-11.730671,4.131794,0.20959997,1.0177335,0.99990463,0.0
199,2,66,16.5,-8.473396,4.1737556,0.12376642,1.0117188,0.99983585,2.3841858e-07
200,2,67,16.75,-5.741596,4.1828156,0.07263734,1.007207,0.99978036,0.0
201,2,68,17.0,-3.1032562,4.3969154,0.043367043,1.0034525,0.9997104,0.0
202,2,69,17.25,-1.0142326,4.369259,0.029003153,1.0008491,0.9991114,1.1920929e-07
203,2,70,17.5,0.9331703,4.4984818,0.024328409,1.0,0.99681705,0.0
204,2,71,17.75,3.3154488,4.6100616,0.028205978,1.0,0.9943145,0.0
205,2,72,18.0,4.82893,4.8737526,0.038444623,1.0,0.99268514,1.4901161e-08
206,2,73,18.25,5.43499,5.135536,0.048937336,1.0,0.9918411,0.0
207,2,74,18.5,6.0276985,5.414486,0.056047916,1.0,0.99133503,0.0
208,2,75,18.75,6.340027,5.4807663,0.05629222,1.0,0.9911472,0.0
209,2,76,19.0,5.8579445,5.311966,0.05253983,1.0,0.99173105,0.0
210,2,77,19.25,5.8579445,5.311966,0.052377734,1.0,0.9917311,0.0
211,2,78,19.5,6.0915947,5.1927567,0.051920548,1.0,0.9916171,0.0
212,2,79,19.75,5.7559013,5.009651,0.046969756,1.0,0.99201655,0.0
213,2,80,20.0,6.173134,5.308628,0.05355408,1.0,0.991411,0.0
214,2,81,20.25,6.0043335,4.8975945,0.045036558,1.0,0.9919949,0.0
215,2,82,20.5,7.9655647,5.1670074,0.083254404,1.0,0.9841761,0.0
216,2,83,20.75,8.80909,5.209446,0.10391084,1.0,0.9810577,0.0
217,2,84,21.0,8.814335,5.2342415,0.10722109,1.0,0.9805642,0.0
218,2,85,21.25,8.347511,4.963875,0.09950002,1.0,0.98121893,0.0
219,2,86,21.5,7.894039,4.6310425,0.08595059,1.0,0.9825629,0.0
220,2,87,21.75,7.9488754,4.571438,0.0843361,1.0,0.98267645,0.0
221,2,88,22.0,7.660389,4.4589043,0.07383814,1.0,0.9838651,0.0
222,2,89,22.25,7.3633194,4.34494,0.07360513,1.0,0.9837198,0.0
223,2,90,22.5,7.03001,4.239559,0.06740541,1.0,0.9844852,0.0
224,2,91,22.75,6.4964294,3.929615,0.05825166,1.0,0.9856206,0.0
225,2,92,23.0,6.588459,3.6754608,0.057024308,1.0,0.9860118,0.0
226,2,93,23.25,6.3910484,3.4823418,0.053106625,1.0,0.9859924,0.0
227,2,94,23.5,6.3900948,3.4823418,0.053661868,1.0,0.98599243,0.0
228,2,95,23.75,5.9814453,3.1700134,0.04463349,1.0,0.9871116,0.0
229,3,0,0.0,5.352974,2.9053688,0.03216512,1.0,0.98905134,0.0
230,3,1,0.25,5.352497,2.904892,0.03221504,1.0,0.98905134,0.0
231,3,2,0.5,5.352497,2.9039383,0.032246146,1.0,0.98905134,0.0
232,3,3,0.75,4.6668053,2.4724007,0.026381621,1.0,0.9896822,0.0
233,3,4,1.0,4.667282,2.4728775,0.026517995,1.0,0.9896822,0.0
234,3,5,1.25,4.667282,2.474308,0.027249971,1.0,0.9896822,0.0
235,3,6,1.5,4.668236,2.4747849,0.02712193,1.0,0.9896822,0.0
236,3,7,1.75,4.447937,2.3274422,0.025371984,1.0,0.9894967,0.0
237,3,8,2.0,4.447937,2.3283958,0.025269236,1.0,0.9894967,0.0
238,3,9,2.25,4.283428,2.117157,0.021081468,1.0,0.99049747,0.0
239,3,10,2.5,4.2824745,2.1166801,0.02139945,1.0,0.9904975,0.0
240,3,11,2.75,4.134178,2.2268295,0.021424942,1.0,0.990436,0.0
241,3,12,3.0,4.1337013,2.2263527,0.022097697,1.0,0.990436,0.0
242,3,13,3.25,4.1337013,2.2263527,0.022199245,1.0,0.990436,0.0
243,3,14,3.5,3.90625,2.2177696,0.020136854,1.0,0.9903036,0.0
244,3,15,3.75,3.9057732,2.216816,0.020140424,1.0,0.9903036,0.0
245,3,16,4.0,3.9057732,2.2158623,0.019848803,1.0,0.9903036,0.0
246,3,17,4.25,3.985405,2.2125244,0.023122206,1.0,0.9899162,0.0
247,3,18,4.5,3.985405,2.2125244,0.022802405,1.0,0.98991627,0.0
248,3,19,4.75,4.163265,2.277851,0.021612033,1.0,0.9902781,0.0
249,3,20,5.0,4.163265,2.277851,0.021616634,1.0,0.9902781,0.0
250,3,21,5.25,4.163265,2.277851,0.02191765,1.0,0.9902781,0.0
251,3,22,5.5,4.6024323,2.5792122,0.026596013,1.0,0.9896288,0.0
252,3,23,5.75,4.9214363,2.8085709,0.031259656,1.0,0.9887545,0.0
253,3,24,6.0,4.921913,2.8090477,0.031545565,1.0,0.9887545,0.0
254,3,25,6.25,4.4288635,2.892971,0.030912321,1.0,0.9885758,0.0
255,3,26,6.5,2.2768974,2.9034615,0.017663322,1.0,0.9919115,0.0
256,3,27,6.75,-1.1482239,2.9387474,0.013862591,1.0011679,0.99785453,0.0
257,3,28,7.0,-4.7693253,2.99263,0.04147907,1.0063252,0.9998561,0.0
258,3,29,7.25,-7.5383186,3.1371117,0.08946005,1.0121146,0.99990004,0.0
259,3,30,7.5,-10.607243,3.1991005,0.16120903,1.017396,0.99995667,0.0
260,3,31,7.75,-13.558865,3.2782555,0.25231624,1.020989,1.0,0.0
261,3,32,8.0,-17.135143,3.2877922,0.38877875,1.0273803,1.0,0.0
262,3,33,8.25,-20.040989,3.1294823,0.53471696,1.0339353,1.0,0.31130266
263,3,34,8.5,-21.59071,3.8995743,0.6295699,1.0356528,1.0,0.812294
264,3,35,8.75,-22.91441,4.3706894,0.72984815,1.040003,1.0,1.1949115
265,3,36,9.0,-23.035526,6.231308,0.78500456,1.0382316,0.9999642,1.7749853
266,3,37,9.25,-23.847103,5.4297447,0.81488353,1.0409869,1.0,2.2520714
267,3,38,9.5,-24.537563,6.7572594,0.9210056,1.0443914,0.9999523,2.7923546
268,3,39,9.75,-24.659634,7.7643394,0.98557,1.0446743,0.9998743,3.488721
269,3,40,10.0,-25.49839,7.7323914,1.0448017,1.046816,0.9998938,4.9207907
270,3,41,10.25,-25.846004,8.800983,1.1161228,1.0468863,0.99981534,8.215308
271,3,42,10.5,-25.378704,8.926868,1.0852984,1.0450038,0.99979585,9.259832
272,3,43,10.75,-24.596214,8.132458,0.98401916,1.0426811,0.9998436,9.837634
273,3,44,11.0,-23.582935,7.3547363,0.8812924,1.040347,0.9998854,14.40075
274,3,45,11.25,-22.325993,6.462097,0.7592363,1.0367001,0.99993145,15.49155
275,3,46,11.5,-20.749092,5.2375793,0.62287503,1.0326903,0.9999975,21.318514
276,3,47,11.75,-19.526005,4.204273,0.53092486,1.0296763,1.0,22.145447
277,3,48,12.0,-18.679142,3.4542084,0.47382316,1.0276448,1.0,22.429697
278,3,49,12.25,-18.03255,3.6654472,0.43869507,1.0255693,1.0,21.810574
279,3,50,12.5,-17.707825,3.6230087,0.4237301,1.0252727,1.0,21.117855
280,3,51,12.75,-18.379211,3.6010742,0.45341694,1.0268365,1.0,20.510532
281,3,52,13.0,-20.326138,3.6091805,0.5611957,1.0312699,1.0,20.585402
282,3,53,13.25,-19.834042,3.8580894,0.5364143,1.0301043,1.0,19.618036
283,3,54,13.5,-19.607067,3.5557747,0.5147848,1.0297009,1.0,18.51295
284,3,55,13.75,-19.617558,3.6373138,0.5160442,1.0296906,1.0,17.629194
285,3,56,14.0,-20.054817,3.7250519,0.5394118,1.0305117,1.0,16.264679
286,3,57,14.25,-22.76373,3.909111,0.7110822,1.0374194,1.0,15.039531
287,3,58,14.5,-23.927212,6.134033,0.8649253,1.0424253,0.99999,14.278256
288,3,59,14.75,-25.508404,7.730961,1.0122293,1.0443277,0.99989414,12.73806
289,3,60,15.0,-25.96283,8.800983,1.0822797,1.0446453,0.9998177,10.775279
290,3,61,15.25,-25.617123,8.882999,1.0640519,1.0444101,0.9998042,8.315346
291,3,62,15.5,-25.009632,8.571148,1.0102752,1.043731,0.99981683,6.232188
292,3,63,15.75,-23.365974,8.241653,0.87722087,1.0385671,0.9998101,3.9141731
293,3,64,16.0,-21.549702,6.151676,0.6944251,1.0364193,0.9999406,2.606568
294,3,65,16.25,-18.97192,5.3949356,0.5366856,1.0305133,0.9999492,1.3915284
295,3,66,16.5,-16.532421,4.114628,0.40564337,1.0280813,1.0,0.5106678
296,3,67,16.75,-12.704372,4.096985,0.2553654,1.0205079,0.9999269,1.1920929e-07
297,3,68,17.0,-8.847713,4.0211678,0.13865879,1.0141102,0.9998556,1.1920929e-07
298,3,69,17.25,-5.391121,4.0097237,0.06968423,1.008658,0.99978715,0.0
299,3,70,17.5,-1.5869141,4.014015,0.024482723,1.002054,0.99971074,0.0
300,3,71,17.75,1.7094612,4.0192604,0.015848724,1.0,0.99665296,0.0
301,3,72,18.0,3.9286613,4.3673515,0.027888862,1.0,0.9932411,0.0
302,3,73,18.25,4.5256615,4.6482086,0.03631661,1.0,0.99216485,0.0
303,3,74,18.5,4.6954155,4.8532486,0.040630016,1.0,0.9915995,0.0
304,3,75,18.75,4.8470497,4.709244,0.037601203,1.0,0.99158263,0.0
305,3,76,19.0,5.288124,4.8532486,0.041030288,1.0,0.99101466,0.0
306,3,77,19.25,5.393505,5.113125,0.045812763,1.0,0.9907697,0.0
307,3,78,19.5,5.393982,5.1136017,0.045697037,1.0,0.9907696,0.0
308,3,79,19.75,5.3081512,5.252838,0.0469875,1.0,0.99060905,0.0
309,3,80,20.0,5.1722527,5.086899,0.04629112,1.0,0.99063766,0.0
310,3,81,20.25,5.5155754,5.3987503,0.05330969,1.0,0.98973536,0.0
311,3,82,20.5,6.559849,5.5418015,0.071421504,1.0,0.9877945,0.0
312,3,83,20.75,6.5107346,5.5704117,0.06913008,1.0,0.98794544,0.0
313,3,84,21.0,7.1172714,5.701542,0.078739144,1.0,0.9871078,0.0
314,3,85,21.25,8.106709,5.549431,0.08859644,1.0,0.9866199,0.0
315,3,86,21.5,8.939743,5.458355,0.10612766,1.0,0.98380417,0.0
316,3,87,21.75,8.425236,5.1174164,0.09506141,1.0,0.9845031,0.0
317,3,88,22.0,8.613586,5.167961,0.09807418,1.0,0.983926,0.0
318,3,89,22.25,8.369446,5.0764084,0.093011096,1.0,0.9843048,0.0
319,3,90,22.5,8.21209,4.916668,0.08796066,1.0,0.98446435,0.0
320,3,91,22.75,7.551193,4.6958923,0.07368795,1.0,0.9860338,0.0
321,3,92,23.0,7.0056915,4.327297,0.06417001,1.0,0.9866281,0.0
322,3,93,23.25,6.7243576,4.1031837,0.055446237,1.0,0.98796403,0.0
323,3,94,23.5,6.427765,3.9572716,0.054571237,1.0,0.9877171,0.0
324,3,95,23.75,6.426811,3.9567947,0.05389325,1.0,0.9877171,0.0
325,4,0,0.0,5.625725,3.5796165,0.04043428,1.0,0.98961115,0.0
326,4,1,0.25,5.094528,3.2920837,0.03238656,1.0,0.9904597,0.0
327,4,2,0.5,4.778385,3.1471252,0.029292336,1.0,0.99121064,0.0
328,4,3,0.75,4.778385,3.1471252,0.029289134,1.0,0.99121064,0.0
329,4,4,1.0,4.501343,3.1375885,0.02706435,1.0,0.9913854,0.0
330,4,5,1.25,4.2533875,2.8734207,0.021887127,1.0,0.992212,0.0
331,4,6,1.5,4.058361,2.7804375,0.018913506,1.0,0.99287903,0.0
332,4,7,1.75,4.0106773,2.7332306,0.018999366,1.0,0.99227595,0.0
333,4,8,2.0,4.0102005,2.7337074,0.019342195,1.0,0.9922759,0.0
334,4,9,2.25,4.0097237,2.7332306,0.018645631,1.0,0.9922758,0.0
335,4,10,2.5,4.0102005,2.7337074,0.019034168,1.0,0.9922757,0.0
336,4,11,2.75,4.0097237,2.7332306,0.018646883,1.0,0.99227566,0.0
337,4,12,3.0,4.0102005,2.7337074,0.019077845,1.0,0.9922756,0.0
338,4,13,3.25,3.774643,2.5892258,0.017532803,1.0,0.9925738,0.0
339,4,14,3.5,3.774643,2.5892258,0.017720457,1.0,0.9925738,0.0
340,4,15,3.75,3.56102,2.4089813,0.012913129,1.0,0.99341244,0.0
341,4,16,4.0,3.56102,2.4080276,0.013697871,1.0,0.99341244,0.0
342,4,17,4.25,3.3140182,2.2974014,0.011033237,1.0,0.9943728,0.0
343,4,18,4.5,3.3140182,2.2974014,0.010578784,1.0,0.9943728,0.0
344,4,19,4.75,3.3140182,2.2974014,0.010505559,1.0,0.9943728,0.0
345,4,20,5.0,3.9019585,2.7389526,0.017901624,1.0,0.9932324,0.0
346,4,21,5.25,3.9014816,2.7394295,0.017767971,1.0,0.99323237,0.0
347,4,22,5.5,3.900528,2.7394295,0.01734468,1.0,0.9932324,0.0
348,4,23,5.75,3.9548874,2.9129982,0.01844711,1.0,0.9931811,0.0
349,4,24,6.0,3.9544106,2.9125214,0.018194772,1.0,0.99318105,0.0
350,4,25,6.25,3.4046173,3.2725334,0.016669014,1.0,0.9939801,1.4901161e-08
351,4,26,6.5,0.67043304,3.3164024,0.009551259,1.0,0.9977943,0.0
352,4,27,6.75,-2.8996468,3.3450127,0.02678015,1.0043535,0.99979043,0.0
353,4,28,7.0,-6.532192,3.3988953,0.07667608,1.010542,0.9998589,0.0
354,4,29,7.25,-10.075569,3.4265518,0.15480624,1.0162202,0.9999278,0.0
355,4,30,7.5,-13.391972,3.5300255,0.25919905,1.0220653,0.99998605,0.0
356,4,31,7.75,-16.794205,3.5772324,0.3956759,1.0284847,1.0,0.0
357,4,32,8.0,-19.862175,3.4632683,0.53361106,1.0334929,1.0,0.0
358,4,33,8.25,-23.262978,4.228592,0.73188984,1.0399572,1.0,0.0
359,4,34,8.5,-24.91808,6.5660477,0.8991721,1.0409477,0.9999754,0.54860115
360,4,35,8.75,-27.541637,7.244587,1.1217662,1.0471542,0.999974,0.92636824
361,4,36,9.0,-29.159546,10.437965,1.3786987,1.0485337,0.9997513,1.3916388
362,4,37,9.25,-31.211853,10.894299,1.5976312,1.0547578,0.99975634,1.6284375
363,4,38,9.5,-31.562805,14.778614,1.8370591,1.0523286,0.999453,2.5037522
364,4,39,9.75,-31.877995,12.489319,1.7486244,1.0547259,0.9996424,3.1190386
365,4,40,10.0,-32.931328,14.847279,1.9616084,1.0553592,0.9994752,4.0290465
366,4,41,10.25,-32.583237,15.054703,1.9394445,1.053703,0.9994515,9.909835
367,4,42,10.5,-32.269,14.1887665,1.8373842,1.0522319,0.99951446,10.654205
368,4,43,10.75,-31.838417,13.764381,1.7543377,1.0512259,0.9995396,10.862951
369,4,44,11.0,-30.704498,13.120651,1.621333,1.0489365,0.9995682,11.443058
370,4,45,11.25,-26.262283,11.721134,1.1798248,1.0390341,0.9995902,11.654196
371,4,46,11.5,-22.84813,6.280899,0.7237913,1.0353012,0.9999564,11.856593
372,4,47,11.75,-19.471169,4.9552917,0.49798715,1.028003,0.9999944,12.009781
373,4,48,12.0,-18.627167,3.9229393,0.431439,1.0269113,1.0,12.179878
374,4,49,12.25,-20.518303,4.0555,0.5773051,1.0401319,1.0,16.585373
375,4,50,12.5,-22.427559,6.558895,0.7932546,1.0455418,0.99992573,18.433712
376,4,51,12.75,-25.360107,9.138107,1.0702542,1.0455399,0.9997786,21.343311
377,4,52,13.0,-24.745941,9.142399,1.0396177,1.0450613,0.9997658,23.621092
378,4,53,13.25,-24.700642,8.881092,1.0262048,1.0452454,0.99978584,23.345457
379,4,54,13.5,-25.285244,9.039402,1.064429,1.0455502,0.99978495,21.083912
380,4,55,13.75,-28.492928,9.244919,1.2689319,1.0477537,0.99983335,19.490438
381,4,56,14.0,-30.426025,11.183262,1.4972547,1.047934,0.99971735,18.023518
382,4,57,14.25,-31.867981,13.037682,1.6797869,1.0481972,0.9995983,15.419155
383,4,58,14.5,-31.014442,14.0686035,1.6607715,1.0472285,0.99949867,13.661767
384,4,59,14.75,-30.867577,12.179852,1.5699738,1.0480982,0.99964666,10.935722
385,4,60,15.0,-30.242443,13.218403,1.5765824,1.0470915,0.999551,9.4330845
386,4,61,15.25,-29.151917,11.615753,1.4363313,1.0465475,0.9996571,7.6220856
387,4,62,15.5,-28.268814,11.152744,1.354757,1.045827,0.9996762,5.5738344
388,4,63,15.75,-26.664257,10.303497,1.2163804,1.0435113,0.99971175,3.5318742
389,4,64,16.0,-24.187565,8.927345,0.9950341,1.039847,0.9997717,2.1028492
390,4,65,16.25,-21.909237,6.8030357,0.7849315,1.0360028,0.99989575,0.6593995
391,4,66,16.5,-18.604279,5.2900314,0.5564615,1.0310189,0.9999501,3.5762787e-07
392,4,67,16.75,-14.42337,3.8909912,0.33424214,1.0241841,0.99997795,0.0
393,4,68,17.0,-9.428501,4.002571,0.16177353,1.015733,0.9998687,0.0
394,4,69,17.25,-4.9905777,4.173279,0.06667408,1.0065998,0.9997661,1.1920929e-07
395,4,70,17.5,-0.49495697,4.2262077,0.022699373,1.0006893,0.99914163,0.0
396,4,71,17.75,1.8863678,4.2734146,0.019494532,1.0,0.9966257,0.0
397,4,72,18.0,3.7059784,4.430294,0.02505933,1.0,0.99430823,1.4901161e-08
398,4,73,18.25,4.1856766,4.723549,0.031932026,1.0,0.99343,0.0
399,4,74,18.5,4.371643,4.917145,0.035458237,1.0,0.9931189,0.0
400,4,75,18.75,4.576206,5.147457,0.039655615,1.0,0.9926128,0.0
401,4,76,19.0,4.896641,5.212784,0.041731365,1.0,0.99227506,0.0
402,4,77,19.25,4.9290657,5.141735,0.039757956,1.0,0.9922393,0.0
403,4,78,19.5,4.9290657,5.141735,0.039432436,1.0,0.9922393,0.0
404,4,79,19.75,4.31633,4.943371,0.03608458,1.0,0.99283606,0.0
405,4,80,20.0,4.380226,5.035877,0.03711805,1.0,0.99269384,0.0
406,4,81,20.25,4.389286,5.0735474,0.03718884,1.0,0.9927705,0.0
407,4,82,20.5,4.254818,5.074024,0.037997875,1.0,0.99281657,0.0
408,4,83,20.75,4.254818,5.074024,0.03764867,1.0,0.99281657,0.0
409,4,84,21.0,4.0864944,5.010605,0.034655277,1.0,0.9931367,0.0
410,4,85,21.25,4.0864944,5.010605,0.03512983,1.0,0.9931367,0.0
411,4,86,21.5,4.0864944,5.010605,0.03529455,1.0,0.9931367,0.0
412,4,87,21.75,3.7202835,4.7044754,0.032036945,1.0,0.9933093,0.0
413,4,88,22.0,3.7202835,4.7044754,0.032217626,1.0,0.99330926,0.0
414,4,89,22.25,3.660202,4.5280457,0.028744856,1.0,0.993518,0.0
415,4,90,22.5,3.5386086,4.225731,0.024219722,1.0,0.9939186,0.0
416,4,91,22.75,3.516674,4.263878,0.025659068,1.0,0.9939491,0.0
417,4,92,23.0,3.5161972,4.262924,0.025446279,1.0,0.9939491,0.0
418,4,93,23.25,3.3483505,3.8843155,0.019694522,1.0,0.9944616,0.0
419,4,94,23.5,3.2811165,3.7426949,0.01860438,1.0,0.99456394,0.0
420,4,95,23.75,3.1237602,3.6096573,0.017073438,1.0,0.9949378,0.0
421,5,0,0.0,3.1237602,3.610611,0.016083723,1.0,0.9949378,0.0
422,5,1,0.25,3.124714,3.6110878,0.01708053,1.0,0.9949378,0.0
423,5,2,0.5,3.124714,3.6125183,0.016301483,1.0,0.9949378,0.0
424,5,3,0.75,2.7880669,2.998352,0.00918661,1.0,0.9956944,0.0
425,5,4,1.0,2.7880669,2.998352,0.009037447,1.0,0.9956944,0.0
426,5,5,1.25,3.1642914,2.9273033,0.011425175,1.0,0.99420255,0.0
427,5,6,1.5,4.178524,2.8085709,0.02299319,1.0,0.9906215,0.0
428,5,7,1.75,4.178524,2.8085709,0.022388063,1.0,0.9906215,0.0
429,5,8,2.0,4.094124,2.831936,0.021849178,1.0,0.99110305,0.0
430,5,9,2.25,4.094124,2.831936,0.022152089,1.0,0.9911031,0.0
431,5,10,2.5,4.094124,2.831936,0.022159657,1.0,0.9911031,0.0
432,5,11,2.75,4.058838,2.5749207,0.018254038,1.0,0.9918401,0.0
433,5,12,3.0,4.460335,2.4647713,0.021243235,1.0,0.99197024,0.0
434,5,13,3.25,4.520893,2.5439262,0.02120703,1.0,0.99213266,0.0
435,5,14,3.5,4.520893,2.54488,0.022200169,1.0,0.99213266,0.0
436,5,15,3.75,4.316807,2.436161,0.018326566,1.0,0.9924826,0.0
437,5,16,4.0,4.309654,2.482891,0.019116094,1.0,0.9925172,0.0
438,5,17,4.25,4.582882,2.4967194,0.02178701,1.0,0.99208766,0.0
439,5,18,4.5,4.7774315,2.5467873,0.023045111,1.0,0.99175876,0.0
440,5,19,4.75,5.0578117,2.6621819,0.02724561,1.0,0.9912033,0.0
441,5,20,5.0,5.057335,2.661705,0.02850662,1.0,0.99120337,0.0
442,5,21,5.25,5.6295395,3.027439,0.03960298,1.0,0.98965394,0.0
443,5,22,5.5,5.610466,2.9907227,0.038433935,1.0,0.98972875,0.0
444,5,23,5.75,5.609989,2.9902458,0.039406937,1.0,0.98972875,0.0
445,5,24,6.0,5.657673,3.042698,0.03799738,1.0,0.98954165,0.0
446,5,25,6.25,5.1198006,3.2391548,0.03364566,1.0,0.9905719,0.0
447,5,26,6.5,1.8720627,3.370285,0.0127045205,1.0,0.9950336,0.0
448,5,27,6.75,-1.2879372,3.5858154,0.018734282,1.0012591,0.9997389,0.0
449,5,28,7.0,-5.2866936,3.6883354,0.059782032,1.0080146,0.9998108,0.0
450,5,29,7.25,-8.673668,3.8294792,0.12711366,1.0143087,0.9998675,0.0
451,5,30,7.5,-12.8388405,3.7579536,0.25251576,1.0222586,0.9999567,0.0
452,5,31,7.75,-16.170502,3.771782,0.37767413,1.0275606,1.0,0.0
453,5,32,8.0,-19.630909,3.7369728,0.5367857,1.0339612,1.0,0.0
454,5,33,8.25,-22.751808,4.492283,0.73160857,1.0406195,1.0,0.17306376
455,5,34,8.5,-24.737358,6.7334175,0.9097613,1.0419604,0.9999583,0.5844569
456,5,35,8.75,-27.177334,7.5087547,1.1093218,1.0466058,0.9999455,1.0309424
457,5,36,9.0,-28.856754,10.097027,1.3487402,1.0488359,0.99977255,1.3695998
458,5,37,9.25,-30.361652,11.338711,1.5445342,1.0520065,0.9997037,1.9035954
459,5,38,9.5,-29.906273,13.594151,1.620559,1.0491767,0.99951416,2.214499
460,5,39,9.75,-31.383991,11.233807,1.6368337,1.0539275,0.99973273,2.921917
461,5,40,10.0,-31.1594,15.915394,1.8520877,1.0504434,0.9993539,3.2454991
462,5,41,10.25,-31.709194,12.268543,1.7338465,1.0548782,0.9996566,3.6820025
463,5,42,10.5,-30.020237,16.12711,1.7962092,1.0484912,0.999314,3.8790245
464,5,43,10.75,-30.400276,10.82325,1.5401212,1.0520068,0.9997457,4.300316
465,5,44,11.0,-27.916431,14.488697,1.503831,1.0445977,0.99940246,6.8350263
466,5,45,11.25,-26.652336,8.8915825,1.1224598,1.0437562,0.99982435,6.7949157
467,5,46,11.5,-21.945953,9.261131,0.8045778,1.0328915,0.9996999,6.3809066
468,5,47,11.75,-19.846916,5.091667,0.5355056,1.0301038,0.99999106,6.6468077
469,5,48,12.0,-19.17696,4.6606064,0.47871783,1.0278959,1.0,7.027117
470,5,49,12.25,-19.29617,4.7488213,0.50387007,1.032131,1.0,9.007995
471,5,50,12.5,-23.182392,5.0759315,0.751827,1.0426857,1.0,13.494936
472,5,51,12.75,-26.619434,8.435249,1.1166165,1.0476322,0.99986017,15.910879
473,5,52,13.0,-29.686928,10.724545,1.4599285,1.0479336,0.9997391,15.779606
474,5,53,13.25,-30.11322,13.2956505,1.5728205,1.0470852,0.9995422,18.749607
475,5,54,13.5,-29.816628,11.993408,1.4998295,1.0476062,0.9996403,19.11433
476,5,55,13.75,-29.817581,11.993885,1.4991513,1.0476062,0.9996403,16.55025
477,5,56,14.0,-29.744625,12.390137,1.5038098,1.0471989,0.99960715,14.668077
478,5,57,14.25,-29.559135,11.6992,1.4603851,1.047434,0.9996586,12.400505
479,5,58,14.5,-29.641151,11.81221,1.470569,1.0473301,0.99965125,10.317698
480,5,59,14.75,-29.822826,11.510372,1.471316,1.0475113,0.9996791,8.344954
481,5,60,15.0,-29.297829,11.942863,1.4477587,1.0459653,0.99963385,6.356934
482,5,61,15.25,-28.546333,10.668755,1.3363689,1.0449679,0.9997206,4.7967777
483,5,62,15.5,-26.539326,10.262966,1.165119,1.0401192,0.99971247,3.5837235
484,5,63,15.75,-25.19226,7.4796677,0.95980126,1.037608,0.9999078,2.29001
485,5,64,16.0,-23.361206,6.744385,0.817711,1.0331715,0.99992967,0.92865014
486,5,65,16.25,-20.654678,4.9352646,0.6221384,1.030527,1.0,2.3841858e-07
487,5,66,16.5,-16.956806,3.8781166,0.42368636,1.0259479,1.0,0.0
488,5,67,16.75,-13.367176,3.8027763,0.28200772,1.0206482,0.9999638,0.0
489,5,68,17.0,-9.997368,3.6349297,0.17377758,1.0162905,0.9999096,0.0
490,5,69,17.25,-5.5422783,3.8180351,0.07811864,1.0095901,0.9998055,0.0
491,5,70,17.5,-1.543045,3.6711693,0.02488587,1.0036328,0.99973714,1.1920929e-07
492,5,71,17.75,2.4271011,3.8781166,0.013540804,1.0,0.9966124,5.9604645e-08
493,5,72,18.0,4.2915344,4.0073395,0.020077052,1.0,0.99405813,0.0
494,5,73,18.25,5.1193237,4.514694,0.030620191,1.0,0.99269015,0.0
495,5,74,18.5,5.4426193,4.6920776,0.03398324,1.0,0.9923305,0.0
496,5,75,18.75,5.489826,4.7130585,0.034019854,1.0,0.99232686,0.0
497,5,76,19.0,5.384445,5.012512,0.039090607,1.0,0.9920934,0.0
498,5,77,19.25,5.8426857,5.300522,0.044499006,1.0,0.9914146,0.0
499,5,78,19.5,5.842209,5.300045,0.044413835,1.0,0.9914146,0.0
500,5,79,19.75,5.8193207,5.1116943,0.041671935,1.0,0.99176496,0.0
501,5,80,20.0,5.420208,5.2700043,0.042729124,1.0,0.9919057,0.0
502,5,81,20.25,5.420208,5.2700043,0.042671308,1.0,0.9919057,0.0
503,5,82,20.5,5.420208,5.2700043,0.042829167,1.0,0.9919057,0.0
504,5,83,20.75,5.428314,5.34153,0.045713786,1.0,0.9915323,0.0
505,5,84,21.0,5.543709,5.285263,0.04406969,1.0,0.9916271,0.0
506,5,85,21.25,5.6009293,5.325794,0.04637653,1.0,0.99128014,0.0
507,5,86,21.5,5.815983,5.537033,0.04912132,1.0,0.9909676,0.0
508,5,87,21.75,5.616665,5.428314,0.047923837,1.0,0.991436,0.0
509,5,88,22.0,5.207062,5.276203,0.044432897,1.0,0.99177593,0.0
510,5,89,22.25,4.940033,5.001068,0.038122736,1.0,0.9925456,0.0
511,5,90,22.5,4.5752525,4.7955513,0.034838747,1.0,0.9930007,0.0
512,5,91,22.75,4.2209625,4.4584274,0.028979972,1.0,0.99354815,0.0
513,5,92,23.0,3.9987564,4.254818,0.02681843,1.0,0.99361277,0.0
514,5,93,23.25,3.5853386,3.8480759,0.02093162,1.0,0.994212,0.0
515,5,94,23.5,3.5848618,3.847599,0.020842915,1.0,0.994212,0.0
516,5,95,23.75,3.1628609,3.6115646,0.018856233,1.0,0.99449575,0.0
517,6,0,0.0,3.1628609,3.6115646,0.019310627,1.0,0.9944958,0.0
518,6,1,0.25,3.1628609,3.6115646,0.019500941,1.0,0.99449587,0.0
519,6,2,0.5,2.714157,3.1266212,0.01151642,1.0,0.99524564,0.0
520,6,3,0.75,2.7151108,3.127575,0.01279154,1.0,0.99524564,0.0
521,6,4,1.0,2.5997162,3.0407906,0.011820026,1.0,0.99566376,0.0
522,6,5,1.25,2.5997162,3.0417442,0.0116193155,1.0,0.99566376,0.0
523,6,6,1.5,2.4542809,2.9096603,0.0092747705,1.0,0.9958926,0.0
524,6,7,1.75,2.4542809,2.9096603,0.009101367,1.0,0.9958925,0.0
525,6,8,2.0,2.4542809,2.9096603,0.009437017,1.0,0.9958925,0.0
526,6,9,2.25,2.4495125,2.7546883,0.00877941,1.0,0.9959069,0.0
527,6,10,2.5,2.4495125,2.7546883,0.0087680565,1.0,0.9959069,0.0
528,6,11,2.75,2.4495125,2.7546883,0.008468411,1.0,0.9959069,0.0
529,6,12,3.0,2.4495125,2.7546883,0.009304281,1.0,0.9959069,0.0
530,6,13,3.25,2.4495125,2.7546883,0.008772482,1.0,0.9959069,0.0
531,6,14,3.5,2.4495125,2.7546883,0.008927322,1.0,0.9959069,0.0
532,6,15,3.75,2.3388863,2.5362968,0.0070011374,1.0,0.9960661,0.0
533,6,16,4.0,2.3388863,2.5362968,0.006830378,1.0,0.99606603,0.0
534,6,17,4.25,2.3388863,2.5362968,0.006836606,1.0,0.99606603,0.0
535,6,18,4.5,2.3388863,2.5362968,0.00686181,1.0,0.99606603,0.0
536,6,19,4.75,1.9974709,2.295971,0.004566522,1.0,0.9966455,0.0
537,6,20,5.0,1.996994,2.2964478,0.0041939383,1.0,0.9966455,0.0
538,6,21,5.25,1.996994,2.2964478,0.0047951196,1.0,0.9966455,0.0
539,6,22,5.5,1.996994,2.2964478,0.0046930728,1.0,0.9966455,0.0
540,6,23,5.75,2.7313232,2.7809143,0.010491931,1.0,0.9948351,0.0
541,6,24,6.0,3.6878586,2.7828217,0.018672667,1.0,0.99191946,0.0
542,6,25,6.25,3.0260086,2.851963,0.013016164,1.0,0.9932766,0.0
543,6,26,6.5,0.34952164,2.9797554,0.00784063,1.0,0.9979205,0.0
544,6,27,6.75,-3.5777092,3.1046867,0.034537632,1.0057533,0.9998233,0.0
545,6,28,7.0,-7.0142746,3.2877922,0.08633628,1.0107447,0.99987745,0.0
546,6,29,7.25,-10.075092,3.4179688,0.15803345,1.0154411,0.9999284,0.0
547,6,30,7.5,-12.990475,3.5214424,0.25282684,1.0205863,0.99997884,0.0
548,6,31,7.75,-17.02547,3.481388,0.41777152,1.0288168,1.0,0.0
549,6,32,8.0,-20.420551,3.3802986,0.5944539,1.036449,1.0,0.0
550,6,33,8.25,-23.732662,5.3958893,0.83330786,1.0412303,1.0,0.0
551,6,34,8.5,-26.519299,7.633686,1.1162257,1.0468361,0.99992234,0.14293861
552,6,35,8.75,-30.009747,10.158539,1.5024247,1.0521231,0.9997909,0.48070955
553,6,36,9.0,-30.920029,14.09626,1.7824234,1.0525709,0.9994945,0.9268527
554,6,37,9.25,-31.765461,13.140202,1.8188018,1.054545,0.9995881,1.24753
555,6,38,9.5,-32.25422,15.329838,1.9921265,1.0552647,0.9994229,1.7651613
556,6,39,9.75,-32.975674,15.051842,2.0368364,1.055967,0.9994597,2.2803836
557,6,40,10.0,-32.813072,16.093254,2.071342,1.0550585,0.9993732,2.6836581
558,6,41,10.25,-32.829285,14.749527,2.0136056,1.05659,0.9994809,3.3262
559,6,42,10.5,-32.458305,16.395569,2.0665767,1.05396,0.9993418,3.8559575
560,6,43,10.75,-32.687187,14.5225525,1.9783959,1.0562353,0.9994962,7.4644914
561,6,44,11.0,-30.83992,16.668797,1.9227042,1.0499476,0.9992872,10.159589
562,6,45,11.25,-28.928757,11.651993,1.4627967,1.0473888,0.9996497,15.357166
563,6,46,11.5,-26.726246,10.734558,1.2232156,1.0437808,0.99967855,17.559504
564,6,47,11.75,-24.870396,8.630276,0.99651,1.0407032,0.99980927,22.972248
565,6,48,12.0,-23.317814,7.353306,0.830152,1.0376109,0.99988014,23.858278
566,6,49,12.25,-22.137642,6.296158,0.7210738,1.0361091,0.9999409,23.838911
567,6,50,12.5,-21.504879,5.6824684,0.66076964,1.0347108,0.9999773,22.871315
568,6,51,12.75,-26.15738,5.4416656,0.9830417,1.0464945,1.0,24.356861
569,6,52,13.0,-26.494503,10.839939,1.2312849,1.0417566,0.99966544,23.614094
570,6,53,13.25,-26.843071,8.54826,1.1297687,1.0436659,0.9998557,22.084743
571,6,54,13.5,-26.73006,9.593487,1.1708988,1.0426904,0.99976987,21.07619
572,6,55,13.75,-26.397228,8.916378,1.1184952,1.04293,0.9998173,20.15513
573,6,56,14.0,-26.397705,8.915901,1.1174184,1.04293,0.9998174,19.334171
574,6,57,14.25,-28.48816,8.995533,1.2660469,1.044411,0.99985313,17.871655
575,6,58,14.5,-29.877186,10.913849,1.4378035,1.0443364,0.9997279,16.674038
576,6,59,14.75,-29.87814,11.87706,1.4623147,1.0439018,0.9996509,14.121998
577,6,60,15.0,-30.540943,11.126518,1.5422707,1.05131,0.99972427,11.1743555
578,6,61,15.25,-30.346394,14.5254135,1.7861247,1.0532641,0.9994486,8.640362
579,6,62,15.5,-28.743744,13.58366,1.661763,1.04985,0.9994915,5.4420257
580,6,63,15.75,-27.363777,11.857986,1.424141,1.0474007,0.99960166,3.5597565
581,6,64,16.0,-24.768353,10.670662,1.1453048,1.0404589,0.9996441,2.0978782
582,6,65,16.25,-22.685528,7.7209473,0.8498781,1.0376289,0.999838,1.118223
583,6,66,16.5,-19.267082,6.526947,0.6111637,1.0305886,0.99986464,0.37782955
584,6,67,16.75,-15.71846,4.0330887,0.38187462,1.026751,0.9999926,2.3841858e-07
585,6,68,17.0,-10.948181,4.0020943,0.21009392,1.0172238,0.99989927,1.1920929e-07
586,6,69,17.25,-6.4578056,3.9801598,0.09375438,1.0093353,0.99981093,0.0
587,6,70,17.5,-1.8744469,4.237175,0.03307732,1.0031352,0.9996986,0.0
588,6,71,17.75,1.765728,4.482746,0.02093031,1.0,0.9973553,0.0
589,6,72,18.0,3.9310455,4.696369,0.028827678,1.0,0.9943985,0.0
590,6,73,18.25,4.5642853,4.793644,0.03266737,1.0,0.9936362,0.0
591,6,74,18.5,4.5642853,4.7950745,0.03334921,1.0,0.99363613,0.0
592,6,75,18.75,4.7388077,4.7650337,0.030644944,1.0,0.9936715,0.0
593,6,76,19.0,4.796028,4.992485,0.033239447,1.0,0.9934876,0.0
594,6,77,19.25,4.796505,4.992008,0.03348588,1.0,0.99348766,0.0
595,6,78,19.5,4.861355,5.2084923,0.036616474,1.0,0.99349815,0.0
596,6,79,19.75,5.24807,5.3572655,0.03923943,1.0,0.993077,0.0
597,6,80,20.0,5.2485466,5.3567886,0.03899241,1.0,0.993077,0.0
598,6,81,20.25,5.417347,5.408287,0.041655038,1.0,0.9925387,0.0
599,6,82,20.5,5.31435,5.375862,0.040013663,1.0,0.9926042,0.0
600,6,83,20.75,5.31435,5.3749084,0.040328436,1.0,0.9926042,0.0
601,6,84,21.0,5.3138733,5.3744316,0.03999735,1.0,0.9926042,0.0
602,6,85,21.25,5.3539276,5.0234795,0.0362817,1.0,0.992666,0.0
603,6,86,21.5,5.3539276,5.02491,0.036603764,1.0,0.99266607,0.0
604,6,87,21.75,5.4273605,5.1255226,0.03789918,1.0,0.9928184,0.0
605,6,88,22.0,5.4273605,5.1255226,0.037842713,1.0,0.9928184,0.0
606,6,89,22.25,5.4273605,5.1255226,0.037978046,1.0,0.9928184,0.0
607,6,90,22.5,4.8713684,4.6629906,0.031899303,1.0,0.9933967,0.0
608,6,91,22.75,4.8713684,4.6639442,0.032214526,1.0,0.99339676,0.0
609,6,92,23.0,5.050659,4.3416023,0.032246783,1.0,0.9925435,0.0
610,6,93,23.25,5.050659,4.3416023,0.03248982,1.0,0.99254346,0.0
611,6,94,23.5,4.743099,4.1151047,0.029521368,1.0,0.9928073,0.0
612,6,95,23.75,4.743576,4.1155815,0.0297371,1.0,0.9928074,0.0
613,7,0,0.0,4.2686462,3.7345886,0.022879675,1.0,0.99363005,0.0
614,7,1,0.25,4.2686462,3.7355423,0.023553126,1.0,0.99363005,0.0
615,7,2,0.5,3.818512,3.3164024,0.017713409,1.0,0.99422014,0.0
616,7,3,0.75,3.818512,3.3164024,0.017916635,1.0,0.9942202,0.0
617,7,4,1.0,3.818512,3.3164024,0.017661326,1.0,0.99422026,0.0
618,7,5,1.25,3.2758713,2.9535294,0.013813514,1.0,0.99494845,0.0
619,7,6,1.5,3.2753944,2.9530525,0.013881592,1.0,0.99494845,0.0
620,7,7,1.75,3.2753944,2.9520988,0.0140812155,1.0,0.99494845,0.0
621,7,8,2.0,2.892971,2.8262138,0.011811033,1.0,0.99533385,0.0
622,7,9,2.25,2.892971,2.8262138,0.011869055,1.0,0.99533385,0.0
623,7,10,2.5,2.892971,2.8262138,0.011877142,1.0,0.99533385,0.0
624,7,11,2.75,2.892971,2.8262138,0.011815235,1.0,0.99533385,0.0
625,7,12,3.0,2.892971,2.8262138,0.011847329,1.0,0.99533385,0.0
626,7,13,3.25,2.8066635,2.7136803,0.0100715915,1.0,0.99563634,0.0
627,7,14,3.5,2.8061867,2.714157,0.0102147935,1.0,0.99563634,0.0
628,7,15,3.75,2.8057098,2.714634,0.010127627,1.0,0.99563634,0.0
629,7,16,4.0,2.8057098,2.714634,0.010152609,1.0,0.99563634,0.0
630,7,17,4.25,2.8057098,2.714634,0.010100939,1.0,0.99563634,0.0
631,7,18,4.5,2.8057098,2.714634,0.010000756,1.0,0.99563634,0.0
632,7,19,4.75,2.4847984,2.5715828,0.009728729,1.0,0.9960394,0.0
633,7,20,5.0,2.4843216,2.5720596,0.009640542,1.0,0.9960394,0.0
634,7,21,5.25,3.9477348,2.875805,0.023537815,1.0,0.9902327,0.0
635,7,22,5.5,4.3153763,2.8891563,0.028037617,1.0,0.9885971,0.0
636,7,23,5.75,4.4174194,2.9878616,0.029363565,1.0,0.98878455,0.0
637,7,24,6.0,4.4174194,2.9878616,0.029886203,1.0,0.98878455,0.0
638,7,25,6.25,3.806591,3.1838417,0.02491876,1.0,0.98995423,0.0
639,7,26,6.5,0.79488754,3.2849312,0.013771692,1.0,0.99502444,0.0
640,7,27,6.75,-3.3268929,3.361702,0.032951612,1.0039873,0.99979764,0.0
641,7,28,7.0,-7.703781,3.3755302,0.10211844,1.0112437,0.99988425,0.0
642,7,29,7.25,-10.413647,3.6063194,0.16611698,1.0150754,0.9999202,0.0
643,7,30,7.5,-13.7887,3.6611557,0.26935774,1.0196857,0.9999836,1.1920929e-07
644,7,31,7.75,-16.279697,3.841877,0.36719033,1.0240835,1.0,0.0
645,7,32,8.0,-20.516872,3.880024,0.57603073,1.0337559,1.0,0.0
646,7,33,8.25,-22.846699,4.7621727,0.72025764,1.0366552,1.0,0.5398741
647,7,34,8.5,-24.44601,6.1187744,0.8690616,1.0411242,1.0,0.99859905
648,7,35,8.75,-25.501728,7.8835487,1.0046389,1.0411646,0.9998818,1.4008865
649,7,36,9.0,-26.821136,7.958412,1.1075603,1.0447279,0.9999025,1.5757723
650,7,37,9.25,-27.361393,9.5767975,1.2340783,1.0460325,0.99978393,1.6426344
651,7,38,9.5,-28.051853,10.191441,1.3358774,1.0495504,0.9997487,1.9205327
652,7,39,9.75,-28.657436,11.41119,1.4521505,1.049949,0.9996634,2.1774607
653,7,40,10.0,-29.370308,11.634827,1.5169271,1.0509675,0.99965996,2.3581367
654,7,41,10.25,-29.475212,12.232304,1.5618682,1.0506655,0.9996143,5.3200784
655,7,42,10.5,-28.932095,11.9867325,1.4943864,1.048804,0.999623,10.638756
656,7,43,10.75,-29.302597,11.004925,1.4565165,1.0496601,0.99970907,14.353461
657,7,44,11.0,-27.880192,11.806965,1.3701692,1.0450202,0.9996161,15.004187
658,7,45,11.25,-26.674747,9.399414,1.1320143,1.0424618,0.9997842,17.64545
659,7,46,11.5,-24.415493,8.541584,0.914333,1.0365672,0.9998072,21.037426
660,7,47,11.75,-24.25909,6.412983,0.81774294,1.0376343,0.99997425,20.596405
661,7,48,12.0,-22.746563,6.9270134,0.73346096,1.0325129,0.9999028,25.213224
662,7,49,12.25,-22.11237,5.0549507,0.6404767,1.0323884,1.0,27.578152
663,7,50,12.5,-21.474838,5.050659,0.6017013,1.0302774,1.0,28.11144
664,7,51,12.75,-23.394585,4.5018196,0.69985235,1.0315353,1.0,28.009071
665,7,52,13.0,-23.54765,4.9934387,0.71479636,1.030186,1.0,26.537184
666,7,53,13.25,-25.03872,4.445076,0.80112696,1.035781,1.0,25.75404
667,7,54,13.5,-28.527737,6.992817,1.148477,1.0462672,1.0,26.42455
668,7,55,13.75,-29.27208,12.104034,1.4210725,1.0429792,0.9996205,24.430557
669,7,56,14.0,-28.70226,9.7332,1.2629269,1.0441227,0.99979854,22.283829
670,7,57,14.25,-28.779507,10.06937,1.2915449,1.0438446,0.9997732,20.93911
671,7,58,14.5,-29.0699,10.117531,1.3159027,1.0440601,0.99977523,17.914566
